ruta,tamano_bytes,motivo
"Proyecto Host IA 3.0/CHANGELOG_HOST_AI_3.0.7.3_3.0.7.4.md",534,"copia_anidada_del_proyecto"
"Proyecto Host IA 3.0/CHANGELOG_HOST_AI_3.0.7.5_3.0.7.6.md",515,"copia_anidada_del_proyecto"
"Proyecto Host IA 3.0/CHANGELOG_HOST_AI_3.0.7.7_3.0.7.8.md",603,"copia_anidada_del_proyecto"
"Proyecto Host IA 3.0/CHANGELOG_HOST_AI_3.0.8.1_3.0.8.2.md",459,"copia_anidada_del_proyecto"
"Proyecto Host IA 3.0/CHANGELOG_HOST_AI_3.0.8.3_3.0.8.4.md",530,"copia_anidada_del_proyecto"
"Proyecto Host IA 3.0/CHANGELOG_HOST_AI_3.0.8.5_3.0.8.6.md",807,"copia_anidada_del_proyecto"
"Proyecto Host IA 3.0/CHANGELOG_HOST_AI_3.0.8.7_3.0.8.8.md",595,"copia_anidada_del_proyecto"
"Proyecto Host IA 3.0/CHANGELOG_HOST_AI_3.0_STABLE_CANDIDATE.md",331,"copia_anidada_del_proyecto"
"Proyecto Host IA 3.0/CHANGELOG_HOST_AI_3.0_STABLE_S002.md",647,"copia_anidada_del_proyecto"
"Proyecto Host IA 3.0/CHANGELOG_HOST_AI_3.5.1.md",721,"copia_anidada_del_proyecto"
"Proyecto Host IA 3.0/demo_host_ai_3.py",1179,"copia_anidada_del_proyecto"
"Proyecto Host IA 3.0/HOST_AI_3_0_STABLE_CANDIDATE.md",628,"copia_anidada_del_proyecto"
"Proyecto Host IA 3.0/HOST_AI_3_0_STABLE_S002.md",1223,"copia_anidada_del_proyecto"
"Proyecto Host IA 3.0/main.py",293,"copia_anidada_del_proyecto"
"Proyecto Host IA 3.0/VERSION.txt",77,"copia_anidada_del_proyecto"
"__pycache__/demo_host_ai_3.cpython-313.pyc",2143,"cache_python"
"__pycache__/main.cpython-313.pyc",746,"cache_python"
"TESTS/__pycache__/test_4101_auditoria_modulos.cpython-313.pyc",1043,"cache_python"
"TESTS/__pycache__/test_4102_auditoria_tests.cpython-313.pyc",926,"cache_python"
"TESTS/__pycache__/test_4103_auditoria_dependencias.cpython-313.pyc",1139,"cache_python"
"TESTS/__pycache__/test_4104_informe_final_host_ai.cpython-313.pyc",1096,"cache_python"
"TESTS/__pycache__/test_4105_clasificador_tests_historicos.cpython-313.pyc",1828,"cache_python"
"TESTS/__pycache__/test_4106_limpieza_apps_antiguas.cpython-313.pyc",1765,"cache_python"
"TESTS/__pycache__/test_4107_mapa_maestro_modulos.cpython-313.pyc",2136,"cache_python"
"TESTS/__pycache__/test_4108_cierre_tecnico_host_ai.cpython-313.pyc",1830,"cache_python"
"TESTS/__pycache__/test_4110_informe_pendientes_familia.cpython-313.pyc",2510,"cache_python"
"TESTS/__pycache__/test_4111_editor_familias_articulos.cpython-313.pyc",2903,"cache_python"
"TESTS/__pycache__/test_4112_clasificador_familias_proveedor.cpython-313.pyc",3393,"cache_python"
"TESTS/__pycache__/test_4113_cierre_catalogo_base.cpython-313.pyc",2689,"cache_python"
"TESTS/__pycache__/test_412_clasificador_articulos_restaurante.cpython-313.pyc",2148,"cache_python"
"TESTS/__pycache__/test_413_generador_codigos_articulos.cpython-313.pyc",2112,"cache_python"
"TESTS/__pycache__/test_414_importador_articulos_restaurante.cpython-313.pyc",3336,"cache_python"
"TESTS/__pycache__/test_4151_buscador_inteligente_articulos_mejorado.cpython-313.pyc",3023,"cache_python"
"TESTS/__pycache__/test_415_buscador_inteligente_articulos.cpython-313.pyc",2909,"cache_python"
"TESTS/__pycache__/test_416_alta_articulo.cpython-313.pyc",2367,"cache_python"
"TESTS/__pycache__/test_417_editor_articulos.cpython-313.pyc",2564,"cache_python"
"TESTS/__pycache__/test_418_informe_catalogo_articulos.cpython-313.pyc",2547,"cache_python"
"TESTS/__pycache__/test_419_clasificador_familias_articulos.cpython-313.pyc",4156,"cache_python"
"TESTS/__pycache__/test_421_extractor_proveedores.cpython-313.pyc",3192,"cache_python"
"TESTS/__pycache__/test_422_editor_proveedores.cpython-313.pyc",2520,"cache_python"
"TESTS/__pycache__/test_423_informe_proveedores.cpython-313.pyc",2690,"cache_python"
"TESTS/__pycache__/test_4310_historial_movimientos_stock.cpython-313.pyc",3068,"cache_python"
"TESTS/__pycache__/test_43111_plantilla_inventario.cpython-313.pyc",2177,"cache_python"
"TESTS/__pycache__/test_43112_importador_inventario.cpython-313.pyc",2838,"cache_python"
"TESTS/__pycache__/test_43113_comparador_inventario.cpython-313.pyc",3036,"cache_python"
"TESTS/__pycache__/test_43114_aplicador_ajustes_inventario.cpython-313.pyc",4175,"cache_python"
"TESTS/__pycache__/test_43115_informe_final_inventario.cpython-313.pyc",2782,"cache_python"
"TESTS/__pycache__/test_4312_cierre_modulo_stock.cpython-313.pyc",2772,"cache_python"
"TESTS/__pycache__/test_431_plantilla_stock_inicial.cpython-313.pyc",2072,"cache_python"
"TESTS/__pycache__/test_432_importador_stock_inicial.cpython-313.pyc",3256,"cache_python"
"TESTS/__pycache__/test_433_informe_stock_inicial.cpython-313.pyc",2828,"cache_python"
"TESTS/__pycache__/test_434_alertas_stock_bajo.cpython-313.pyc",2549,"cache_python"
"TESTS/__pycache__/test_435_pedido_sugerido_stock_bajo.cpython-313.pyc",2613,"cache_python"
"TESTS/__pycache__/test_436_confirmador_pedido_sugerido.cpython-313.pyc",2780,"cache_python"
"TESTS/__pycache__/test_437_motor_movimientos_stock.cpython-313.pyc",3376,"cache_python"
"TESTS/__pycache__/test_438_entrada_stock_desde_pedido.cpython-313.pyc",3785,"cache_python"
"TESTS/__pycache__/test_439_salidas_stock.cpython-313.pyc",2915,"cache_python"
"TESTS/__pycache__/test_4412_runner_tests.cpython-313.pyc",1899,"cache_python"
"TESTS/__pycache__/test_4413_logs_proyecto.cpython-313.pyc",1828,"cache_python"
"TESTS/__pycache__/test_4414_configuracion_central.cpython-313.pyc",2435,"cache_python"
"TESTS/__pycache__/test_4415_instalador_host_ai.cpython-313.pyc",2124,"cache_python"
"TESTS/__pycache__/test_441_interprete_recepcion_texto.cpython-313.pyc",2145,"cache_python"
"TESTS/__pycache__/test_442_validador_recepcion_mercancia.cpython-313.pyc",2844,"cache_python"
"TESTS/__pycache__/test_443_aplicador_recepcion_mercancia.cpython-313.pyc",4357,"cache_python"
"TESTS/__pycache__/test_444_alta_articulos_recepcion.cpython-313.pyc",3438,"cache_python"
"TESTS/__pycache__/test_444_gestor_pendientes_recepcion.cpython-313.pyc",2996,"cache_python"
"TESTS/__pycache__/test_451_base_datos_definitiva.cpython-313.pyc",2671,"cache_python"
"TESTS/__pycache__/test_452_multi_restaurante.cpython-313.pyc",2288,"cache_python"
"TESTS/__pycache__/test_455_panel_estado.cpython-313.pyc",1960,"cache_python"
"TESTS/__pycache__/test_456_usuarios_roles.cpython-313.pyc",2151,"cache_python"
"TESTS/__pycache__/test_457_auditoria_sistema.cpython-313.pyc",1968,"cache_python"
"TESTS/__pycache__/test_458_permisos_avanzados.cpython-313.pyc",2403,"cache_python"
"TESTS/__pycache__/test_461_planificador_diario_produccion.cpython-313.pyc",2174,"cache_python"
"TESTS/__pycache__/test_462_prioridades_inteligentes_cocina.cpython-313.pyc",1704,"cache_python"
"TESTS/__pycache__/test_463_asignacion_cocineros.cpython-313.pyc",1533,"cache_python"
"TESTS/__pycache__/test_464_tiempos_activos_pasivos.cpython-313.pyc",1529,"cache_python"
"TESTS/__pycache__/test_465_recursos_cocina.cpython-313.pyc",1179,"cache_python"
"TESTS/__pycache__/test_466_conflictos_replanificacion.cpython-313.pyc",1907,"cache_python"
"TESTS/__pycache__/test_467_checklist_final_produccion.cpython-313.pyc",1094,"cache_python"
"TESTS/__pycache__/test_468_informe_diario_produccion.cpython-313.pyc",1260,"cache_python"
"TESTS/__pycache__/test_471_gestion_eventos.cpython-313.pyc",1848,"cache_python"
"TESTS/__pycache__/test_472_menus_evento.cpython-313.pyc",1665,"cache_python"
"TESTS/__pycache__/test_473_produccion_evento.cpython-313.pyc",1920,"cache_python"
"TESTS/__pycache__/test_474_compras_evento.cpython-313.pyc",1980,"cache_python"
"TESTS/__pycache__/test_475_personal_evento.cpython-313.pyc",1272,"cache_python"
"TESTS/__pycache__/test_476_material_evento.cpython-313.pyc",1438,"cache_python"
"TESTS/__pycache__/test_477_cronograma_evento.cpython-313.pyc",1349,"cache_python"
"TESTS/__pycache__/test_478_informe_final_evento.cpython-313.pyc",1489,"cache_python"
"TESTS/__pycache__/test_481_coste_real_receta.cpython-313.pyc",1406,"cache_python"
"TESTS/__pycache__/test_482_margen_plato_menu.cpython-313.pyc",1619,"cache_python"
"TESTS/__pycache__/test_483_rentabilidad_carta.cpython-313.pyc",1587,"cache_python"
"TESTS/__pycache__/test_484_simulador_precios.cpython-313.pyc",1514,"cache_python"
"TESTS/__pycache__/test_485_control_mermas.cpython-313.pyc",1092,"cache_python"
"TESTS/__pycache__/test_486_comparador_economico_proveedores.cpython-313.pyc",1051,"cache_python"
"TESTS/__pycache__/test_487_alertas_rentabilidad.cpython-313.pyc",1094,"cache_python"
"TESTS/__pycache__/test_488_informe_financiero_inteligente.cpython-313.pyc",970,"cache_python"
"TESTS/__pycache__/test_491_motor_decisiones_operativas.cpython-313.pyc",1264,"cache_python"
"TESTS/__pycache__/test_492_acciones_automaticas_seguras.cpython-313.pyc",1376,"cache_python"
"TESTS/__pycache__/test_493_respuestas_jefe_cocina.cpython-313.pyc",1173,"cache_python"
"TESTS/__pycache__/test_494_flujo_diario_automatico.cpython-313.pyc",1163,"cache_python"
"TESTS/__pycache__/test_495_asistente_urgencias.cpython-313.pyc",1372,"cache_python"
"TESTS/__pycache__/test_496_recomendaciones_inteligentes.cpython-313.pyc",1288,"cache_python"
"TESTS/__pycache__/test_497_panel_ia_central.cpython-313.pyc",1298,"cache_python"
"TESTS/__pycache__/test_498_cierre_host_ai_4.cpython-313.pyc",1554,"cache_python"
"TESTS/__pycache__/test_actualizador_inteligente_precios_factura.cpython-313.pyc",3695,"cache_python"
"TESTS/__pycache__/test_actualizador_inteligente_stock_factura.cpython-313.pyc",3501,"cache_python"
"TESTS/__pycache__/test_alertas_inteligentes_precios.cpython-313.pyc",3328,"cache_python"
"TESTS/__pycache__/test_alertas_inteligentes_stock.cpython-313.pyc",3336,"cache_python"
"TESTS/__pycache__/test_analizador_inteligente_compras.cpython-313.pyc",3690,"cache_python"
"TESTS/__pycache__/test_analizador_inteligente_escandallos.cpython-313.pyc",2796,"cache_python"
"TESTS/__pycache__/test_analizador_inteligente_produccion.cpython-313.pyc",2411,"cache_python"
"TESTS/__pycache__/test_analizador_inteligente_stock.cpython-313.pyc",2652,"cache_python"
"TESTS/__pycache__/test_analizador_lenguaje_natural.cpython-313.pyc",2007,"cache_python"
"TESTS/__pycache__/test_app_base_ejecutable.cpython-313.pyc",2843,"cache_python"
"TESTS/__pycache__/test_aprendizaje_relacion_proveedor.cpython-313.pyc",4016,"cache_python"
"TESTS/__pycache__/test_asignador_recursos_produccion.cpython-313.pyc",2409,"cache_python"
"TESTS/__pycache__/test_asistente_conversacional.cpython-313.pyc",5009,"cache_python"
"TESTS/__pycache__/test_asistente_importacion_excel.cpython-313.pyc",6002,"cache_python"
"TESTS/__pycache__/test_asistente_inteligente_host_ai_308.cpython-313.pyc",2237,"cache_python"
"TESTS/__pycache__/test_auditoria_importaciones_universales.cpython-313.pyc",4211,"cache_python"
"TESTS/__pycache__/test_automatizador_inteligente_308.cpython-313.pyc",2604,"cache_python"
"TESTS/__pycache__/test_base_actualizacion_precios_factura.cpython-313.pyc",3328,"cache_python"
"TESTS/__pycache__/test_base_actualizacion_stock_factura.cpython-313.pyc",3243,"cache_python"
"TESTS/__pycache__/test_base_datos_local.cpython-313.pyc",3825,"cache_python"
"TESTS/__pycache__/test_base_importador_universal_facturas.cpython-313.pyc",4207,"cache_python"
"TESTS/__pycache__/test_base_ocr_documentos.cpython-313.pyc",3488,"cache_python"
"TESTS/__pycache__/test_buscador_articulos_parecidos.cpython-313.pyc",3911,"cache_python"
"TESTS/__pycache__/test_cierre_escandallos_inteligentes.cpython-313.pyc",3140,"cache_python"
"TESTS/__pycache__/test_cierre_gestion_inteligente_stock.cpython-313.pyc",2664,"cache_python"
"TESTS/__pycache__/test_cierre_ia_conversacional_308.cpython-313.pyc",2016,"cache_python"
"TESTS/__pycache__/test_cierre_importador_universal.cpython-313.pyc",2754,"cache_python"
"TESTS/__pycache__/test_cierre_inteligencia_compras.cpython-313.pyc",3482,"cache_python"
"TESTS/__pycache__/test_cierre_inteligente_produccion.cpython-313.pyc",2413,"cache_python"
"TESTS/__pycache__/test_comparador_historico_escandallos.cpython-313.pyc",2942,"cache_python"
"TESTS/__pycache__/test_comparador_inteligente_proveedores.cpython-313.pyc",2412,"cache_python"
"TESTS/__pycache__/test_comparador_proveedores_precios.cpython-313.pyc",3447,"cache_python"
"TESTS/__pycache__/test_control_ejecucion_produccion.cpython-313.pyc",3144,"cache_python"
"TESTS/__pycache__/test_control_inteligente_movimientos_stock.cpython-313.pyc",2680,"cache_python"
"TESTS/__pycache__/test_detector_anomalias_compras.cpython-313.pyc",4457,"cache_python"
"TESTS/__pycache__/test_detector_campos_linea_factura.cpython-313.pyc",3390,"cache_python"
"TESTS/__pycache__/test_detector_documentos_excel.cpython-313.pyc",5086,"cache_python"
"TESTS/__pycache__/test_detector_proveedores_pdf.cpython-313.pyc",4136,"cache_python"
"TESTS/__pycache__/test_ejecutor_importador_universal_facturas.cpython-313.pyc",4117,"cache_python"
"TESTS/__pycache__/test_escandallos_inteligentes_3071_3072.cpython-313.pyc",2798,"cache_python"
"TESTS/__pycache__/test_escandallos_inteligentes_3071_3072_3073_3074.cpython-313.pyc",4122,"cache_python"
"TESTS/__pycache__/test_escandallos_inteligentes_3071_3072_3073_3074_3075_3076.cpython-313.pyc",4618,"cache_python"
"TESTS/__pycache__/test_escandallos_inteligentes_3071_3072_3073_3074_3075_3076_3077_3078.cpython-313.pyc",5788,"cache_python"
"TESTS/__pycache__/test_generador_inteligente_respuestas.cpython-313.pyc",2401,"cache_python"
"TESTS/__pycache__/test_gestion_inteligente_stock_3051_3052.cpython-313.pyc",2934,"cache_python"
"TESTS/__pycache__/test_gestion_inteligente_stock_3051_3052_3053_3054.cpython-313.pyc",3772,"cache_python"
"TESTS/__pycache__/test_gestion_inteligente_stock_3051_3052_3053_3054_3055_3056.cpython-313.pyc",4659,"cache_python"
"TESTS/__pycache__/test_gestion_inteligente_stock_3051_3052_3053_3054_3055_3056_3057_3058.cpython-313.pyc",3563,"cache_python"
"TESTS/__pycache__/test_historico_inteligente_precios.cpython-313.pyc",3411,"cache_python"
"TESTS/__pycache__/test_historico_inteligente_stock.cpython-313.pyc",3255,"cache_python"
"TESTS/__pycache__/test_host_ai_3_0_stable.cpython-313.pyc",3338,"cache_python"
"TESTS/__pycache__/test_ia_conversacional_3081_3082.cpython-313.pyc",2469,"cache_python"
"TESTS/__pycache__/test_ia_conversacional_3081_3082_3083_3084.cpython-313.pyc",3162,"cache_python"
"TESTS/__pycache__/test_ia_conversacional_3081_3082_3083_3084_3085_3086.cpython-313.pyc",3655,"cache_python"
"TESTS/__pycache__/test_ia_conversacional_3081_3082_3083_3084_3085_3086_3087_3088.cpython-313.pyc",4450,"cache_python"
"TESTS/__pycache__/test_importador_articulos_excel.cpython-313.pyc",4788,"cache_python"
"TESTS/__pycache__/test_importador_escandallos_excel.cpython-313.pyc",5214,"cache_python"
"TESTS/__pycache__/test_importador_inventario_excel.cpython-313.pyc",5679,"cache_python"
"TESTS/__pycache__/test_inteligencia_compras_3041_3042_3043_3044.cpython-313.pyc",4527,"cache_python"
"TESTS/__pycache__/test_inteligencia_compras_3041_3042_3043_3044_3045_3046.cpython-313.pyc",4989,"cache_python"
"TESTS/__pycache__/test_inteligencia_compras_3041_3042_3043_3044_3045_3046_3047_3048.cpython-313.pyc",5735,"cache_python"
"TESTS/__pycache__/test_lector_completo_lineas_factura.cpython-313.pyc",3106,"cache_python"
"TESTS/__pycache__/test_lector_excel.cpython-313.pyc",4893,"cache_python"
"TESTS/__pycache__/test_lector_facturas_con_ocr.cpython-313.pyc",4126,"cache_python"
"TESTS/__pycache__/test_lector_pdf_facturas.cpython-313.pyc",4697,"cache_python"
"TESTS/__pycache__/test_mapeador_columnas_excel.cpython-313.pyc",5511,"cache_python"
"TESTS/__pycache__/test_memoria_conversacional_308.cpython-313.pyc",2626,"cache_python"
"TESTS/__pycache__/test_modelos_lineas_factura.cpython-313.pyc",3392,"cache_python"
"TESTS/__pycache__/test_modelos_relacion_articulos_factura.cpython-313.pyc",3442,"cache_python"
"TESTS/__pycache__/test_modulo_costes_inteligente.cpython-313.pyc",6786,"cache_python"
"TESTS/__pycache__/test_motor_alertas_escandallos.cpython-313.pyc",2426,"cache_python"
"TESTS/__pycache__/test_motor_alertas_produccion.cpython-313.pyc",2566,"cache_python"
"TESTS/__pycache__/test_motor_alertas_stock.cpython-313.pyc",2872,"cache_python"
"TESTS/__pycache__/test_motor_conversacional_308.cpython-313.pyc",2594,"cache_python"
"TESTS/__pycache__/test_motor_escandallos_inteligente.cpython-313.pyc",5940,"cache_python"
"TESTS/__pycache__/test_motor_ia_culinaria.cpython-313.pyc",5188,"cache_python"
"TESTS/__pycache__/test_motor_inteligente_pedidos.cpython-313.pyc",3305,"cache_python"
"TESTS/__pycache__/test_motor_ocr_simulado.cpython-313.pyc",3537,"cache_python"
"TESTS/__pycache__/test_motor_optimizacion_carta.cpython-313.pyc",3880,"cache_python"
"TESTS/__pycache__/test_motor_produccion_real.cpython-313.pyc",6149,"cache_python"
"TESTS/__pycache__/test_motor_recomendaciones_compras.cpython-313.pyc",2162,"cache_python"
"TESTS/__pycache__/test_optimizador_inteligente_produccion.cpython-313.pyc",3496,"cache_python"
"TESTS/__pycache__/test_optimizador_inteligente_recetas.cpython-313.pyc",3140,"cache_python"
"TESTS/__pycache__/test_optimizador_stock.cpython-313.pyc",3026,"cache_python"
"TESTS/__pycache__/test_parser_lineas_factura.cpython-313.pyc",3509,"cache_python"
"TESTS/__pycache__/test_pipeline_compras.cpython-313.pyc",3957,"cache_python"
"TESTS/__pycache__/test_pipeline_produccion_completa.cpython-313.pyc",5314,"cache_python"
"TESTS/__pycache__/test_pipeline_stock.cpython-313.pyc",4791,"cache_python"
"TESTS/__pycache__/test_planificador_inteligente_produccion.cpython-313.pyc",2470,"cache_python"
"TESTS/__pycache__/test_prediccion_inteligente_precios.cpython-313.pyc",3856,"cache_python"
"TESTS/__pycache__/test_prediccion_inteligente_rentabilidad.cpython-313.pyc",3010,"cache_python"
"TESTS/__pycache__/test_prediccion_necesidades_stock.cpython-313.pyc",2588,"cache_python"
"TESTS/__pycache__/test_prediccion_roturas_stock.cpython-313.pyc",2468,"cache_python"
"TESTS/__pycache__/test_produccion_3061_3062.cpython-313.pyc",2469,"cache_python"
"TESTS/__pycache__/test_produccion_3061_3062_3063_3064.cpython-313.pyc",3111,"cache_python"
"TESTS/__pycache__/test_produccion_3061_3062_3063_3064_3065_3066.cpython-313.pyc",4458,"cache_python"
"TESTS/__pycache__/test_produccion_3061_3062_3063_3064_3065_3066_3067_3068.cpython-313.pyc",5730,"cache_python"
"TESTS/__pycache__/test_rc3_1_calidad_piloto.cpython-313.pyc",2785,"cache_python"
"TESTS/__pycache__/test_rc3_2_rendimiento_piloto.cpython-313.pyc",2237,"cache_python"
"TESTS/__pycache__/test_rc3_3_logs_piloto.cpython-313.pyc",2595,"cache_python"
"TESTS/__pycache__/test_rc3_4_instalacion_piloto.cpython-313.pyc",2947,"cache_python"
"TESTS/__pycache__/test_rc3_5_certificacion_piloto.cpython-313.pyc",2036,"cache_python"
"TESTS/__pycache__/test_reconciliador_inteligente_stock.cpython-313.pyc",2889,"cache_python"
"TESTS/__pycache__/test_reconciliador_stock_factura.cpython-313.pyc",3337,"cache_python"
"TESTS/__pycache__/test_registro_pipelines_api.cpython-313.pyc",3940,"cache_python"
"TESTS/__pycache__/test_relacionador_automatico_articulos_factura.cpython-313.pyc",4114,"cache_python"
"TESTS/__pycache__/test_replanificador_inteligente_produccion.cpython-313.pyc",3017,"cache_python"
"TESTS/__pycache__/test_resolucion_conflictos_excel.cpython-313.pyc",4524,"cache_python"
"TESTS/__pycache__/test_resumen_ejecutivo_importaciones.cpython-313.pyc",3267,"cache_python"
"TESTS/__pycache__/test_s002_cierres_stock_escandallos.cpython-313.pyc",6656,"cache_python"
"TESTS/__pycache__/test_selector_inteligente_motores.cpython-313.pyc",2154,"cache_python"
"TESTS/__pycache__/test_simulador_costes_escandallos.cpython-313.pyc",2939,"cache_python"
"TESTS/__pycache__/test_stock_por_ubicaciones.cpython-313.pyc",3053,"cache_python"
"TESTS/__pycache__/test_validador_corrector_ocr.cpython-313.pyc",2721,"cache_python"
"TESTS/__pycache__/test_validador_lineas_factura.cpython-313.pyc",4193,"cache_python"
"TESTS/__pycache__/test_validador_relaciones_articulos_factura.cpython-313.pyc",3741,"cache_python"
"TESTS/__pycache__/__init__.cpython-313.pyc",138,"cache_python"
"SERVICIOS/__pycache__/acciones_automaticas_seguras_492.cpython-313.pyc",3852,"cache_python"
"SERVICIOS/__pycache__/actualizador_inteligente_precios_factura.cpython-313.pyc",9192,"cache_python"
"SERVICIOS/__pycache__/actualizador_inteligente_stock_factura.cpython-313.pyc",9995,"cache_python"
"SERVICIOS/__pycache__/alertas_inteligentes_precios.cpython-313.pyc",7519,"cache_python"
"SERVICIOS/__pycache__/alertas_inteligentes_stock.cpython-313.pyc",7672,"cache_python"
"SERVICIOS/__pycache__/alertas_stock_bajo_434.cpython-313.pyc",9012,"cache_python"
"SERVICIOS/__pycache__/alta_articulos_recepcion_444.cpython-313.pyc",10484,"cache_python"
"SERVICIOS/__pycache__/analizador_inteligente_compras.cpython-313.pyc",7265,"cache_python"
"SERVICIOS/__pycache__/analizador_inteligente_escandallos.cpython-313.pyc",15018,"cache_python"
"SERVICIOS/__pycache__/analizador_inteligente_produccion.cpython-313.pyc",10844,"cache_python"
"SERVICIOS/__pycache__/analizador_inteligente_stock.cpython-313.pyc",11769,"cache_python"
"SERVICIOS/__pycache__/analizador_lenguaje_natural.cpython-313.pyc",7650,"cache_python"
"SERVICIOS/__pycache__/aplicador_ajustes_inventario_43114.cpython-313.pyc",9680,"cache_python"
"SERVICIOS/__pycache__/aplicador_recepcion_mercancia_443.cpython-313.pyc",13296,"cache_python"
"SERVICIOS/__pycache__/aprendizaje_relacion_proveedor.cpython-313.pyc",9077,"cache_python"
"SERVICIOS/__pycache__/asignacion_cocineros_463.cpython-313.pyc",5158,"cache_python"
"SERVICIOS/__pycache__/asignador_recursos_produccion.cpython-313.pyc",8649,"cache_python"
"SERVICIOS/__pycache__/asistente_importacion_excel.cpython-313.pyc",14610,"cache_python"
"SERVICIOS/__pycache__/asistente_inteligente_host_ai_308.cpython-313.pyc",9937,"cache_python"
"SERVICIOS/__pycache__/asistente_urgencias_495.cpython-313.pyc",6508,"cache_python"
"SERVICIOS/__pycache__/auditoria_dependencias_4103.cpython-313.pyc",8493,"cache_python"
"SERVICIOS/__pycache__/auditoria_importaciones_universales.cpython-313.pyc",6918,"cache_python"
"SERVICIOS/__pycache__/auditoria_modulos_4101.cpython-313.pyc",8550,"cache_python"
"SERVICIOS/__pycache__/auditoria_sistema_457.cpython-313.pyc",8207,"cache_python"
"SERVICIOS/__pycache__/auditoria_tests_4102.cpython-313.pyc",6194,"cache_python"
"SERVICIOS/__pycache__/automatizador_inteligente_308.cpython-313.pyc",7971,"cache_python"
"SERVICIOS/__pycache__/base_actualizacion_precios_factura.cpython-313.pyc",5989,"cache_python"
"SERVICIOS/__pycache__/base_actualizacion_stock_factura.cpython-313.pyc",4867,"cache_python"
"SERVICIOS/__pycache__/base_datos_local.cpython-313.pyc",6833,"cache_python"
"SERVICIOS/__pycache__/base_importador_universal_facturas.cpython-313.pyc",7117,"cache_python"
"SERVICIOS/__pycache__/base_lineas_factura.cpython-313.pyc",4288,"cache_python"
"SERVICIOS/__pycache__/base_ocr_documentos.cpython-313.pyc",6800,"cache_python"
"SERVICIOS/__pycache__/base_relacion_articulos_factura.cpython-313.pyc",4629,"cache_python"
"SERVICIOS/__pycache__/buscador_articulos_parecidos.cpython-313.pyc",11197,"cache_python"
"SERVICIOS/__pycache__/buscador_inteligente_articulos_415.cpython-313.pyc",10474,"cache_python"
"SERVICIOS/__pycache__/certificador_piloto_host_ai.cpython-313.pyc",8852,"cache_python"
"SERVICIOS/__pycache__/checklist_final_produccion_467.cpython-313.pyc",3257,"cache_python"
"SERVICIOS/__pycache__/cierre_catalogo_base_4113.cpython-313.pyc",9704,"cache_python"
"SERVICIOS/__pycache__/cierre_escandallos_inteligentes.cpython-313.pyc",11447,"cache_python"
"SERVICIOS/__pycache__/cierre_gestion_inteligente_stock.cpython-313.pyc",9543,"cache_python"
"SERVICIOS/__pycache__/cierre_host_ai_4_498.cpython-313.pyc",4721,"cache_python"
"SERVICIOS/__pycache__/cierre_ia_conversacional_308.cpython-313.pyc",5605,"cache_python"
"SERVICIOS/__pycache__/cierre_importador_universal.cpython-313.pyc",5009,"cache_python"
"SERVICIOS/__pycache__/cierre_inteligencia_compras.cpython-313.pyc",7741,"cache_python"
"SERVICIOS/__pycache__/cierre_inteligente_produccion.cpython-313.pyc",14161,"cache_python"
"SERVICIOS/__pycache__/cierre_modulo_stock_4312.cpython-313.pyc",11570,"cache_python"
"SERVICIOS/__pycache__/cierre_tecnico_host_ai_4108.cpython-313.pyc",5619,"cache_python"
"SERVICIOS/__pycache__/clasificador_familias_articulos_419.cpython-313.pyc",11636,"cache_python"
"SERVICIOS/__pycache__/clasificador_familias_proveedor_4112.cpython-313.pyc",10455,"cache_python"
"SERVICIOS/__pycache__/clasificador_tests_historicos_4105.cpython-313.pyc",6009,"cache_python"
"SERVICIOS/__pycache__/comparador_historico_escandallos.cpython-313.pyc",11246,"cache_python"
"SERVICIOS/__pycache__/comparador_inteligente_proveedores.cpython-313.pyc",8667,"cache_python"
"SERVICIOS/__pycache__/comparador_inventario_43113.cpython-313.pyc",11955,"cache_python"
"SERVICIOS/__pycache__/comparador_proveedores_precios.cpython-313.pyc",5214,"cache_python"
"SERVICIOS/__pycache__/configuracion_central_4414.cpython-313.pyc",10306,"cache_python"
"SERVICIOS/__pycache__/confirmador_pedido_sugerido_436.cpython-313.pyc",7523,"cache_python"
"SERVICIOS/__pycache__/conflictos_replanificacion_466.cpython-313.pyc",4877,"cache_python"
"SERVICIOS/__pycache__/control_ejecucion_produccion.cpython-313.pyc",10581,"cache_python"
"SERVICIOS/__pycache__/control_inteligente_movimientos_stock.cpython-313.pyc",6871,"cache_python"
"SERVICIOS/__pycache__/coste_real_receta_481.cpython-313.pyc",5266,"cache_python"
"SERVICIOS/__pycache__/cronograma_evento_477.cpython-313.pyc",4577,"cache_python"
"SERVICIOS/__pycache__/detector_anomalias_compras.cpython-313.pyc",17565,"cache_python"
"SERVICIOS/__pycache__/detector_campos_linea_factura.cpython-313.pyc",9454,"cache_python"
"SERVICIOS/__pycache__/detector_documentos_excel.cpython-313.pyc",11375,"cache_python"
"SERVICIOS/__pycache__/detector_proveedores_pdf.cpython-313.pyc",15144,"cache_python"
"SERVICIOS/__pycache__/editor_articulos_417.cpython-313.pyc",7991,"cache_python"
"SERVICIOS/__pycache__/editor_familias_articulos_4111.cpython-313.pyc",5982,"cache_python"
"SERVICIOS/__pycache__/editor_proveedores_422.cpython-313.pyc",7546,"cache_python"
"SERVICIOS/__pycache__/ejecutor_importador_universal_facturas.cpython-313.pyc",5272,"cache_python"
"SERVICIOS/__pycache__/entrada_stock_desde_pedido_438.cpython-313.pyc",8698,"cache_python"
"SERVICIOS/__pycache__/extractor_proveedores_421.cpython-313.pyc",8540,"cache_python"
"SERVICIOS/__pycache__/flujo_diario_automatico_494.cpython-313.pyc",3379,"cache_python"
"SERVICIOS/__pycache__/generador_codigos_articulos_413.cpython-313.pyc",11244,"cache_python"
"SERVICIOS/__pycache__/generador_inteligente_respuestas.cpython-313.pyc",6541,"cache_python"
"SERVICIOS/__pycache__/generador_pedido_stock_bajo_435.cpython-313.pyc",10150,"cache_python"
"SERVICIOS/__pycache__/generador_plantilla_inventario_43111.cpython-313.pyc",6338,"cache_python"
"SERVICIOS/__pycache__/generador_plantilla_stock_inicial_431.cpython-313.pyc",6961,"cache_python"
"SERVICIOS/__pycache__/gestor_articulos_416.cpython-313.pyc",7672,"cache_python"
"SERVICIOS/__pycache__/gestor_base_datos_definitiva_451.cpython-313.pyc",16732,"cache_python"
"SERVICIOS/__pycache__/gestor_multi_restaurante_452.cpython-313.pyc",8752,"cache_python"
"SERVICIOS/__pycache__/gestor_usuarios_roles_456.cpython-313.pyc",9807,"cache_python"
"SERVICIOS/__pycache__/historial_movimientos_stock_4310.cpython-313.pyc",8865,"cache_python"
"SERVICIOS/__pycache__/historico_inteligente_precios.cpython-313.pyc",8462,"cache_python"
"SERVICIOS/__pycache__/historico_inteligente_stock.cpython-313.pyc",9259,"cache_python"
"SERVICIOS/__pycache__/importador_articulos_excel.cpython-313.pyc",11947,"cache_python"
"SERVICIOS/__pycache__/importador_articulos_restaurante_414.cpython-313.pyc",10752,"cache_python"
"SERVICIOS/__pycache__/importador_escandallos_excel.cpython-313.pyc",11600,"cache_python"
"SERVICIOS/__pycache__/importador_inventario_43112.cpython-313.pyc",8409,"cache_python"
"SERVICIOS/__pycache__/importador_inventario_excel.cpython-313.pyc",16074,"cache_python"
"SERVICIOS/__pycache__/importador_stock_inicial_432.cpython-313.pyc",9706,"cache_python"
"SERVICIOS/__pycache__/informe_catalogo_articulos_418.cpython-313.pyc",10585,"cache_python"
"SERVICIOS/__pycache__/informe_diario_produccion_468.cpython-313.pyc",3983,"cache_python"
"SERVICIOS/__pycache__/informe_final_evento_478.cpython-313.pyc",3958,"cache_python"
"SERVICIOS/__pycache__/informe_final_host_ai_4104.cpython-313.pyc",7957,"cache_python"
"SERVICIOS/__pycache__/informe_final_inventario_43115.cpython-313.pyc",9895,"cache_python"
"SERVICIOS/__pycache__/informe_pendientes_familia_4110.cpython-313.pyc",7182,"cache_python"
"SERVICIOS/__pycache__/informe_proveedores_423.cpython-313.pyc",7811,"cache_python"
"SERVICIOS/__pycache__/informe_stock_inicial_433.cpython-313.pyc",9847,"cache_python"
"SERVICIOS/__pycache__/instalador_host_ai_4415.cpython-313.pyc",5574,"cache_python"
"SERVICIOS/__pycache__/interprete_recepcion_texto_441.cpython-313.pyc",12969,"cache_python"
"SERVICIOS/__pycache__/lector_completo_lineas_factura.cpython-313.pyc",6077,"cache_python"
"SERVICIOS/__pycache__/lector_excel.cpython-313.pyc",11034,"cache_python"
"SERVICIOS/__pycache__/lector_facturas_con_ocr.cpython-313.pyc",5690,"cache_python"
"SERVICIOS/__pycache__/lector_pdf_facturas.cpython-313.pyc",11641,"cache_python"
"SERVICIOS/__pycache__/limpieza_apps_antiguas_4106.cpython-313.pyc",5872,"cache_python"
"SERVICIOS/__pycache__/logger_piloto_host_ai.cpython-313.pyc",5822,"cache_python"
"SERVICIOS/__pycache__/mapa_maestro_modulos_4107.cpython-313.pyc",6466,"cache_python"
"SERVICIOS/__pycache__/mapeador_columnas_excel.cpython-313.pyc",13671,"cache_python"
"SERVICIOS/__pycache__/margen_plato_menu_482.cpython-313.pyc",4557,"cache_python"
"SERVICIOS/__pycache__/material_evento_476.cpython-313.pyc",4236,"cache_python"
"SERVICIOS/__pycache__/memoria_conversacional_308.cpython-313.pyc",10429,"cache_python"
"SERVICIOS/__pycache__/motor_alertas_escandallos.cpython-313.pyc",8658,"cache_python"
"SERVICIOS/__pycache__/motor_alertas_produccion.cpython-313.pyc",9543,"cache_python"
"SERVICIOS/__pycache__/motor_alertas_stock.cpython-313.pyc",10919,"cache_python"
"SERVICIOS/__pycache__/motor_conversacional_308.cpython-313.pyc",8210,"cache_python"
"SERVICIOS/__pycache__/motor_decisiones_operativas_491.cpython-313.pyc",4626,"cache_python"
"SERVICIOS/__pycache__/motor_inteligente_pedidos.cpython-313.pyc",11215,"cache_python"
"SERVICIOS/__pycache__/motor_movimientos_stock_437.cpython-313.pyc",8460,"cache_python"
"SERVICIOS/__pycache__/motor_ocr_simulado.cpython-313.pyc",5818,"cache_python"
"SERVICIOS/__pycache__/motor_optimizacion_carta.cpython-313.pyc",16690,"cache_python"
"SERVICIOS/__pycache__/motor_recomendaciones_compras.cpython-313.pyc",3880,"cache_python"
"SERVICIOS/__pycache__/optimizador_inteligente_produccion.cpython-313.pyc",20948,"cache_python"
"SERVICIOS/__pycache__/optimizador_inteligente_recetas.cpython-313.pyc",9163,"cache_python"
"SERVICIOS/__pycache__/optimizador_stock.cpython-313.pyc",10423,"cache_python"
"SERVICIOS/__pycache__/panel_estado_455.cpython-313.pyc",7733,"cache_python"
"SERVICIOS/__pycache__/panel_ia_central_497.cpython-313.pyc",5516,"cache_python"
"SERVICIOS/__pycache__/parser_lineas_factura.cpython-313.pyc",11938,"cache_python"
"SERVICIOS/__pycache__/permisos_avanzados_458.cpython-313.pyc",8343,"cache_python"
"SERVICIOS/__pycache__/personal_evento_475.cpython-313.pyc",3486,"cache_python"
"SERVICIOS/__pycache__/planificador_diario_produccion_461.cpython-313.pyc",6145,"cache_python"
"SERVICIOS/__pycache__/planificador_inteligente_produccion.cpython-313.pyc",14241,"cache_python"
"SERVICIOS/__pycache__/prediccion_inteligente_precios.cpython-313.pyc",7637,"cache_python"
"SERVICIOS/__pycache__/prediccion_inteligente_rentabilidad.cpython-313.pyc",10711,"cache_python"
"SERVICIOS/__pycache__/prediccion_necesidades_stock.cpython-313.pyc",12923,"cache_python"
"SERVICIOS/__pycache__/prediccion_roturas_stock.cpython-313.pyc",6575,"cache_python"
"SERVICIOS/__pycache__/prioridades_inteligentes_cocina_462.cpython-313.pyc",7655,"cache_python"
"SERVICIOS/__pycache__/recomendaciones_inteligentes_496.cpython-313.pyc",6511,"cache_python"
"SERVICIOS/__pycache__/reconciliador_inteligente_stock.cpython-313.pyc",10637,"cache_python"
"SERVICIOS/__pycache__/reconciliador_stock_factura.cpython-313.pyc",5304,"cache_python"
"SERVICIOS/__pycache__/recursos_cocina_465.cpython-313.pyc",4609,"cache_python"
"SERVICIOS/__pycache__/registro_logs_proyecto_4413.cpython-313.pyc",6022,"cache_python"
"SERVICIOS/__pycache__/relacionador_automatico_articulos_factura.cpython-313.pyc",11114,"cache_python"
"SERVICIOS/__pycache__/rentabilidad_carta_483.cpython-313.pyc",4258,"cache_python"
"SERVICIOS/__pycache__/replanificador_inteligente_produccion.cpython-313.pyc",11750,"cache_python"
"SERVICIOS/__pycache__/resolutor_conflictos_excel.cpython-313.pyc",16533,"cache_python"
"SERVICIOS/__pycache__/respuestas_jefe_cocina_493.cpython-313.pyc",3007,"cache_python"
"SERVICIOS/__pycache__/resumen_ejecutivo_importaciones.cpython-313.pyc",6442,"cache_python"
"SERVICIOS/__pycache__/runner_tests_4412.cpython-313.pyc",10485,"cache_python"
"SERVICIOS/__pycache__/salidas_stock_439.cpython-313.pyc",3330,"cache_python"
"SERVICIOS/__pycache__/selector_inteligente_motores.cpython-313.pyc",5991,"cache_python"
"SERVICIOS/__pycache__/simulador_costes_escandallos.cpython-313.pyc",9440,"cache_python"
"SERVICIOS/__pycache__/simulador_precios_484.cpython-313.pyc",3492,"cache_python"
"SERVICIOS/__pycache__/stock_por_ubicaciones.cpython-313.pyc",11427,"cache_python"
"SERVICIOS/__pycache__/tiempos_activos_pasivos_464.cpython-313.pyc",7120,"cache_python"
"SERVICIOS/__pycache__/validador_calidad_piloto.cpython-313.pyc",13999,"cache_python"
"SERVICIOS/__pycache__/validador_corrector_ocr.cpython-313.pyc",4913,"cache_python"
"SERVICIOS/__pycache__/validador_lineas_factura.cpython-313.pyc",11392,"cache_python"
"SERVICIOS/__pycache__/validador_recepcion_mercancia_442.cpython-313.pyc",11409,"cache_python"
"SERVICIOS/__pycache__/validador_relaciones_articulos_factura.cpython-313.pyc",6358,"cache_python"
"SERVICIOS/__pycache__/verificador_instalacion_piloto.cpython-313.pyc",3327,"cache_python"
"SERVICIOS/__pycache__/__init__.cpython-313.pyc",142,"cache_python"
"Proyecto Host IA 3.0/APP/alertas_stock_bajo_434.py",1161,"copia_anidada_del_proyecto"
"Proyecto Host IA 3.0/APP/alta_articulos_recepcion_444.py",1399,"copia_anidada_del_proyecto"
"Proyecto Host IA 3.0/APP/alta_articulo_416.py",1152,"copia_anidada_del_proyecto"
"Proyecto Host IA 3.0/APP/aplicar_ajustes_inventario_43114.py",1267,"copia_anidada_del_proyecto"
"Proyecto Host IA 3.0/APP/aplicar_recepcion_mercancia_443.py",1686,"copia_anidada_del_proyecto"
"Proyecto Host IA 3.0/APP/asignar_familia_4111.py",1321,"copia_anidada_del_proyecto"
"Proyecto Host IA 3.0/APP/buscar_articulos_415.py",2008,"copia_anidada_del_proyecto"
"Proyecto Host IA 3.0/APP/cerrar_recepcion_mercancia_446.py",1472,"copia_anidada_del_proyecto"
"Proyecto Host IA 3.0/APP/cierre_catalogo_base_4113.py",1333,"copia_anidada_del_proyecto"
"Proyecto Host IA 3.0/APP/cierre_modulo_stock_4312.py",1152,"copia_anidada_del_proyecto"
"Proyecto Host IA 3.0/APP/clasificar_articulos_412.py",1128,"copia_anidada_del_proyecto"
"Proyecto Host IA 3.0/APP/clasificar_familias_articulos_419.py",957,"copia_anidada_del_proyecto"
"Proyecto Host IA 3.0/APP/clasificar_familias_proveedor_4112.py",983,"copia_anidada_del_proyecto"
"Proyecto Host IA 3.0/APP/comparar_inventario_43113.py",1075,"copia_anidada_del_proyecto"
"Proyecto Host IA 3.0/APP/comparar_pedido_recepcion_445.py",1378,"copia_anidada_del_proyecto"
"Proyecto Host IA 3.0/APP/confirmar_pedido_sugerido_436.py",927,"copia_anidada_del_proyecto"
"Proyecto Host IA 3.0/APP/consola.py",21177,"copia_anidada_del_proyecto"
"Proyecto Host IA 3.0/APP/editar_articulo_417.py",1509,"copia_anidada_del_proyecto"
"Proyecto Host IA 3.0/APP/editar_proveedor_422.py",1504,"copia_anidada_del_proyecto"
"Proyecto Host IA 3.0/APP/entrada_stock_desde_pedido_438.py",1128,"copia_anidada_del_proyecto"
"Proyecto Host IA 3.0/APP/extraer_proveedores_421.py",1087,"copia_anidada_del_proyecto"
"Proyecto Host IA 3.0/APP/generar_codigos_articulos_413.py",1228,"copia_anidada_del_proyecto"
"Proyecto Host IA 3.0/APP/generar_plantilla_inventario_43111.py",842,"copia_anidada_del_proyecto"
"Proyecto Host IA 3.0/APP/generar_plantilla_stock_431.py",836,"copia_anidada_del_proyecto"
"Proyecto Host IA 3.0/APP/gestionar_pendientes_recepcion_444.py",1209,"copia_anidada_del_proyecto"
"Proyecto Host IA 3.0/APP/historial_movimientos_stock_4310.py",1413,"copia_anidada_del_proyecto"
"Proyecto Host IA 3.0/APP/importar_articulos_414.py",1253,"copia_anidada_del_proyecto"
"Proyecto Host IA 3.0/APP/importar_inventario_43112.py",1082,"copia_anidada_del_proyecto"
"Proyecto Host IA 3.0/APP/importar_stock_inicial_432.py",1119,"copia_anidada_del_proyecto"
"Proyecto Host IA 3.0/APP/informe_catalogo_articulos_418.py",1119,"copia_anidada_del_proyecto"
"Proyecto Host IA 3.0/APP/informe_final_inventario_43115.py",1239,"copia_anidada_del_proyecto"
"Proyecto Host IA 3.0/APP/informe_pendientes_familia_4110.py",986,"copia_anidada_del_proyecto"
"Proyecto Host IA 3.0/APP/informe_proveedores_423.py",1147,"copia_anidada_del_proyecto"
"Proyecto Host IA 3.0/APP/informe_stock_inicial_433.py",1121,"copia_anidada_del_proyecto"
"Proyecto Host IA 3.0/APP/interpretar_recepcion_texto_441.py",1372,"copia_anidada_del_proyecto"
"Proyecto Host IA 3.0/APP/leer_factura_mercancia_449.py",1191,"copia_anidada_del_proyecto"
"Proyecto Host IA 3.0/APP/leer_foto_albaran_448.py",1178,"copia_anidada_del_proyecto"
"Proyecto Host IA 3.0/APP/leer_pdf_albaran_447.py",1150,"copia_anidada_del_proyecto"
"Proyecto Host IA 3.0/APP/movimiento_stock_437.py",1581,"copia_anidada_del_proyecto"
"Proyecto Host IA 3.0/APP/pedido_sugerido_stock_bajo_435.py",1212,"copia_anidada_del_proyecto"
"Proyecto Host IA 3.0/APP/recepcion_automatica_4410.py",1872,"copia_anidada_del_proyecto"
"Proyecto Host IA 3.0/APP/recepcion_mercancia_texto_442.py",1639,"copia_anidada_del_proyecto"
"Proyecto Host IA 3.0/APP/salida_stock_439.py",1579,"copia_anidada_del_proyecto"
"Proyecto Host IA 3.0/APP/__init__.py",0,"copia_anidada_del_proyecto"
"Proyecto Host IA 3.0/CORE/director_host_ai.py",403,"copia_anidada_del_proyecto"
"Proyecto Host IA 3.0/CORE/host_ai_core.py",30402,"copia_anidada_del_proyecto"
"Proyecto Host IA 3.0/CORE/orquestador.py",27612,"copia_anidada_del_proyecto"
"Proyecto Host IA 3.0/CORE/registro_pipelines.py",1064,"copia_anidada_del_proyecto"
"Proyecto Host IA 3.0/CORE/__init__.py",0,"copia_anidada_del_proyecto"
"Proyecto Host IA 3.0/DATOS/inventario_4_3_11_1.xlsx",6318,"copia_anidada_del_proyecto"
"Proyecto Host IA 3.0/DATOS/stock_inicial_4_3_1.xlsx",26948,"copia_anidada_del_proyecto"
"Proyecto Host IA 3.0/DOCS/ARQUITECTURA_GENERAL_HOST_AI.md",8910,"copia_anidada_del_proyecto"
"Proyecto Host IA 3.0/DOCS/CERTIFICACION_RC3_PILOTO.md",1167,"copia_anidada_del_proyecto"
"Proyecto Host IA 3.0/DOCS/CHANGELOG_HOST_AI_4_4_5_4_4_6.md",1599,"copia_anidada_del_proyecto"
"Proyecto Host IA 3.0/DOCS/CHANGELOG_HOST_AI_4_4_9_4_4_10.md",680,"copia_anidada_del_proyecto"
"Proyecto Host IA 3.0/DOCS/CHANGELOG_v1_0_2.md",621,"copia_anidada_del_proyecto"
"Proyecto Host IA 3.0/DOCS/CHANGELOG_v1_0_3.md",329,"copia_anidada_del_proyecto"
"Proyecto Host IA 3.0/DOCS/CHANGELOG_v1_0_4.md",123,"copia_anidada_del_proyecto"
"Proyecto Host IA 3.0/DOCS/CHANGELOG_v1_0_5.md",309,"copia_anidada_del_proyecto"
"Proyecto Host IA 3.0/DOCS/CHANGELOG_v2_0_6.md",537,"copia_anidada_del_proyecto"
"Proyecto Host IA 3.0/DOCS/CHANGELOG_v2_0_7.md",536,"copia_anidada_del_proyecto"
"Proyecto Host IA 3.0/DOCS/CHANGELOG_v2_0_8.md",525,"copia_anidada_del_proyecto"
"Proyecto Host IA 3.0/DOCS/CHANGELOG_v2_0_9.md",408,"copia_anidada_del_proyecto"
"Proyecto Host IA 3.0/DOCS/CHANGELOG_v3_0_0.md",594,"copia_anidada_del_proyecto"
"Proyecto Host IA 3.0/DOCS/CHANGELOG_v3_0_1.md",85,"copia_anidada_del_proyecto"
"Proyecto Host IA 3.0/DOCS/CHANGELOG_v3_0_2_1.md",546,"copia_anidada_del_proyecto"
"Proyecto Host IA 3.0/DOCS/CHANGELOG_v3_0_2_2.md",589,"copia_anidada_del_proyecto"
"Proyecto Host IA 3.0/DOCS/CHANGELOG_v3_0_2_3.md",556,"copia_anidada_del_proyecto"
"Proyecto Host IA 3.0/DOCS/CHANGELOG_v3_0_2_4.md",478,"copia_anidada_del_proyecto"
"Proyecto Host IA 3.0/DOCS/CHANGELOG_v3_0_2_5.md",536,"copia_anidada_del_proyecto"
"Proyecto Host IA 3.0/DOCS/CHANGELOG_v3_0_2_6.md",528,"copia_anidada_del_proyecto"
"Proyecto Host IA 3.0/DOCS/CHANGELOG_v3_0_2_7.md",498,"copia_anidada_del_proyecto"
"Proyecto Host IA 3.0/DOCS/CHANGELOG_v3_0_2_8.md",684,"copia_anidada_del_proyecto"
"Proyecto Host IA 3.0/DOCS/CHANGELOG_v3_0_3_1.md",506,"copia_anidada_del_proyecto"
"Proyecto Host IA 3.0/DOCS/CHANGELOG_v3_0_3_2.md",118,"copia_anidada_del_proyecto"
"Proyecto Host IA 3.0/DOCS/CHANGELOG_v3_0_3_3_1.md",117,"copia_anidada_del_proyecto"
"Proyecto Host IA 3.0/DOCS/CHANGELOG_v3_0_3_3_2.md",115,"copia_anidada_del_proyecto"
"Proyecto Host IA 3.0/DOCS/CHANGELOG_v3_0_3_3_3.md",137,"copia_anidada_del_proyecto"
"Proyecto Host IA 3.0/DOCS/CHANGELOG_v3_0_3_3_4.md",136,"copia_anidada_del_proyecto"
"Proyecto Host IA 3.0/DOCS/CHANGELOG_v3_0_3_3_5.md",121,"copia_anidada_del_proyecto"
"Proyecto Host IA 3.0/DOCS/CHANGELOG_v3_0_3_4_1.md",134,"copia_anidada_del_proyecto"
"Proyecto Host IA 3.0/DOCS/CHANGELOG_v3_0_3_4_2.md",129,"copia_anidada_del_proyecto"
"Proyecto Host IA 3.0/DOCS/CHANGELOG_v3_0_3_4_3.md",148,"copia_anidada_del_proyecto"
"Proyecto Host IA 3.0/DOCS/CHANGELOG_v3_0_3_4_4.md",134,"copia_anidada_del_proyecto"
"Proyecto Host IA 3.0/DOCS/CHANGELOG_v3_0_3_4_5.md",141,"copia_anidada_del_proyecto"
"Proyecto Host IA 3.0/DOCS/CHANGELOG_v3_0_3_5_1.md",136,"copia_anidada_del_proyecto"
"Proyecto Host IA 3.0/DOCS/CHANGELOG_v3_0_3_5_2.md",144,"copia_anidada_del_proyecto"
"Proyecto Host IA 3.0/DOCS/CHANGELOG_v3_0_3_5_3.md",131,"copia_anidada_del_proyecto"
"Proyecto Host IA 3.0/DOCS/CHANGELOG_v3_0_3_5_4.md",132,"copia_anidada_del_proyecto"
"Proyecto Host IA 3.0/DOCS/CHANGELOG_v3_0_3_5_5.md",128,"copia_anidada_del_proyecto"
"Proyecto Host IA 3.0/DOCS/CHANGELOG_v3_0_3_6_1.md",132,"copia_anidada_del_proyecto"
"Proyecto Host IA 3.0/DOCS/CHANGELOG_v3_0_3_6_2.md",140,"copia_anidada_del_proyecto"
"Proyecto Host IA 3.0/DOCS/CHANGELOG_v3_0_3_6_3.md",127,"copia_anidada_del_proyecto"
"Proyecto Host IA 3.0/DOCS/CHANGELOG_v3_0_3_6_4.md",124,"copia_anidada_del_proyecto"
"Proyecto Host IA 3.0/DOCS/CHANGELOG_v3_0_3_6_5.md",126,"copia_anidada_del_proyecto"
"Proyecto Host IA 3.0/DOCS/CHANGELOG_v3_0_3_7_1.md",121,"copia_anidada_del_proyecto"
"Proyecto Host IA 3.0/DOCS/CHANGELOG_v3_0_3_7_2.md",108,"copia_anidada_del_proyecto"
"Proyecto Host IA 3.0/DOCS/CHANGELOG_v3_0_3_7_3.md",120,"copia_anidada_del_proyecto"
"Proyecto Host IA 3.0/DOCS/CHANGELOG_v3_0_3_7_4.md",118,"copia_anidada_del_proyecto"
"Proyecto Host IA 3.0/DOCS/CHANGELOG_v3_0_3_8_1.md",140,"copia_anidada_del_proyecto"
"Proyecto Host IA 3.0/DOCS/CHANGELOG_v3_0_3_8_2.md",148,"copia_anidada_del_proyecto"
"Proyecto Host IA 3.0/DOCS/CHANGELOG_v3_0_3_8_3.md",143,"copia_anidada_del_proyecto"
"Proyecto Host IA 3.0/DOCS/CHANGELOG_v3_0_3_8_4.md",134,"copia_anidada_del_proyecto"
"Proyecto Host IA 3.0/DOCS/CHANGELOG_v3_0_3_8_5.md",126,"copia_anidada_del_proyecto"
"Proyecto Host IA 3.0/DOCS/CHANGELOG_v3_0_4_1.md",130,"copia_anidada_del_proyecto"
"Proyecto Host IA 3.0/DOCS/CHANGELOG_v3_0_4_1_3_0_4_4_TEST_COMBINADO.md",796,"copia_anidada_del_proyecto"
"Proyecto Host IA 3.0/DOCS/CHANGELOG_v3_0_4_2.md",128,"copia_anidada_del_proyecto"
"Proyecto Host IA 3.0/DOCS/CHANGELOG_v3_0_4_3.md",725,"copia_anidada_del_proyecto"
"Proyecto Host IA 3.0/DOCS/CHANGELOG_v3_0_4_4.md",603,"copia_anidada_del_proyecto"
"Proyecto Host IA 3.0/DOCS/CHANGELOG_v3_0_4_5.md",254,"copia_anidada_del_proyecto"
"Proyecto Host IA 3.0/DOCS/CHANGELOG_v3_0_4_5_3_0_4_6.md",250,"copia_anidada_del_proyecto"
"Proyecto Host IA 3.0/DOCS/CHANGELOG_v3_0_4_6.md",252,"copia_anidada_del_proyecto"
"Proyecto Host IA 3.0/DOCS/CHANGELOG_v3_0_4_7.md",577,"copia_anidada_del_proyecto"
"Proyecto Host IA 3.0/DOCS/CHANGELOG_v3_0_4_8.md",571,"copia_anidada_del_proyecto"
"Proyecto Host IA 3.0/DOCS/CHANGELOG_v3_0_5_1.md",393,"copia_anidada_del_proyecto"
"Proyecto Host IA 3.0/DOCS/CHANGELOG_v3_0_5_2.md",469,"copia_anidada_del_proyecto"
"Proyecto Host IA 3.0/DOCS/CHANGELOG_v3_0_5_3.md",554,"copia_anidada_del_proyecto"
"Proyecto Host IA 3.0/DOCS/CHANGELOG_v3_0_5_4.md",704,"copia_anidada_del_proyecto"
"Proyecto Host IA 3.0/DOCS/CHANGELOG_v3_0_5_5.md",576,"copia_anidada_del_proyecto"
"Proyecto Host IA 3.0/DOCS/CHANGELOG_v3_0_5_6.md",594,"copia_anidada_del_proyecto"
"Proyecto Host IA 3.0/DOCS/CHANGELOG_v3_0_5_7.md",305,"copia_anidada_del_proyecto"
"Proyecto Host IA 3.0/DOCS/CHANGELOG_v3_0_5_8.md",345,"copia_anidada_del_proyecto"
"Proyecto Host IA 3.0/DOCS/CHANGELOG_v3_0_6_1.md",296,"copia_anidada_del_proyecto"
"Proyecto Host IA 3.0/DOCS/CHANGELOG_v3_0_6_2.md",266,"copia_anidada_del_proyecto"
"Proyecto Host IA 3.0/DOCS/CHANGELOG_v3_0_6_3.md",251,"copia_anidada_del_proyecto"
"Proyecto Host IA 3.0/DOCS/CHANGELOG_v3_0_6_4.md",242,"copia_anidada_del_proyecto"
"Proyecto Host IA 3.0/DOCS/CHANGELOG_v3_0_6_5.md",403,"copia_anidada_del_proyecto"
"Proyecto Host IA 3.0/DOCS/CHANGELOG_v3_0_6_6.md",441,"copia_anidada_del_proyecto"
"Proyecto Host IA 3.0/DOCS/CHANGELOG_v3_0_6_7.md",752,"copia_anidada_del_proyecto"
"Proyecto Host IA 3.0/DOCS/CHANGELOG_v3_0_6_8.md",988,"copia_anidada_del_proyecto"
"Proyecto Host IA 3.0/DOCS/CHANGELOG_v3_0_7_1.md",399,"copia_anidada_del_proyecto"
"Proyecto Host IA 3.0/DOCS/CHANGELOG_v3_0_7_2.md",381,"copia_anidada_del_proyecto"
"Proyecto Host IA 3.0/DOCS/CHECKLIST_PRODUCCION.md",319,"copia_anidada_del_proyecto"
"Proyecto Host IA 3.0/DOCS/ESTANDAR_DESARROLLO_HOST_AI.md",3877,"copia_anidada_del_proyecto"
"Proyecto Host IA 3.0/DOCS/HOST_AI_3.0.6_PRODUCCION.md",827,"copia_anidada_del_proyecto"
"Proyecto Host IA 3.0/DOCS/HOST_AI_3.0.7.3_OPTIMIZADOR_INTELIGENTE_RECETAS.md",420,"copia_anidada_del_proyecto"
"Proyecto Host IA 3.0/DOCS/HOST_AI_3.0.7.4_COMPARADOR_HISTORICO_ESCANDALLOS.md",377,"copia_anidada_del_proyecto"
"Proyecto Host IA 3.0/DOCS/HOST_AI_3.0.7.5_SIMULADOR_COSTES.md",377,"copia_anidada_del_proyecto"
"Proyecto Host IA 3.0/DOCS/HOST_AI_3.0.7.6_PREDICCION_INTELIGENTE_RENTABILIDAD.md",407,"copia_anidada_del_proyecto"
"Proyecto Host IA 3.0/DOCS/HOST_AI_3.0.7.7_MOTOR_OPTIMIZACION_CARTA.md",388,"copia_anidada_del_proyecto"
"Proyecto Host IA 3.0/DOCS/HOST_AI_3.0.7.8_CIERRE_ESCANDALLOS_INTELIGENTES.md",457,"copia_anidada_del_proyecto"
"Proyecto Host IA 3.0/DOCS/HOST_AI_3.0.8.1_ANALIZADOR_LENGUAJE_NATURAL.md",486,"copia_anidada_del_proyecto"
"Proyecto Host IA 3.0/DOCS/HOST_AI_3.0.8.2_MOTOR_CONVERSACIONAL.md",452,"copia_anidada_del_proyecto"
"Proyecto Host IA 3.0/DOCS/HOST_AI_3.0.8.3_SELECTOR_INTELIGENTE_MOTORES.md",462,"copia_anidada_del_proyecto"
"Proyecto Host IA 3.0/DOCS/HOST_AI_3.0.8.4_GENERADOR_INTELIGENTE_RESPUESTAS.md",428,"copia_anidada_del_proyecto"
"Proyecto Host IA 3.0/DOCS/HOST_AI_3.0.8.5_MEMORIA_CONVERSACIONAL.md",868,"copia_anidada_del_proyecto"
"Proyecto Host IA 3.0/DOCS/HOST_AI_3.0.8.6_AUTOMATIZADOR_INTELIGENTE.md",877,"copia_anidada_del_proyecto"
"Proyecto Host IA 3.0/DOCS/HOST_AI_3.0.8.7_ASISTENTE_INTELIGENTE_HOST_AI.md",374,"copia_anidada_del_proyecto"
"Proyecto Host IA 3.0/DOCS/HOST_AI_3.0.8.8_CIERRE_IA_CONVERSACIONAL.md",318,"copia_anidada_del_proyecto"
"Proyecto Host IA 3.0/DOCS/HOST_AI_3.5.1_AUDITORIA_TECNICA.md",1420,"copia_anidada_del_proyecto"
"Proyecto Host IA 3.0/DOCS/HOST_AI_3_0_4_3_DETECTOR_ANOMALIAS_COMPRAS.md",532,"copia_anidada_del_proyecto"
"Proyecto Host IA 3.0/DOCS/HOST_AI_3_0_4_4_PREDICCION_INTELIGENTE_PRECIOS.md",642,"copia_anidada_del_proyecto"
"Proyecto Host IA 3.0/DOCS/HOST_AI_3_0_STABLE_CANDIDATE.md",1113,"copia_anidada_del_proyecto"
"Proyecto Host IA 3.0/DOCS/HOST_AI_4_1_10_INFORME_PENDIENTES_FAMILIA.md",617,"copia_anidada_del_proyecto"
"Proyecto Host IA 3.0/DOCS/HOST_AI_4_1_11_EDITOR_FAMILIAS_ARTICULOS.md",594,"copia_anidada_del_proyecto"
"Proyecto Host IA 3.0/DOCS/HOST_AI_4_1_12_CLASIFICADOR_FAMILIAS_PROVEEDOR.md",507,"copia_anidada_del_proyecto"
"Proyecto Host IA 3.0/DOCS/HOST_AI_4_1_13_CIERRE_CATALOGO_BASE.md",582,"copia_anidada_del_proyecto"
"Proyecto Host IA 3.0/DOCS/HOST_AI_4_1_2_CLASIFICADOR_ARTICULOS.md",888,"copia_anidada_del_proyecto"
"Proyecto Host IA 3.0/DOCS/HOST_AI_4_1_3_GENERADOR_CODIGOS_ARTICULOS.md",1002,"copia_anidada_del_proyecto"
"Proyecto Host IA 3.0/DOCS/HOST_AI_4_1_4_IMPORTADOR_ARTICULOS.md",980,"copia_anidada_del_proyecto"
"Proyecto Host IA 3.0/DOCS/HOST_AI_4_1_5_1_BUSCADOR_ARTICULOS_MEJORADO.md",847,"copia_anidada_del_proyecto"
"Proyecto Host IA 3.0/DOCS/HOST_AI_4_1_5_BUSCADOR_INTELIGENTE_ARTICULOS.md",877,"copia_anidada_del_proyecto"
"Proyecto Host IA 3.0/DOCS/HOST_AI_4_1_6_ALTA_ARTICULO.md",572,"copia_anidada_del_proyecto"
"Proyecto Host IA 3.0/DOCS/HOST_AI_4_1_7_EDITOR_ARTICULOS.md",682,"copia_anidada_del_proyecto"
"Proyecto Host IA 3.0/DOCS/HOST_AI_4_1_8_INFORME_CATALOGO_ARTICULOS.md",766,"copia_anidada_del_proyecto"
"Proyecto Host IA 3.0/DOCS/HOST_AI_4_1_9_1_FIX_CLASIFICADOR_FAMILIAS.md",553,"copia_anidada_del_proyecto"
"Proyecto Host IA 3.0/DOCS/HOST_AI_4_1_9_CLASIFICADOR_FAMILIAS_ARTICULOS.md",569,"copia_anidada_del_proyecto"
"Proyecto Host IA 3.0/DOCS/HOST_AI_4_2_1_EXTRACTOR_PROVEEDORES.md",655,"copia_anidada_del_proyecto"
"Proyecto Host IA 3.0/DOCS/HOST_AI_4_2_2_1_FIX_EDITOR_PROVEEDORES.md",453,"copia_anidada_del_proyecto"
"Proyecto Host IA 3.0/DOCS/HOST_AI_4_2_2_EDITOR_PROVEEDORES.md",634,"copia_anidada_del_proyecto"
"Proyecto Host IA 3.0/DOCS/HOST_AI_4_2_3_INFORME_PROVEEDORES.md",542,"copia_anidada_del_proyecto"
"Proyecto Host IA 3.0/DOCS/HOST_AI_4_3_10_HISTORIAL_MOVIMIENTOS_STOCK.md",757,"copia_anidada_del_proyecto"
"Proyecto Host IA 3.0/DOCS/HOST_AI_4_3_11_1_PLANTILLA_INVENTARIO.md",770,"copia_anidada_del_proyecto"
"Proyecto Host IA 3.0/DOCS/HOST_AI_4_3_11_2_IMPORTADOR_INVENTARIO.md",649,"copia_anidada_del_proyecto"
"Proyecto Host IA 3.0/DOCS/HOST_AI_4_3_11_3_COMPARADOR_INVENTARIO.md",664,"copia_anidada_del_proyecto"
"Proyecto Host IA 3.0/DOCS/HOST_AI_4_3_11_4_APLICADOR_AJUSTES_INVENTARIO.md",856,"copia_anidada_del_proyecto"
"Proyecto Host IA 3.0/DOCS/HOST_AI_4_3_11_5_INFORME_FINAL_INVENTARIO.md",666,"copia_anidada_del_proyecto"
"Proyecto Host IA 3.0/DOCS/HOST_AI_4_3_12_CIERRE_MODULO_STOCK.md",835,"copia_anidada_del_proyecto"
"Proyecto Host IA 3.0/DOCS/HOST_AI_4_3_1_PLANTILLA_STOCK_INICIAL.md",723,"copia_anidada_del_proyecto"
"Proyecto Host IA 3.0/DOCS/HOST_AI_4_3_2_IMPORTADOR_STOCK_INICIAL.md",890,"copia_anidada_del_proyecto"
"Proyecto Host IA 3.0/DOCS/HOST_AI_4_3_3_INFORME_STOCK_INICIAL.md",508,"copia_anidada_del_proyecto"
"Proyecto Host IA 3.0/DOCS/HOST_AI_4_3_4_ALERTAS_STOCK_BAJO.md",402,"copia_anidada_del_proyecto"
"Proyecto Host IA 3.0/DOCS/HOST_AI_4_3_5_PEDIDO_SUGERIDO_STOCK_BAJO.md",500,"copia_anidada_del_proyecto"
"Proyecto Host IA 3.0/DOCS/HOST_AI_4_3_6_CONFIRMADOR_PEDIDO_SUGERIDO.md",519,"copia_anidada_del_proyecto"
"Proyecto Host IA 3.0/DOCS/HOST_AI_4_3_7_MOTOR_MOVIMIENTOS_STOCK.md",760,"copia_anidada_del_proyecto"
"Proyecto Host IA 3.0/DOCS/HOST_AI_4_3_8_ENTRADA_STOCK_DESDE_PEDIDO.md",591,"copia_anidada_del_proyecto"
"Proyecto Host IA 3.0/DOCS/HOST_AI_4_3_9_SALIDAS_STOCK.md",768,"copia_anidada_del_proyecto"
"Proyecto Host IA 3.0/DOCS/HOST_AI_4_4_1_4_4_2_RECEPCION_TEXTO.md",1588,"copia_anidada_del_proyecto"
"Proyecto Host IA 3.0/DOCS/HOST_AI_4_4_3_4_4_4_RECEPCION_APLICACION_ALTA.md",1547,"copia_anidada_del_proyecto"
"Proyecto Host IA 3.0/DOCS/HOST_AI_4_4_3_4_4_4_RECEPCION_APLICAR_Y_PENDIENTES.md",1036,"copia_anidada_del_proyecto"
"Proyecto Host IA 3.0/DOCS/HOST_AI_4_4_5_COMPARACION_PEDIDO_RECEPCION.md",731,"copia_anidada_del_proyecto"
"Proyecto Host IA 3.0/DOCS/HOST_AI_4_4_6_CIERRE_RECEPCION_MERCANCIA.md",1020,"copia_anidada_del_proyecto"
"Proyecto Host IA 3.0/DOCS/HOST_AI_4_4_7_4_4_8_LECTURA_ALBARANES.md",1428,"copia_anidada_del_proyecto"
"Proyecto Host IA 3.0/DOCS/HOST_AI_4_4_9_4_4_10_FACTURAS_Y_RECEPCION_AUTOMATICA.md",2727,"copia_anidada_del_proyecto"
"Proyecto Host IA 3.0/DOCS/INVENTARIO_HOST_AI.md",256,"copia_anidada_del_proyecto"
"Proyecto Host IA 3.0/DOCS/RC3_1_CALIDAD_PILOTO.md",1032,"copia_anidada_del_proyecto"
"Proyecto Host IA 3.0/DOCS/RC3_2_RENDIMIENTO_PILOTO.md",858,"copia_anidada_del_proyecto"
"Proyecto Host IA 3.0/DOCS/RC3_3_LOGS_PILOTO.md",653,"copia_anidada_del_proyecto"
"Proyecto Host IA 3.0/DOCS/RC3_4_INSTALACION_PILOTO.md",849,"copia_anidada_del_proyecto"
"Proyecto Host IA 3.0/DOCS/README_HOST_AI_3_0_6_3_3_0_6_4.md",474,"copia_anidada_del_proyecto"
"Proyecto Host IA 3.0/DOCS/README_HOST_AI_3_0_6_7_3_0_6_8.md",877,"copia_anidada_del_proyecto"
"Proyecto Host IA 3.0/DOCS/README_HOST_AI_3_0_7_1_3_0_7_2.md",342,"copia_anidada_del_proyecto"
"Proyecto Host IA 3.0/DOCS/ROADMAP_HOST_AI.md",245,"copia_anidada_del_proyecto"
"Proyecto Host IA 3.0/Documentos/Escandallos Boronat  (HostIA).xlsx",281597,"copia_anidada_del_proyecto"
"Proyecto Host IA 3.0/Documentos/Escandallos Boronat  (HostIA)_CODIGOS_4_1_3.xlsx",294092,"copia_anidada_del_proyecto"
"Proyecto Host IA 3.0/LOGS/.gitkeep",0,"copia_anidada_del_proyecto"
"Proyecto Host IA 3.0/MODELOS/actualizacion_precios_factura.py",2583,"copia_anidada_del_proyecto"
"Proyecto Host IA 3.0/MODELOS/actualizacion_stock_factura.py",2411,"copia_anidada_del_proyecto"
"Proyecto Host IA 3.0/MODELOS/alertas_inteligentes_stock_305.py",1205,"copia_anidada_del_proyecto"
"Proyecto Host IA 3.0/MODELOS/alertas_precios.py",913,"copia_anidada_del_proyecto"
"Proyecto Host IA 3.0/MODELOS/alertas_produccion_306.py",695,"copia_anidada_del_proyecto"
"Proyecto Host IA 3.0/MODELOS/alertas_stock.py",857,"copia_anidada_del_proyecto"
"Proyecto Host IA 3.0/MODELOS/analisis_compras.py",1128,"copia_anidada_del_proyecto"
"Proyecto Host IA 3.0/MODELOS/analisis_inteligente_stock.py",1601,"copia_anidada_del_proyecto"
"Proyecto Host IA 3.0/MODELOS/analisis_produccion_306.py",1149,"copia_anidada_del_proyecto"
"Proyecto Host IA 3.0/MODELOS/anomalias_compras.py",1357,"copia_anidada_del_proyecto"
"Proyecto Host IA 3.0/MODELOS/api_interna.py",1268,"copia_anidada_del_proyecto"
"Proyecto Host IA 3.0/MODELOS/asistente_conversacional.py",1431,"copia_anidada_del_proyecto"
"Proyecto Host IA 3.0/MODELOS/asistente_importacion_excel.py",1356,"copia_anidada_del_proyecto"
"Proyecto Host IA 3.0/MODELOS/auditoria_host_ai_351.py",498,"copia_anidada_del_proyecto"
"Proyecto Host IA 3.0/MODELOS/auditoria_importaciones.py",1088,"copia_anidada_del_proyecto"
"Proyecto Host IA 3.0/MODELOS/cierre_gestion_stock.py",536,"copia_anidada_del_proyecto"
"Proyecto Host IA 3.0/MODELOS/cierre_importador_universal.py",1116,"copia_anidada_del_proyecto"
"Proyecto Host IA 3.0/MODELOS/cierre_inteligencia_compras.py",1470,"copia_anidada_del_proyecto"
"Proyecto Host IA 3.0/MODELOS/comparador_proveedores_inteligente.py",1263,"copia_anidada_del_proyecto"
"Proyecto Host IA 3.0/MODELOS/compras.py",1494,"copia_anidada_del_proyecto"
"Proyecto Host IA 3.0/MODELOS/conflictos_excel.py",1523,"copia_anidada_del_proyecto"
"Proyecto Host IA 3.0/MODELOS/control_movimientos_stock_305.py",1430,"copia_anidada_del_proyecto"
"Proyecto Host IA 3.0/MODELOS/costes_inteligentes.py",3524,"copia_anidada_del_proyecto"
"Proyecto Host IA 3.0/MODELOS/deteccion_excel.py",1606,"copia_anidada_del_proyecto"
"Proyecto Host IA 3.0/MODELOS/ejecucion_produccion_306.py",1611,"copia_anidada_del_proyecto"
"Proyecto Host IA 3.0/MODELOS/escandallos_inteligentes.py",2726,"copia_anidada_del_proyecto"
"Proyecto Host IA 3.0/MODELOS/escandallos_inteligentes_307.py",3719,"copia_anidada_del_proyecto"
"Proyecto Host IA 3.0/MODELOS/excel_importacion.py",1678,"copia_anidada_del_proyecto"
"Proyecto Host IA 3.0/MODELOS/historico_precios.py",1376,"copia_anidada_del_proyecto"
"Proyecto Host IA 3.0/MODELOS/historico_stock.py",1381,"copia_anidada_del_proyecto"
"Proyecto Host IA 3.0/MODELOS/ia_conversacional_308.py",4170,"copia_anidada_del_proyecto"
"Proyecto Host IA 3.0/MODELOS/ia_culinaria.py",2114,"copia_anidada_del_proyecto"
"Proyecto Host IA 3.0/MODELOS/importacion_articulos_excel.py",1940,"copia_anidada_del_proyecto"
"Proyecto Host IA 3.0/MODELOS/importacion_escandallos_excel.py",1304,"copia_anidada_del_proyecto"
"Proyecto Host IA 3.0/MODELOS/importacion_inventario_excel.py",2248,"copia_anidada_del_proyecto"
"Proyecto Host IA 3.0/MODELOS/importacion_universal_facturas.py",1920,"copia_anidada_del_proyecto"
"Proyecto Host IA 3.0/MODELOS/lineas_factura.py",3287,"copia_anidada_del_proyecto"
"Proyecto Host IA 3.0/MODELOS/mapeo_columnas_excel.py",1922,"copia_anidada_del_proyecto"
"Proyecto Host IA 3.0/MODELOS/motor_pedidos_inteligente.py",1308,"copia_anidada_del_proyecto"
"Proyecto Host IA 3.0/MODELOS/ocr_documentos.py",880,"copia_anidada_del_proyecto"
"Proyecto Host IA 3.0/MODELOS/optimizacion_produccion_306.py",1638,"copia_anidada_del_proyecto"
"Proyecto Host IA 3.0/MODELOS/optimizacion_stock.py",850,"copia_anidada_del_proyecto"
"Proyecto Host IA 3.0/MODELOS/pdf_facturas.py",1432,"copia_anidada_del_proyecto"
"Proyecto Host IA 3.0/MODELOS/planificacion_produccion_306.py",1664,"copia_anidada_del_proyecto"
"Proyecto Host IA 3.0/MODELOS/prediccion_necesidades_stock.py",1034,"copia_anidada_del_proyecto"
"Proyecto Host IA 3.0/MODELOS/prediccion_precios.py",1336,"copia_anidada_del_proyecto"
"Proyecto Host IA 3.0/MODELOS/produccion_completa.py",1500,"copia_anidada_del_proyecto"
"Proyecto Host IA 3.0/MODELOS/produccion_real.py",2799,"copia_anidada_del_proyecto"
"Proyecto Host IA 3.0/MODELOS/proveedores_pdf.py",1360,"copia_anidada_del_proyecto"
"Proyecto Host IA 3.0/MODELOS/recomendaciones_compras.py",694,"copia_anidada_del_proyecto"
"Proyecto Host IA 3.0/MODELOS/reconciliacion_stock_305.py",1412,"copia_anidada_del_proyecto"
"Proyecto Host IA 3.0/MODELOS/reconciliacion_stock_factura.py",2179,"copia_anidada_del_proyecto"
"Proyecto Host IA 3.0/MODELOS/relacion_articulos_factura.py",3795,"copia_anidada_del_proyecto"
"Proyecto Host IA 3.0/MODELOS/resultado_ocr.py",909,"copia_anidada_del_proyecto"
"Proyecto Host IA 3.0/MODELOS/resumen_importaciones.py",1098,"copia_anidada_del_proyecto"
"Proyecto Host IA 3.0/MODELOS/roturas_stock.py",1206,"copia_anidada_del_proyecto"
"Proyecto Host IA 3.0/MODELOS/stock.py",1394,"copia_anidada_del_proyecto"
"Proyecto Host IA 3.0/MODELOS/stock_ubicaciones.py",1219,"copia_anidada_del_proyecto"
"Proyecto Host IA 3.0/MODELOS/validacion_lineas_factura.py",2966,"copia_anidada_del_proyecto"
"Proyecto Host IA 3.0/MODELOS/validacion_ocr.py",891,"copia_anidada_del_proyecto"
"Proyecto Host IA 3.0/MODELOS/validacion_relaciones_articulos.py",2308,"copia_anidada_del_proyecto"
"Proyecto Host IA 3.0/MODELOS/__init__.py",0,"copia_anidada_del_proyecto"
"Proyecto Host IA 3.0/MOTORES/motor_asistente_conversacional.py",10324,"copia_anidada_del_proyecto"
"Proyecto Host IA 3.0/MOTORES/motor_compras.py",3874,"copia_anidada_del_proyecto"
"Proyecto Host IA 3.0/MOTORES/motor_costes_inteligente.py",12970,"copia_anidada_del_proyecto"
"Proyecto Host IA 3.0/MOTORES/motor_escandallos_inteligente.py",6448,"copia_anidada_del_proyecto"
"Proyecto Host IA 3.0/MOTORES/motor_eventos.py",3449,"copia_anidada_del_proyecto"
"Proyecto Host IA 3.0/MOTORES/motor_ia_culinaria.py",12945,"copia_anidada_del_proyecto"
"Proyecto Host IA 3.0/MOTORES/motor_memoria_operacional.py",326,"copia_anidada_del_proyecto"
"Proyecto Host IA 3.0/MOTORES/motor_persistencia.py",2182,"copia_anidada_del_proyecto"
"Proyecto Host IA 3.0/MOTORES/motor_produccion_completa.py",5604,"copia_anidada_del_proyecto"
"Proyecto Host IA 3.0/MOTORES/motor_produccion_real.py",10962,"copia_anidada_del_proyecto"
"Proyecto Host IA 3.0/MOTORES/motor_simulador_produccion_evento.py",1198,"copia_anidada_del_proyecto"
"Proyecto Host IA 3.0/MOTORES/motor_stock.py",6603,"copia_anidada_del_proyecto"
"Proyecto Host IA 3.0/MOTORES/__init__.py",0,"copia_anidada_del_proyecto"
"Proyecto Host IA 3.0/PIPELINES/base_pipeline.py",1221,"copia_anidada_del_proyecto"
"Proyecto Host IA 3.0/PIPELINES/pipeline_actualizador_inteligente_precios_factura.py",2124,"copia_anidada_del_proyecto"
"Proyecto Host IA 3.0/PIPELINES/pipeline_actualizador_inteligente_stock_factura.py",2399,"copia_anidada_del_proyecto"
"Proyecto Host IA 3.0/PIPELINES/pipeline_alertas_inteligentes_precios.py",1680,"copia_anidada_del_proyecto"
"Proyecto Host IA 3.0/PIPELINES/pipeline_alertas_inteligentes_stock.py",1932,"copia_anidada_del_proyecto"
"Proyecto Host IA 3.0/PIPELINES/pipeline_analizador_inteligente_compras.py",1154,"copia_anidada_del_proyecto"
"Proyecto Host IA 3.0/PIPELINES/pipeline_analizador_inteligente_escandallos.py",1248,"copia_anidada_del_proyecto"
"Proyecto Host IA 3.0/PIPELINES/pipeline_analizador_inteligente_produccion.py",1264,"copia_anidada_del_proyecto"
"Proyecto Host IA 3.0/PIPELINES/pipeline_analizador_inteligente_stock.py",1212,"copia_anidada_del_proyecto"
"Proyecto Host IA 3.0/PIPELINES/pipeline_analizador_lenguaje_natural.py",1209,"copia_anidada_del_proyecto"
"Proyecto Host IA 3.0/PIPELINES/pipeline_aprendizaje_relacion_proveedor.py",2795,"copia_anidada_del_proyecto"
"Proyecto Host IA 3.0/PIPELINES/pipeline_asignador_recursos_produccion.py",1269,"copia_anidada_del_proyecto"
"Proyecto Host IA 3.0/PIPELINES/pipeline_asistente_conversacional.py",2497,"copia_anidada_del_proyecto"
"Proyecto Host IA 3.0/PIPELINES/pipeline_asistente_importacion_excel.py",2395,"copia_anidada_del_proyecto"
"Proyecto Host IA 3.0/PIPELINES/pipeline_asistente_inteligente_host_ai_308.py",1365,"copia_anidada_del_proyecto"
"Proyecto Host IA 3.0/PIPELINES/pipeline_auditoria_importaciones_universales.py",1630,"copia_anidada_del_proyecto"
"Proyecto Host IA 3.0/PIPELINES/pipeline_auditoria_tecnica_host_ai_351.py",1391,"copia_anidada_del_proyecto"
"Proyecto Host IA 3.0/PIPELINES/pipeline_automatizador_inteligente_308.py",1442,"copia_anidada_del_proyecto"
"Proyecto Host IA 3.0/PIPELINES/pipeline_base_actualizacion_precios_factura.py",1589,"copia_anidada_del_proyecto"
"Proyecto Host IA 3.0/PIPELINES/pipeline_base_actualizacion_stock_factura.py",1555,"copia_anidada_del_proyecto"
"Proyecto Host IA 3.0/PIPELINES/pipeline_base_importador_universal_facturas.py",1608,"copia_anidada_del_proyecto"
"Proyecto Host IA 3.0/PIPELINES/pipeline_base_lineas_factura.py",1838,"copia_anidada_del_proyecto"
"Proyecto Host IA 3.0/PIPELINES/pipeline_base_ocr_documentos.py",1453,"copia_anidada_del_proyecto"
"Proyecto Host IA 3.0/PIPELINES/pipeline_base_relacion_articulos_factura.py",1871,"copia_anidada_del_proyecto"
"Proyecto Host IA 3.0/PIPELINES/pipeline_buscador_articulos_parecidos.py",2066,"copia_anidada_del_proyecto"
"Proyecto Host IA 3.0/PIPELINES/pipeline_cierre_escandallos_inteligentes.py",1275,"copia_anidada_del_proyecto"
"Proyecto Host IA 3.0/PIPELINES/pipeline_cierre_gestion_inteligente_stock.py",1195,"copia_anidada_del_proyecto"
"Proyecto Host IA 3.0/PIPELINES/pipeline_cierre_ia_conversacional_308.py",1159,"copia_anidada_del_proyecto"
"Proyecto Host IA 3.0/PIPELINES/pipeline_cierre_importador_universal.py",1209,"copia_anidada_del_proyecto"
"Proyecto Host IA 3.0/PIPELINES/pipeline_cierre_inteligencia_compras.py",1214,"copia_anidada_del_proyecto"
"Proyecto Host IA 3.0/PIPELINES/pipeline_cierre_inteligente_produccion.py",1314,"copia_anidada_del_proyecto"
"Proyecto Host IA 3.0/PIPELINES/pipeline_comparador_historico_escandallos.py",1289,"copia_anidada_del_proyecto"
"Proyecto Host IA 3.0/PIPELINES/pipeline_comparador_inteligente_proveedores.py",1506,"copia_anidada_del_proyecto"
"Proyecto Host IA 3.0/PIPELINES/pipeline_comparador_proveedores_precios.py",1478,"copia_anidada_del_proyecto"
"Proyecto Host IA 3.0/PIPELINES/pipeline_compras.py",3323,"copia_anidada_del_proyecto"
"Proyecto Host IA 3.0/PIPELINES/pipeline_conflictos_excel.py",1960,"copia_anidada_del_proyecto"
"Proyecto Host IA 3.0/PIPELINES/pipeline_control_ejecucion_produccion.py",1255,"copia_anidada_del_proyecto"
"Proyecto Host IA 3.0/PIPELINES/pipeline_control_inteligente_movimientos_stock.py",1199,"copia_anidada_del_proyecto"
"Proyecto Host IA 3.0/PIPELINES/pipeline_costes.py",4705,"copia_anidada_del_proyecto"
"Proyecto Host IA 3.0/PIPELINES/pipeline_detector_anomalias_compras.py",1176,"copia_anidada_del_proyecto"
"Proyecto Host IA 3.0/PIPELINES/pipeline_detector_campos_linea_factura.py",1524,"copia_anidada_del_proyecto"
"Proyecto Host IA 3.0/PIPELINES/pipeline_detector_excel.py",2191,"copia_anidada_del_proyecto"
"Proyecto Host IA 3.0/PIPELINES/pipeline_ejecutor_importador_universal_facturas.py",1821,"copia_anidada_del_proyecto"
"Proyecto Host IA 3.0/PIPELINES/pipeline_escandallos.py",3380,"copia_anidada_del_proyecto"
"Proyecto Host IA 3.0/PIPELINES/pipeline_evento.py",2371,"copia_anidada_del_proyecto"
"Proyecto Host IA 3.0/PIPELINES/pipeline_evento_api.py",5279,"copia_anidada_del_proyecto"
"Proyecto Host IA 3.0/PIPELINES/pipeline_excel.py",1953,"copia_anidada_del_proyecto"
"Proyecto Host IA 3.0/PIPELINES/pipeline_generador_inteligente_respuestas.py",1326,"copia_anidada_del_proyecto"
"Proyecto Host IA 3.0/PIPELINES/pipeline_historico_inteligente_precios.py",2069,"copia_anidada_del_proyecto"
"Proyecto Host IA 3.0/PIPELINES/pipeline_historico_inteligente_stock.py",2060,"copia_anidada_del_proyecto"
"Proyecto Host IA 3.0/PIPELINES/pipeline_ia_culinaria.py",3615,"copia_anidada_del_proyecto"
"Proyecto Host IA 3.0/PIPELINES/pipeline_importador_articulos_excel.py",2451,"copia_anidada_del_proyecto"
"Proyecto Host IA 3.0/PIPELINES/pipeline_importador_escandallos_excel.py",1957,"copia_anidada_del_proyecto"
"Proyecto Host IA 3.0/PIPELINES/pipeline_importador_inventario_excel.py",2632,"copia_anidada_del_proyecto"
"Proyecto Host IA 3.0/PIPELINES/pipeline_lector_completo_lineas_factura.py",2552,"copia_anidada_del_proyecto"
"Proyecto Host IA 3.0/PIPELINES/pipeline_lector_facturas_con_ocr.py",1725,"copia_anidada_del_proyecto"
"Proyecto Host IA 3.0/PIPELINES/pipeline_mapeador_columnas_excel.py",2310,"copia_anidada_del_proyecto"
"Proyecto Host IA 3.0/PIPELINES/pipeline_memoria_conversacional_308.py",1742,"copia_anidada_del_proyecto"
"Proyecto Host IA 3.0/PIPELINES/pipeline_motor_alertas_escandallos.py",1177,"copia_anidada_del_proyecto"
"Proyecto Host IA 3.0/PIPELINES/pipeline_motor_alertas_produccion.py",1232,"copia_anidada_del_proyecto"
"Proyecto Host IA 3.0/PIPELINES/pipeline_motor_alertas_stock.py",1321,"copia_anidada_del_proyecto"
"Proyecto Host IA 3.0/PIPELINES/pipeline_motor_conversacional_308.py",1728,"copia_anidada_del_proyecto"
"Proyecto Host IA 3.0/PIPELINES/pipeline_motor_inteligente_pedidos.py",1603,"copia_anidada_del_proyecto"
"Proyecto Host IA 3.0/PIPELINES/pipeline_motor_ocr_simulado.py",1502,"copia_anidada_del_proyecto"
"Proyecto Host IA 3.0/PIPELINES/pipeline_motor_optimizacion_carta.py",1255,"copia_anidada_del_proyecto"
"Proyecto Host IA 3.0/PIPELINES/pipeline_motor_recomendaciones_compras.py",1021,"copia_anidada_del_proyecto"
"Proyecto Host IA 3.0/PIPELINES/pipeline_optimizador_inteligente_produccion.py",1302,"copia_anidada_del_proyecto"
"Proyecto Host IA 3.0/PIPELINES/pipeline_optimizador_inteligente_recetas.py",1286,"copia_anidada_del_proyecto"
"Proyecto Host IA 3.0/PIPELINES/pipeline_optimizador_stock.py",1170,"copia_anidada_del_proyecto"
"Proyecto Host IA 3.0/PIPELINES/pipeline_parser_lineas_factura.py",1994,"copia_anidada_del_proyecto"
"Proyecto Host IA 3.0/PIPELINES/pipeline_pdf_facturas.py",2262,"copia_anidada_del_proyecto"
"Proyecto Host IA 3.0/PIPELINES/pipeline_persistencia.py",1513,"copia_anidada_del_proyecto"
"Proyecto Host IA 3.0/PIPELINES/pipeline_planificador_inteligente_produccion.py",1319,"copia_anidada_del_proyecto"
"Proyecto Host IA 3.0/PIPELINES/pipeline_prediccion_inteligente_precios.py",1508,"copia_anidada_del_proyecto"
"Proyecto Host IA 3.0/PIPELINES/pipeline_prediccion_inteligente_rentabilidad.py",1270,"copia_anidada_del_proyecto"
"Proyecto Host IA 3.0/PIPELINES/pipeline_prediccion_necesidades_stock.py",1260,"copia_anidada_del_proyecto"
"Proyecto Host IA 3.0/PIPELINES/pipeline_prediccion_roturas_stock.py",1491,"copia_anidada_del_proyecto"
"Proyecto Host IA 3.0/PIPELINES/pipeline_produccion_completa.py",1855,"copia_anidada_del_proyecto"
"Proyecto Host IA 3.0/PIPELINES/pipeline_produccion_real.py",3074,"copia_anidada_del_proyecto"
"Proyecto Host IA 3.0/PIPELINES/pipeline_proveedores_pdf.py",2218,"copia_anidada_del_proyecto"
"Proyecto Host IA 3.0/PIPELINES/pipeline_reconciliador_inteligente_stock.py",1239,"copia_anidada_del_proyecto"
"Proyecto Host IA 3.0/PIPELINES/pipeline_reconciliador_stock_factura.py",1525,"copia_anidada_del_proyecto"
"Proyecto Host IA 3.0/PIPELINES/pipeline_relacionador_automatico_articulos_factura.py",3491,"copia_anidada_del_proyecto"
"Proyecto Host IA 3.0/PIPELINES/pipeline_replanificador_inteligente_produccion.py",1315,"copia_anidada_del_proyecto"
"Proyecto Host IA 3.0/PIPELINES/pipeline_resumen_ejecutivo_importaciones.py",1179,"copia_anidada_del_proyecto"
"Proyecto Host IA 3.0/PIPELINES/pipeline_selector_inteligente_motores.py",1367,"copia_anidada_del_proyecto"
"Proyecto Host IA 3.0/PIPELINES/pipeline_simulador_costes_escandallos.py",1195,"copia_anidada_del_proyecto"
"Proyecto Host IA 3.0/PIPELINES/pipeline_stock.py",3392,"copia_anidada_del_proyecto"
"Proyecto Host IA 3.0/PIPELINES/pipeline_stock_por_ubicaciones.py",1629,"copia_anidada_del_proyecto"
"Proyecto Host IA 3.0/PIPELINES/pipeline_validador_corrector_ocr.py",1461,"copia_anidada_del_proyecto"
"Proyecto Host IA 3.0/PIPELINES/pipeline_validador_lineas_factura.py",2696,"copia_anidada_del_proyecto"
"Proyecto Host IA 3.0/PIPELINES/pipeline_validador_relaciones_articulos_factura.py",2273,"copia_anidada_del_proyecto"
"Proyecto Host IA 3.0/PIPELINES/__init__.py",0,"copia_anidada_del_proyecto"
"Proyecto Host IA 3.0/Proyecto Host IA 3.0/CHANGELOG_HOST_AI_3.0.7.3_3.0.7.4.md",534,"copia_anidada_del_proyecto"
"Proyecto Host IA 3.0/Proyecto Host IA 3.0/CHANGELOG_HOST_AI_3.0.7.5_3.0.7.6.md",515,"copia_anidada_del_proyecto"
"Proyecto Host IA 3.0/Proyecto Host IA 3.0/CHANGELOG_HOST_AI_3.0.7.7_3.0.7.8.md",603,"copia_anidada_del_proyecto"
"Proyecto Host IA 3.0/Proyecto Host IA 3.0/CHANGELOG_HOST_AI_3.0.8.1_3.0.8.2.md",459,"copia_anidada_del_proyecto"
"Proyecto Host IA 3.0/Proyecto Host IA 3.0/CHANGELOG_HOST_AI_3.0.8.3_3.0.8.4.md",530,"copia_anidada_del_proyecto"
"Proyecto Host IA 3.0/Proyecto Host IA 3.0/CHANGELOG_HOST_AI_3.0.8.5_3.0.8.6.md",807,"copia_anidada_del_proyecto"
"Proyecto Host IA 3.0/Proyecto Host IA 3.0/CHANGELOG_HOST_AI_3.0.8.7_3.0.8.8.md",595,"copia_anidada_del_proyecto"
"Proyecto Host IA 3.0/Proyecto Host IA 3.0/CHANGELOG_HOST_AI_3.0_STABLE_CANDIDATE.md",331,"copia_anidada_del_proyecto"
"Proyecto Host IA 3.0/Proyecto Host IA 3.0/CHANGELOG_HOST_AI_3.5.1.md",721,"copia_anidada_del_proyecto"
"Proyecto Host IA 3.0/Proyecto Host IA 3.0/demo_host_ai_3.py",1179,"copia_anidada_del_proyecto"
"Proyecto Host IA 3.0/Proyecto Host IA 3.0/HOST_AI_3_0_STABLE_CANDIDATE.md",628,"copia_anidada_del_proyecto"
"Proyecto Host IA 3.0/Proyecto Host IA 3.0/main.py",293,"copia_anidada_del_proyecto"
"Proyecto Host IA 3.0/SERVICIOS/actualizador_inteligente_precios_factura.py",6578,"copia_anidada_del_proyecto"
"Proyecto Host IA 3.0/SERVICIOS/actualizador_inteligente_stock_factura.py",7381,"copia_anidada_del_proyecto"
"Proyecto Host IA 3.0/SERVICIOS/alertas_inteligentes_precios.py",5839,"copia_anidada_del_proyecto"
"Proyecto Host IA 3.0/SERVICIOS/alertas_inteligentes_stock.py",6333,"copia_anidada_del_proyecto"
"Proyecto Host IA 3.0/SERVICIOS/analizador_inteligente_compras.py",3843,"copia_anidada_del_proyecto"
"Proyecto Host IA 3.0/SERVICIOS/analizador_inteligente_escandallos.py",9757,"copia_anidada_del_proyecto"
"Proyecto Host IA 3.0/SERVICIOS/analizador_inteligente_produccion.py",6901,"copia_anidada_del_proyecto"
"Proyecto Host IA 3.0/SERVICIOS/analizador_inteligente_stock.py",5936,"copia_anidada_del_proyecto"
"Proyecto Host IA 3.0/SERVICIOS/analizador_lenguaje_natural.py",4735,"copia_anidada_del_proyecto"
"Proyecto Host IA 3.0/SERVICIOS/aprendizaje_relacion_proveedor.py",6221,"copia_anidada_del_proyecto"
"Proyecto Host IA 3.0/SERVICIOS/asignador_recursos_produccion.py",4851,"copia_anidada_del_proyecto"
"Proyecto Host IA 3.0/SERVICIOS/asistente_importacion_excel.py",12189,"copia_anidada_del_proyecto"
"Proyecto Host IA 3.0/SERVICIOS/asistente_inteligente_host_ai_308.py",8124,"copia_anidada_del_proyecto"
"Proyecto Host IA 3.0/SERVICIOS/auditoria_importaciones_universales.py",4366,"copia_anidada_del_proyecto"
"Proyecto Host IA 3.0/SERVICIOS/auditoria_tecnica_host_ai_351.py",10640,"copia_anidada_del_proyecto"
"Proyecto Host IA 3.0/SERVICIOS/automatizador_inteligente_308.py",5198,"copia_anidada_del_proyecto"
"Proyecto Host IA 3.0/SERVICIOS/base_actualizacion_precios_factura.py",4395,"copia_anidada_del_proyecto"
"Proyecto Host IA 3.0/SERVICIOS/base_actualizacion_stock_factura.py",3887,"copia_anidada_del_proyecto"
"Proyecto Host IA 3.0/SERVICIOS/base_datos_local.py",3658,"copia_anidada_del_proyecto"
"Proyecto Host IA 3.0/SERVICIOS/base_importador_universal_facturas.py",5561,"copia_anidada_del_proyecto"
"Proyecto Host IA 3.0/SERVICIOS/base_lineas_factura.py",2807,"copia_anidada_del_proyecto"
"Proyecto Host IA 3.0/SERVICIOS/base_ocr_documentos.py",4867,"copia_anidada_del_proyecto"
"Proyecto Host IA 3.0/SERVICIOS/base_relacion_articulos_factura.py",3688,"copia_anidada_del_proyecto"
"Proyecto Host IA 3.0/SERVICIOS/buscador_articulos_parecidos.py",7585,"copia_anidada_del_proyecto"
"Proyecto Host IA 3.0/SERVICIOS/cierre_escandallos_inteligentes.py",7682,"copia_anidada_del_proyecto"
"Proyecto Host IA 3.0/SERVICIOS/cierre_gestion_inteligente_stock.py",5216,"copia_anidada_del_proyecto"
"Proyecto Host IA 3.0/SERVICIOS/cierre_ia_conversacional_308.py",4401,"copia_anidada_del_proyecto"
"Proyecto Host IA 3.0/SERVICIOS/cierre_importador_universal.py",4245,"copia_anidada_del_proyecto"
"Proyecto Host IA 3.0/SERVICIOS/cierre_inteligencia_compras.py",4519,"copia_anidada_del_proyecto"
"Proyecto Host IA 3.0/SERVICIOS/cierre_inteligente_produccion.py",10422,"copia_anidada_del_proyecto"
"Proyecto Host IA 3.0/SERVICIOS/cierre_recepcion_mercancia_446.py",12441,"copia_anidada_del_proyecto"
"Proyecto Host IA 3.0/SERVICIOS/comparador_historico_escandallos.py",6768,"copia_anidada_del_proyecto"
"Proyecto Host IA 3.0/SERVICIOS/comparador_inteligente_proveedores.py",5212,"copia_anidada_del_proyecto"
"Proyecto Host IA 3.0/SERVICIOS/comparador_pedido_recepcion_445.py",18557,"copia_anidada_del_proyecto"
"Proyecto Host IA 3.0/SERVICIOS/comparador_proveedores_precios.py",3484,"copia_anidada_del_proyecto"
"Proyecto Host IA 3.0/SERVICIOS/control_ejecucion_produccion.py",6162,"copia_anidada_del_proyecto"
"Proyecto Host IA 3.0/SERVICIOS/control_inteligente_movimientos_stock.py",4471,"copia_anidada_del_proyecto"
"Proyecto Host IA 3.0/SERVICIOS/detector_anomalias_compras.py",13542,"copia_anidada_del_proyecto"
"Proyecto Host IA 3.0/SERVICIOS/detector_campos_linea_factura.py",6313,"copia_anidada_del_proyecto"
"Proyecto Host IA 3.0/SERVICIOS/detector_documentos_excel.py",9689,"copia_anidada_del_proyecto"
"Proyecto Host IA 3.0/SERVICIOS/detector_proveedores_pdf.py",9295,"copia_anidada_del_proyecto"
"Proyecto Host IA 3.0/SERVICIOS/ejecutor_importador_universal_facturas.py",4405,"copia_anidada_del_proyecto"
"Proyecto Host IA 3.0/SERVICIOS/generador_inteligente_respuestas.py",3946,"copia_anidada_del_proyecto"
"Proyecto Host IA 3.0/SERVICIOS/gestor_pendientes_recepcion_444.py",8507,"copia_anidada_del_proyecto"
"Proyecto Host IA 3.0/SERVICIOS/historico_inteligente_precios.py",5255,"copia_anidada_del_proyecto"
"Proyecto Host IA 3.0/SERVICIOS/historico_inteligente_stock.py",5976,"copia_anidada_del_proyecto"
"Proyecto Host IA 3.0/SERVICIOS/importador_articulos_excel.py",9184,"copia_anidada_del_proyecto"
"Proyecto Host IA 3.0/SERVICIOS/importador_escandallos_excel.py",8831,"copia_anidada_del_proyecto"
"Proyecto Host IA 3.0/SERVICIOS/importador_inventario_excel.py",12815,"copia_anidada_del_proyecto"
"Proyecto Host IA 3.0/SERVICIOS/lector_completo_lineas_factura.py",4470,"copia_anidada_del_proyecto"
"Proyecto Host IA 3.0/SERVICIOS/lector_excel.py",7064,"copia_anidada_del_proyecto"
"Proyecto Host IA 3.0/SERVICIOS/lector_facturas_con_ocr.py",4544,"copia_anidada_del_proyecto"
"Proyecto Host IA 3.0/SERVICIOS/lector_facturas_mercancia_449.py",5554,"copia_anidada_del_proyecto"
"Proyecto Host IA 3.0/SERVICIOS/lector_fotos_albaranes_448.py",4622,"copia_anidada_del_proyecto"
"Proyecto Host IA 3.0/SERVICIOS/lector_pdf_albaranes_447.py",6106,"copia_anidada_del_proyecto"
"Proyecto Host IA 3.0/SERVICIOS/lector_pdf_facturas.py",7842,"copia_anidada_del_proyecto"
"Proyecto Host IA 3.0/SERVICIOS/mapeador_columnas_excel.py",9930,"copia_anidada_del_proyecto"
"Proyecto Host IA 3.0/SERVICIOS/memoria_conversacional_308.py",5576,"copia_anidada_del_proyecto"
"Proyecto Host IA 3.0/SERVICIOS/motor_alertas_escandallos.py",5072,"copia_anidada_del_proyecto"
"Proyecto Host IA 3.0/SERVICIOS/motor_alertas_produccion.py",5399,"copia_anidada_del_proyecto"
"Proyecto Host IA 3.0/SERVICIOS/motor_alertas_stock.py",5538,"copia_anidada_del_proyecto"
"Proyecto Host IA 3.0/SERVICIOS/motor_conversacional_308.py",4819,"copia_anidada_del_proyecto"
"Proyecto Host IA 3.0/SERVICIOS/motor_inteligente_pedidos.py",7801,"copia_anidada_del_proyecto"
"Proyecto Host IA 3.0/SERVICIOS/motor_ocr_simulado.py",3654,"copia_anidada_del_proyecto"
"Proyecto Host IA 3.0/SERVICIOS/motor_optimizacion_carta.py",12392,"copia_anidada_del_proyecto"
"Proyecto Host IA 3.0/SERVICIOS/motor_recomendaciones_compras.py",2156,"copia_anidada_del_proyecto"
"Proyecto Host IA 3.0/SERVICIOS/optimizador_inteligente_produccion.py",12726,"copia_anidada_del_proyecto"
"Proyecto Host IA 3.0/SERVICIOS/optimizador_inteligente_recetas.py",6518,"copia_anidada_del_proyecto"
"Proyecto Host IA 3.0/SERVICIOS/optimizador_stock.py",5592,"copia_anidada_del_proyecto"
"Proyecto Host IA 3.0/SERVICIOS/parser_lineas_factura.py",8816,"copia_anidada_del_proyecto"
"Proyecto Host IA 3.0/SERVICIOS/planificador_inteligente_produccion.py",7259,"copia_anidada_del_proyecto"
"Proyecto Host IA 3.0/SERVICIOS/prediccion_inteligente_precios.py",5252,"copia_anidada_del_proyecto"
"Proyecto Host IA 3.0/SERVICIOS/prediccion_inteligente_rentabilidad.py",6703,"copia_anidada_del_proyecto"
"Proyecto Host IA 3.0/SERVICIOS/prediccion_necesidades_stock.py",7748,"copia_anidada_del_proyecto"
"Proyecto Host IA 3.0/SERVICIOS/prediccion_roturas_stock.py",4148,"copia_anidada_del_proyecto"
"Proyecto Host IA 3.0/SERVICIOS/recepcion_automatica_4410.py",9626,"copia_anidada_del_proyecto"
"Proyecto Host IA 3.0/SERVICIOS/reconciliador_inteligente_stock.py",5673,"copia_anidada_del_proyecto"
"Proyecto Host IA 3.0/SERVICIOS/reconciliador_stock_factura.py",4123,"copia_anidada_del_proyecto"
"Proyecto Host IA 3.0/SERVICIOS/relacionador_automatico_articulos_factura.py",9471,"copia_anidada_del_proyecto"
"Proyecto Host IA 3.0/SERVICIOS/replanificador_inteligente_produccion.py",6568,"copia_anidada_del_proyecto"
"Proyecto Host IA 3.0/SERVICIOS/resolutor_conflictos_excel.py",14977,"copia_anidada_del_proyecto"
"Proyecto Host IA 3.0/SERVICIOS/resumen_ejecutivo_importaciones.py",3865,"copia_anidada_del_proyecto"
"Proyecto Host IA 3.0/SERVICIOS/selector_inteligente_motores.py",4420,"copia_anidada_del_proyecto"
"Proyecto Host IA 3.0/SERVICIOS/simulador_costes_escandallos.py",6515,"copia_anidada_del_proyecto"
"Proyecto Host IA 3.0/SERVICIOS/stock_por_ubicaciones.py",7636,"copia_anidada_del_proyecto"
"Proyecto Host IA 3.0/SERVICIOS/validador_corrector_ocr.py",3464,"copia_anidada_del_proyecto"
"Proyecto Host IA 3.0/SERVICIOS/validador_lineas_factura.py",8711,"copia_anidada_del_proyecto"
"Proyecto Host IA 3.0/SERVICIOS/validador_relaciones_articulos_factura.py",4772,"copia_anidada_del_proyecto"
"Proyecto Host IA 3.0/SERVICIOS/__init__.py",0,"copia_anidada_del_proyecto"
"Proyecto Host IA 3.0/TESTS/test_4410_recepcion_automatica.py",3748,"copia_anidada_del_proyecto"
"Proyecto Host IA 3.0/TESTS/test_445_comparador_pedido_recepcion.py",3004,"copia_anidada_del_proyecto"
"Proyecto Host IA 3.0/TESTS/test_446_cierre_recepcion_mercancia.py",4251,"copia_anidada_del_proyecto"
"Proyecto Host IA 3.0/TESTS/test_447_lector_pdf_albaranes.py",1633,"copia_anidada_del_proyecto"
"Proyecto Host IA 3.0/TESTS/test_448_lector_fotos_albaranes.py",1376,"copia_anidada_del_proyecto"
"Proyecto Host IA 3.0/TESTS/test_449_lector_facturas_mercancia.py",1932,"copia_anidada_del_proyecto"
"Proyecto Host IA 3.0/TESTS/test_actualizador_inteligente_precios_factura.py",2198,"copia_anidada_del_proyecto"
"Proyecto Host IA 3.0/TESTS/test_actualizador_inteligente_stock_factura.py",1990,"copia_anidada_del_proyecto"
"Proyecto Host IA 3.0/TESTS/test_alertas_inteligentes_precios.py",1859,"copia_anidada_del_proyecto"
"Proyecto Host IA 3.0/TESTS/test_alertas_inteligentes_stock.py",1818,"copia_anidada_del_proyecto"
"Proyecto Host IA 3.0/TESTS/test_analizador_inteligente_compras.py",2407,"copia_anidada_del_proyecto"
"Proyecto Host IA 3.0/TESTS/test_analizador_inteligente_escandallos.py",1640,"copia_anidada_del_proyecto"
"Proyecto Host IA 3.0/TESTS/test_analizador_inteligente_produccion.py",1410,"copia_anidada_del_proyecto"
"Proyecto Host IA 3.0/TESTS/test_analizador_inteligente_stock.py",1544,"copia_anidada_del_proyecto"
"Proyecto Host IA 3.0/TESTS/test_analizador_lenguaje_natural.py",943,"copia_anidada_del_proyecto"
"Proyecto Host IA 3.0/TESTS/test_app_base_ejecutable.py",1660,"copia_anidada_del_proyecto"
"Proyecto Host IA 3.0/TESTS/test_aprendizaje_relacion_proveedor.py",2561,"copia_anidada_del_proyecto"
"Proyecto Host IA 3.0/TESTS/test_asignador_recursos_produccion.py",1396,"copia_anidada_del_proyecto"
"Proyecto Host IA 3.0/TESTS/test_asistente_conversacional.py",3119,"copia_anidada_del_proyecto"
"Proyecto Host IA 3.0/TESTS/test_asistente_importacion_excel.py",3738,"copia_anidada_del_proyecto"
"Proyecto Host IA 3.0/TESTS/test_asistente_inteligente_host_ai_308.py",996,"copia_anidada_del_proyecto"
"Proyecto Host IA 3.0/TESTS/test_auditoria_importaciones_universales.py",2375,"copia_anidada_del_proyecto"
"Proyecto Host IA 3.0/TESTS/test_auditoria_tecnica_host_ai_351.py",986,"copia_anidada_del_proyecto"
"Proyecto Host IA 3.0/TESTS/test_automatizador_inteligente_308.py",1327,"copia_anidada_del_proyecto"
"Proyecto Host IA 3.0/TESTS/test_base_actualizacion_precios_factura.py",1859,"copia_anidada_del_proyecto"
"Proyecto Host IA 3.0/TESTS/test_base_actualizacion_stock_factura.py",1812,"copia_anidada_del_proyecto"
"Proyecto Host IA 3.0/TESTS/test_base_datos_local.py",2109,"copia_anidada_del_proyecto"
"Proyecto Host IA 3.0/TESTS/test_base_importador_universal_facturas.py",2372,"copia_anidada_del_proyecto"
"Proyecto Host IA 3.0/TESTS/test_base_ocr_documentos.py",1785,"copia_anidada_del_proyecto"
"Proyecto Host IA 3.0/TESTS/test_buscador_articulos_parecidos.py",2642,"copia_anidada_del_proyecto"
"Proyecto Host IA 3.0/TESTS/test_cierre_escandallos_inteligentes.py",2262,"copia_anidada_del_proyecto"
"Proyecto Host IA 3.0/TESTS/test_cierre_gestion_inteligente_stock.py",1493,"copia_anidada_del_proyecto"
"Proyecto Host IA 3.0/TESTS/test_cierre_ia_conversacional_308.py",861,"copia_anidada_del_proyecto"
"Proyecto Host IA 3.0/TESTS/test_cierre_importador_universal.py",1339,"copia_anidada_del_proyecto"
"Proyecto Host IA 3.0/TESTS/test_cierre_inteligencia_compras.py",2102,"copia_anidada_del_proyecto"
"Proyecto Host IA 3.0/TESTS/test_cierre_inteligente_produccion.py",1408,"copia_anidada_del_proyecto"
"Proyecto Host IA 3.0/TESTS/test_comparador_historico_escandallos.py",2102,"copia_anidada_del_proyecto"
"Proyecto Host IA 3.0/TESTS/test_comparador_inteligente_proveedores.py",1261,"copia_anidada_del_proyecto"
"Proyecto Host IA 3.0/TESTS/test_comparador_proveedores_precios.py",1993,"copia_anidada_del_proyecto"
"Proyecto Host IA 3.0/TESTS/test_control_ejecucion_produccion.py",1954,"copia_anidada_del_proyecto"
"Proyecto Host IA 3.0/TESTS/test_control_inteligente_movimientos_stock.py",1592,"copia_anidada_del_proyecto"
"Proyecto Host IA 3.0/TESTS/test_detector_anomalias_compras.py",3235,"copia_anidada_del_proyecto"
"Proyecto Host IA 3.0/TESTS/test_detector_campos_linea_factura.py",1792,"copia_anidada_del_proyecto"
"Proyecto Host IA 3.0/TESTS/test_detector_documentos_excel.py",3068,"copia_anidada_del_proyecto"
"Proyecto Host IA 3.0/TESTS/test_detector_proveedores_pdf.py",2437,"copia_anidada_del_proyecto"
"Proyecto Host IA 3.0/TESTS/test_ejecutor_importador_universal_facturas.py",2475,"copia_anidada_del_proyecto"
"Proyecto Host IA 3.0/TESTS/test_escandallos_inteligentes_3071_3072.py",1563,"copia_anidada_del_proyecto"
"Proyecto Host IA 3.0/TESTS/test_escandallos_inteligentes_3071_3072_3073_3074.py",2712,"copia_anidada_del_proyecto"
"Proyecto Host IA 3.0/TESTS/test_escandallos_inteligentes_3071_3072_3073_3074_3075_3076.py",2815,"copia_anidada_del_proyecto"
"Proyecto Host IA 3.0/TESTS/test_escandallos_inteligentes_3071_3072_3073_3074_3075_3076_3077_3078.py",3621,"copia_anidada_del_proyecto"
"Proyecto Host IA 3.0/TESTS/test_generador_inteligente_respuestas.py",1215,"copia_anidada_del_proyecto"
"Proyecto Host IA 3.0/TESTS/test_gestion_inteligente_stock_3051_3052.py",1620,"copia_anidada_del_proyecto"
"Proyecto Host IA 3.0/TESTS/test_gestion_inteligente_stock_3051_3052_3053_3054.py",2331,"copia_anidada_del_proyecto"
"Proyecto Host IA 3.0/TESTS/test_gestion_inteligente_stock_3051_3052_3053_3054_3055_3056.py",2936,"copia_anidada_del_proyecto"
"Proyecto Host IA 3.0/TESTS/test_gestion_inteligente_stock_3051_3052_3053_3054_3055_3056_3057_3058.py",2258,"copia_anidada_del_proyecto"
"Proyecto Host IA 3.0/TESTS/test_historico_inteligente_precios.py",1930,"copia_anidada_del_proyecto"
"Proyecto Host IA 3.0/TESTS/test_historico_inteligente_stock.py",1758,"copia_anidada_del_proyecto"
"Proyecto Host IA 3.0/TESTS/test_host_ai_3_0_completo.py",1373,"copia_anidada_del_proyecto"
"Proyecto Host IA 3.0/TESTS/test_host_ai_3_0_stable.py",2232,"copia_anidada_del_proyecto"
"Proyecto Host IA 3.0/TESTS/test_ia_conversacional_3081_3082.py",1169,"copia_anidada_del_proyecto"
"Proyecto Host IA 3.0/TESTS/test_ia_conversacional_3081_3082_3083_3084.py",1511,"copia_anidada_del_proyecto"
"Proyecto Host IA 3.0/TESTS/test_ia_conversacional_3081_3082_3083_3084_3085_3086.py",1903,"copia_anidada_del_proyecto"
"Proyecto Host IA 3.0/TESTS/test_ia_conversacional_3081_3082_3083_3084_3085_3086_3087_3088.py",2361,"copia_anidada_del_proyecto"
"Proyecto Host IA 3.0/TESTS/test_importador_articulos_excel.py",2714,"copia_anidada_del_proyecto"
"Proyecto Host IA 3.0/TESTS/test_importador_escandallos_excel.py",2979,"copia_anidada_del_proyecto"
"Proyecto Host IA 3.0/TESTS/test_importador_inventario_excel.py",3177,"copia_anidada_del_proyecto"
"Proyecto Host IA 3.0/TESTS/test_inteligencia_compras_3041_3042_3043_3044.py",3177,"copia_anidada_del_proyecto"
"Proyecto Host IA 3.0/TESTS/test_inteligencia_compras_3041_3042_3043_3044_3045_3046.py",3134,"copia_anidada_del_proyecto"
"Proyecto Host IA 3.0/TESTS/test_inteligencia_compras_3041_3042_3043_3044_3045_3046_3047_3048.py",3506,"copia_anidada_del_proyecto"
"Proyecto Host IA 3.0/TESTS/test_lector_completo_lineas_factura.py",1757,"copia_anidada_del_proyecto"
"Proyecto Host IA 3.0/TESTS/test_lector_excel.py",2828,"copia_anidada_del_proyecto"
"Proyecto Host IA 3.0/TESTS/test_lector_facturas_con_ocr.py",2373,"copia_anidada_del_proyecto"
"Proyecto Host IA 3.0/TESTS/test_lector_pdf_facturas.py",2740,"copia_anidada_del_proyecto"
"Proyecto Host IA 3.0/TESTS/test_mapeador_columnas_excel.py",3201,"copia_anidada_del_proyecto"
"Proyecto Host IA 3.0/TESTS/test_memoria_conversacional_308.py",1364,"copia_anidada_del_proyecto"
"Proyecto Host IA 3.0/TESTS/test_modelos_lineas_factura.py",1974,"copia_anidada_del_proyecto"
"Proyecto Host IA 3.0/TESTS/test_modelos_relacion_articulos_factura.py",2066,"copia_anidada_del_proyecto"
"Proyecto Host IA 3.0/TESTS/test_modulo_costes_inteligente.py",5217,"copia_anidada_del_proyecto"
"Proyecto Host IA 3.0/TESTS/test_motor_alertas_escandallos.py",1363,"copia_anidada_del_proyecto"
"Proyecto Host IA 3.0/TESTS/test_motor_alertas_produccion.py",1390,"copia_anidada_del_proyecto"
"Proyecto Host IA 3.0/TESTS/test_motor_alertas_stock.py",1524,"copia_anidada_del_proyecto"
"Proyecto Host IA 3.0/TESTS/test_motor_conversacional_308.py",1236,"copia_anidada_del_proyecto"
"Proyecto Host IA 3.0/TESTS/test_motor_escandallos_inteligente.py",4246,"copia_anidada_del_proyecto"
"Proyecto Host IA 3.0/TESTS/test_motor_ia_culinaria.py",3604,"copia_anidada_del_proyecto"
"Proyecto Host IA 3.0/TESTS/test_motor_inteligente_pedidos.py",1736,"copia_anidada_del_proyecto"
"Proyecto Host IA 3.0/TESTS/test_motor_ocr_simulado.py",1851,"copia_anidada_del_proyecto"
"Proyecto Host IA 3.0/TESTS/test_motor_optimizacion_carta.py",2606,"copia_anidada_del_proyecto"
"Proyecto Host IA 3.0/TESTS/test_motor_produccion_real.py",4225,"copia_anidada_del_proyecto"
"Proyecto Host IA 3.0/TESTS/test_motor_recomendaciones_compras.py",1019,"copia_anidada_del_proyecto"
"Proyecto Host IA 3.0/TESTS/test_optimizador_inteligente_produccion.py",2080,"copia_anidada_del_proyecto"
"Proyecto Host IA 3.0/TESTS/test_optimizador_inteligente_recetas.py",2182,"copia_anidada_del_proyecto"
"Proyecto Host IA 3.0/TESTS/test_optimizador_stock.py",1546,"copia_anidada_del_proyecto"
"Proyecto Host IA 3.0/TESTS/test_parser_lineas_factura.py",1997,"copia_anidada_del_proyecto"
"Proyecto Host IA 3.0/TESTS/test_pipeline_compras.py",2470,"copia_anidada_del_proyecto"
"Proyecto Host IA 3.0/TESTS/test_pipeline_produccion_completa.py",3301,"copia_anidada_del_proyecto"
"Proyecto Host IA 3.0/TESTS/test_pipeline_stock.py",2877,"copia_anidada_del_proyecto"
"Proyecto Host IA 3.0/TESTS/test_planificador_inteligente_produccion.py",1429,"copia_anidada_del_proyecto"
"Proyecto Host IA 3.0/TESTS/test_prediccion_inteligente_precios.py",2111,"copia_anidada_del_proyecto"
"Proyecto Host IA 3.0/TESTS/test_prediccion_inteligente_rentabilidad.py",2031,"copia_anidada_del_proyecto"
"Proyecto Host IA 3.0/TESTS/test_prediccion_necesidades_stock.py",1450,"copia_anidada_del_proyecto"
"Proyecto Host IA 3.0/TESTS/test_prediccion_roturas_stock.py",1249,"copia_anidada_del_proyecto"
"Proyecto Host IA 3.0/TESTS/test_produccion_3061_3062.py",1443,"copia_anidada_del_proyecto"
"Proyecto Host IA 3.0/TESTS/test_produccion_3061_3062_3063_3064.py",1891,"copia_anidada_del_proyecto"
"Proyecto Host IA 3.0/TESTS/test_produccion_3061_3062_3063_3064_3065_3066.py",2768,"copia_anidada_del_proyecto"
"Proyecto Host IA 3.0/TESTS/test_produccion_3061_3062_3063_3064_3065_3066_3067_3068.py",3482,"copia_anidada_del_proyecto"
"Proyecto Host IA 3.0/TESTS/test_reconciliador_inteligente_stock.py",1591,"copia_anidada_del_proyecto"
"Proyecto Host IA 3.0/TESTS/test_reconciliador_stock_factura.py",1866,"copia_anidada_del_proyecto"
"Proyecto Host IA 3.0/TESTS/test_registro_pipelines_api.py",2776,"copia_anidada_del_proyecto"
"Proyecto Host IA 3.0/TESTS/test_relacionador_automatico_articulos_factura.py",2799,"copia_anidada_del_proyecto"
"Proyecto Host IA 3.0/TESTS/test_replanificador_inteligente_produccion.py",1750,"copia_anidada_del_proyecto"
"Proyecto Host IA 3.0/TESTS/test_resolucion_conflictos_excel.py",2885,"copia_anidada_del_proyecto"
"Proyecto Host IA 3.0/TESTS/test_resumen_ejecutivo_importaciones.py",2030,"copia_anidada_del_proyecto"
"Proyecto Host IA 3.0/TESTS/test_selector_inteligente_motores.py",1106,"copia_anidada_del_proyecto"
"Proyecto Host IA 3.0/TESTS/test_simulador_costes_escandallos.py",1992,"copia_anidada_del_proyecto"
"Proyecto Host IA 3.0/TESTS/test_stock_por_ubicaciones.py",1673,"copia_anidada_del_proyecto"
"Proyecto Host IA 3.0/TESTS/test_validador_corrector_ocr.py",1322,"copia_anidada_del_proyecto"
"Proyecto Host IA 3.0/TESTS/test_validador_lineas_factura.py",2665,"copia_anidada_del_proyecto"
"Proyecto Host IA 3.0/TESTS/test_validador_relaciones_articulos_factura.py",2220,"copia_anidada_del_proyecto"
"Proyecto Host IA 3.0/__pycache__/demo_host_ai_3.cpython-313.pyc",2143,"copia_anidada_del_proyecto"
"Proyecto Host IA 3.0/__pycache__/main.cpython-313.pyc",746,"copia_anidada_del_proyecto"
"Proyecto Host IA 3.0/TESTS/__pycache__/test_actualizador_inteligente_precios_factura.cpython-313.pyc",3671,"copia_anidada_del_proyecto"
"Proyecto Host IA 3.0/TESTS/__pycache__/test_actualizador_inteligente_stock_factura.cpython-313.pyc",3477,"copia_anidada_del_proyecto"
"Proyecto Host IA 3.0/TESTS/__pycache__/test_alertas_inteligentes_precios.cpython-313.pyc",3304,"copia_anidada_del_proyecto"
"Proyecto Host IA 3.0/TESTS/__pycache__/test_alertas_inteligentes_stock.cpython-313.pyc",3312,"copia_anidada_del_proyecto"
"Proyecto Host IA 3.0/TESTS/__pycache__/test_analizador_inteligente_compras.cpython-313.pyc",3666,"copia_anidada_del_proyecto"
"Proyecto Host IA 3.0/TESTS/__pycache__/test_analizador_inteligente_escandallos.cpython-313.pyc",2774,"copia_anidada_del_proyecto"
"Proyecto Host IA 3.0/TESTS/__pycache__/test_analizador_inteligente_produccion.cpython-313.pyc",2387,"copia_anidada_del_proyecto"
"Proyecto Host IA 3.0/TESTS/__pycache__/test_analizador_inteligente_stock.cpython-313.pyc",2628,"copia_anidada_del_proyecto"
"Proyecto Host IA 3.0/TESTS/__pycache__/test_analizador_lenguaje_natural.cpython-313.pyc",1985,"copia_anidada_del_proyecto"
"Proyecto Host IA 3.0/TESTS/__pycache__/test_app_base_ejecutable.cpython-313.pyc",2819,"copia_anidada_del_proyecto"
"Proyecto Host IA 3.0/TESTS/__pycache__/test_aprendizaje_relacion_proveedor.cpython-313.pyc",3992,"copia_anidada_del_proyecto"
"Proyecto Host IA 3.0/TESTS/__pycache__/test_asignador_recursos_produccion.cpython-313.pyc",2385,"copia_anidada_del_proyecto"
"Proyecto Host IA 3.0/TESTS/__pycache__/test_asistente_conversacional.cpython-313.pyc",4985,"copia_anidada_del_proyecto"
"Proyecto Host IA 3.0/TESTS/__pycache__/test_asistente_importacion_excel.cpython-313.pyc",5978,"copia_anidada_del_proyecto"
"Proyecto Host IA 3.0/TESTS/__pycache__/test_asistente_inteligente_host_ai_308.cpython-313.pyc",2215,"copia_anidada_del_proyecto"
"Proyecto Host IA 3.0/TESTS/__pycache__/test_auditoria_importaciones_universales.cpython-313.pyc",4187,"copia_anidada_del_proyecto"
"Proyecto Host IA 3.0/TESTS/__pycache__/test_automatizador_inteligente_308.cpython-313.pyc",2582,"copia_anidada_del_proyecto"
"Proyecto Host IA 3.0/TESTS/__pycache__/test_base_actualizacion_precios_factura.cpython-313.pyc",3304,"copia_anidada_del_proyecto"
"Proyecto Host IA 3.0/TESTS/__pycache__/test_base_actualizacion_stock_factura.cpython-313.pyc",3219,"copia_anidada_del_proyecto"
"Proyecto Host IA 3.0/TESTS/__pycache__/test_base_datos_local.cpython-313.pyc",3801,"copia_anidada_del_proyecto"
"Proyecto Host IA 3.0/TESTS/__pycache__/test_base_importador_universal_facturas.cpython-313.pyc",4183,"copia_anidada_del_proyecto"
"Proyecto Host IA 3.0/TESTS/__pycache__/test_base_ocr_documentos.cpython-313.pyc",3464,"copia_anidada_del_proyecto"
"Proyecto Host IA 3.0/TESTS/__pycache__/test_buscador_articulos_parecidos.cpython-313.pyc",3887,"copia_anidada_del_proyecto"
"Proyecto Host IA 3.0/TESTS/__pycache__/test_cierre_escandallos_inteligentes.cpython-313.pyc",3118,"copia_anidada_del_proyecto"
"Proyecto Host IA 3.0/TESTS/__pycache__/test_cierre_gestion_inteligente_stock.cpython-313.pyc",2640,"copia_anidada_del_proyecto"
"Proyecto Host IA 3.0/TESTS/__pycache__/test_cierre_ia_conversacional_308.cpython-313.pyc",1994,"copia_anidada_del_proyecto"
"Proyecto Host IA 3.0/TESTS/__pycache__/test_cierre_importador_universal.cpython-313.pyc",2730,"copia_anidada_del_proyecto"
"Proyecto Host IA 3.0/TESTS/__pycache__/test_cierre_inteligencia_compras.cpython-313.pyc",3458,"copia_anidada_del_proyecto"
"Proyecto Host IA 3.0/TESTS/__pycache__/test_cierre_inteligente_produccion.cpython-313.pyc",2391,"copia_anidada_del_proyecto"
"Proyecto Host IA 3.0/TESTS/__pycache__/test_comparador_historico_escandallos.cpython-313.pyc",2920,"copia_anidada_del_proyecto"
"Proyecto Host IA 3.0/TESTS/__pycache__/test_comparador_inteligente_proveedores.cpython-313.pyc",2388,"copia_anidada_del_proyecto"
"Proyecto Host IA 3.0/TESTS/__pycache__/test_comparador_proveedores_precios.cpython-313.pyc",3423,"copia_anidada_del_proyecto"
"Proyecto Host IA 3.0/TESTS/__pycache__/test_control_ejecucion_produccion.cpython-313.pyc",3120,"copia_anidada_del_proyecto"
"Proyecto Host IA 3.0/TESTS/__pycache__/test_control_inteligente_movimientos_stock.cpython-313.pyc",2656,"copia_anidada_del_proyecto"
"Proyecto Host IA 3.0/TESTS/__pycache__/test_detector_anomalias_compras.cpython-313.pyc",4433,"copia_anidada_del_proyecto"
"Proyecto Host IA 3.0/TESTS/__pycache__/test_detector_campos_linea_factura.cpython-313.pyc",3366,"copia_anidada_del_proyecto"
"Proyecto Host IA 3.0/TESTS/__pycache__/test_detector_documentos_excel.cpython-313.pyc",5062,"copia_anidada_del_proyecto"
"Proyecto Host IA 3.0/TESTS/__pycache__/test_detector_proveedores_pdf.cpython-313.pyc",4112,"copia_anidada_del_proyecto"
"Proyecto Host IA 3.0/TESTS/__pycache__/test_ejecutor_importador_universal_facturas.cpython-313.pyc",4093,"copia_anidada_del_proyecto"
"Proyecto Host IA 3.0/TESTS/__pycache__/test_escandallos_inteligentes_3071_3072.cpython-313.pyc",2776,"copia_anidada_del_proyecto"
"Proyecto Host IA 3.0/TESTS/__pycache__/test_escandallos_inteligentes_3071_3072_3073_3074.cpython-313.pyc",4100,"copia_anidada_del_proyecto"
"Proyecto Host IA 3.0/TESTS/__pycache__/test_escandallos_inteligentes_3071_3072_3073_3074_3075_3076.cpython-313.pyc",4596,"copia_anidada_del_proyecto"
"Proyecto Host IA 3.0/TESTS/__pycache__/test_escandallos_inteligentes_3071_3072_3073_3074_3075_3076_3077_3078.cpython-313.pyc",5766,"copia_anidada_del_proyecto"
"Proyecto Host IA 3.0/TESTS/__pycache__/test_generador_inteligente_respuestas.cpython-313.pyc",2379,"copia_anidada_del_proyecto"
"Proyecto Host IA 3.0/TESTS/__pycache__/test_gestion_inteligente_stock_3051_3052.cpython-313.pyc",2910,"copia_anidada_del_proyecto"
"Proyecto Host IA 3.0/TESTS/__pycache__/test_gestion_inteligente_stock_3051_3052_3053_3054.cpython-313.pyc",3748,"copia_anidada_del_proyecto"
"Proyecto Host IA 3.0/TESTS/__pycache__/test_gestion_inteligente_stock_3051_3052_3053_3054_3055_3056.cpython-313.pyc",4635,"copia_anidada_del_proyecto"
"Proyecto Host IA 3.0/TESTS/__pycache__/test_gestion_inteligente_stock_3051_3052_3053_3054_3055_3056_3057_3058.cpython-313.pyc",3539,"copia_anidada_del_proyecto"
"Proyecto Host IA 3.0/TESTS/__pycache__/test_historico_inteligente_precios.cpython-313.pyc",3387,"copia_anidada_del_proyecto"
"Proyecto Host IA 3.0/TESTS/__pycache__/test_historico_inteligente_stock.cpython-313.pyc",3231,"copia_anidada_del_proyecto"
"Proyecto Host IA 3.0/TESTS/__pycache__/test_host_ai_3_0_stable.cpython-313.pyc",3907,"copia_anidada_del_proyecto"
"Proyecto Host IA 3.0/TESTS/__pycache__/test_ia_conversacional_3081_3082.cpython-313.pyc",2447,"copia_anidada_del_proyecto"
"Proyecto Host IA 3.0/TESTS/__pycache__/test_ia_conversacional_3081_3082_3083_3084.cpython-313.pyc",3140,"copia_anidada_del_proyecto"
"Proyecto Host IA 3.0/TESTS/__pycache__/test_ia_conversacional_3081_3082_3083_3084_3085_3086.cpython-313.pyc",3633,"copia_anidada_del_proyecto"
"Proyecto Host IA 3.0/TESTS/__pycache__/test_ia_conversacional_3081_3082_3083_3084_3085_3086_3087_3088.cpython-313.pyc",4428,"copia_anidada_del_proyecto"
"Proyecto Host IA 3.0/TESTS/__pycache__/test_importador_articulos_excel.cpython-313.pyc",4764,"copia_anidada_del_proyecto"
"Proyecto Host IA 3.0/TESTS/__pycache__/test_importador_escandallos_excel.cpython-313.pyc",5190,"copia_anidada_del_proyecto"
"Proyecto Host IA 3.0/TESTS/__pycache__/test_importador_inventario_excel.cpython-313.pyc",5655,"copia_anidada_del_proyecto"
"Proyecto Host IA 3.0/TESTS/__pycache__/test_inteligencia_compras_3041_3042_3043_3044.cpython-313.pyc",4503,"copia_anidada_del_proyecto"
"Proyecto Host IA 3.0/TESTS/__pycache__/test_inteligencia_compras_3041_3042_3043_3044_3045_3046.cpython-313.pyc",4965,"copia_anidada_del_proyecto"
"Proyecto Host IA 3.0/TESTS/__pycache__/test_inteligencia_compras_3041_3042_3043_3044_3045_3046_3047_3048.cpython-313.pyc",5711,"copia_anidada_del_proyecto"
"Proyecto Host IA 3.0/TESTS/__pycache__/test_lector_completo_lineas_factura.cpython-313.pyc",3082,"copia_anidada_del_proyecto"
"Proyecto Host IA 3.0/TESTS/__pycache__/test_lector_excel.cpython-313.pyc",4869,"copia_anidada_del_proyecto"
"Proyecto Host IA 3.0/TESTS/__pycache__/test_lector_facturas_con_ocr.cpython-313.pyc",4102,"copia_anidada_del_proyecto"
"Proyecto Host IA 3.0/TESTS/__pycache__/test_lector_pdf_facturas.cpython-313.pyc",4673,"copia_anidada_del_proyecto"
"Proyecto Host IA 3.0/TESTS/__pycache__/test_mapeador_columnas_excel.cpython-313.pyc",5487,"copia_anidada_del_proyecto"
"Proyecto Host IA 3.0/TESTS/__pycache__/test_memoria_conversacional_308.cpython-313.pyc",2604,"copia_anidada_del_proyecto"
"Proyecto Host IA 3.0/TESTS/__pycache__/test_modelos_lineas_factura.cpython-313.pyc",3368,"copia_anidada_del_proyecto"
"Proyecto Host IA 3.0/TESTS/__pycache__/test_modelos_relacion_articulos_factura.cpython-313.pyc",3418,"copia_anidada_del_proyecto"
"Proyecto Host IA 3.0/TESTS/__pycache__/test_modulo_costes_inteligente.cpython-313.pyc",6762,"copia_anidada_del_proyecto"
"Proyecto Host IA 3.0/TESTS/__pycache__/test_motor_alertas_escandallos.cpython-313.pyc",2404,"copia_anidada_del_proyecto"
"Proyecto Host IA 3.0/TESTS/__pycache__/test_motor_alertas_produccion.cpython-313.pyc",2542,"copia_anidada_del_proyecto"
"Proyecto Host IA 3.0/TESTS/__pycache__/test_motor_alertas_stock.cpython-313.pyc",2848,"copia_anidada_del_proyecto"
"Proyecto Host IA 3.0/TESTS/__pycache__/test_motor_conversacional_308.cpython-313.pyc",2572,"copia_anidada_del_proyecto"
"Proyecto Host IA 3.0/TESTS/__pycache__/test_motor_escandallos_inteligente.cpython-313.pyc",5916,"copia_anidada_del_proyecto"
"Proyecto Host IA 3.0/TESTS/__pycache__/test_motor_ia_culinaria.cpython-313.pyc",5164,"copia_anidada_del_proyecto"
"Proyecto Host IA 3.0/TESTS/__pycache__/test_motor_inteligente_pedidos.cpython-313.pyc",3281,"copia_anidada_del_proyecto"
"Proyecto Host IA 3.0/TESTS/__pycache__/test_motor_ocr_simulado.cpython-313.pyc",3513,"copia_anidada_del_proyecto"
"Proyecto Host IA 3.0/TESTS/__pycache__/test_motor_optimizacion_carta.cpython-313.pyc",3858,"copia_anidada_del_proyecto"
"Proyecto Host IA 3.0/TESTS/__pycache__/test_motor_produccion_real.cpython-313.pyc",6125,"copia_anidada_del_proyecto"
"Proyecto Host IA 3.0/TESTS/__pycache__/test_motor_recomendaciones_compras.cpython-313.pyc",2138,"copia_anidada_del_proyecto"
"Proyecto Host IA 3.0/TESTS/__pycache__/test_optimizador_inteligente_produccion.cpython-313.pyc",3474,"copia_anidada_del_proyecto"
"Proyecto Host IA 3.0/TESTS/__pycache__/test_optimizador_inteligente_recetas.cpython-313.pyc",3118,"copia_anidada_del_proyecto"
"Proyecto Host IA 3.0/TESTS/__pycache__/test_optimizador_stock.cpython-313.pyc",3002,"copia_anidada_del_proyecto"
"Proyecto Host IA 3.0/TESTS/__pycache__/test_parser_lineas_factura.cpython-313.pyc",3485,"copia_anidada_del_proyecto"
"Proyecto Host IA 3.0/TESTS/__pycache__/test_pipeline_compras.cpython-313.pyc",3933,"copia_anidada_del_proyecto"
"Proyecto Host IA 3.0/TESTS/__pycache__/test_pipeline_produccion_completa.cpython-313.pyc",5290,"copia_anidada_del_proyecto"
"Proyecto Host IA 3.0/TESTS/__pycache__/test_pipeline_stock.cpython-313.pyc",4767,"copia_anidada_del_proyecto"
"Proyecto Host IA 3.0/TESTS/__pycache__/test_planificador_inteligente_produccion.cpython-313.pyc",2446,"copia_anidada_del_proyecto"
"Proyecto Host IA 3.0/TESTS/__pycache__/test_prediccion_inteligente_precios.cpython-313.pyc",3832,"copia_anidada_del_proyecto"
"Proyecto Host IA 3.0/TESTS/__pycache__/test_prediccion_inteligente_rentabilidad.cpython-313.pyc",2988,"copia_anidada_del_proyecto"
"Proyecto Host IA 3.0/TESTS/__pycache__/test_prediccion_necesidades_stock.cpython-313.pyc",2564,"copia_anidada_del_proyecto"
"Proyecto Host IA 3.0/TESTS/__pycache__/test_prediccion_roturas_stock.cpython-313.pyc",2444,"copia_anidada_del_proyecto"
"Proyecto Host IA 3.0/TESTS/__pycache__/test_produccion_3061_3062.cpython-313.pyc",2445,"copia_anidada_del_proyecto"
"Proyecto Host IA 3.0/TESTS/__pycache__/test_produccion_3061_3062_3063_3064.cpython-313.pyc",3087,"copia_anidada_del_proyecto"
"Proyecto Host IA 3.0/TESTS/__pycache__/test_produccion_3061_3062_3063_3064_3065_3066.cpython-313.pyc",4434,"copia_anidada_del_proyecto"
"Proyecto Host IA 3.0/TESTS/__pycache__/test_produccion_3061_3062_3063_3064_3065_3066_3067_3068.cpython-313.pyc",5708,"copia_anidada_del_proyecto"
"Proyecto Host IA 3.0/TESTS/__pycache__/test_reconciliador_inteligente_stock.cpython-313.pyc",2865,"copia_anidada_del_proyecto"
"Proyecto Host IA 3.0/TESTS/__pycache__/test_reconciliador_stock_factura.cpython-313.pyc",3313,"copia_anidada_del_proyecto"
"Proyecto Host IA 3.0/TESTS/__pycache__/test_registro_pipelines_api.cpython-313.pyc",3916,"copia_anidada_del_proyecto"
"Proyecto Host IA 3.0/TESTS/__pycache__/test_relacionador_automatico_articulos_factura.cpython-313.pyc",4090,"copia_anidada_del_proyecto"
"Proyecto Host IA 3.0/TESTS/__pycache__/test_replanificador_inteligente_produccion.cpython-313.pyc",2993,"copia_anidada_del_proyecto"
"Proyecto Host IA 3.0/TESTS/__pycache__/test_resolucion_conflictos_excel.cpython-313.pyc",4500,"copia_anidada_del_proyecto"
"Proyecto Host IA 3.0/TESTS/__pycache__/test_resumen_ejecutivo_importaciones.cpython-313.pyc",3243,"copia_anidada_del_proyecto"
"Proyecto Host IA 3.0/TESTS/__pycache__/test_selector_inteligente_motores.cpython-313.pyc",2132,"copia_anidada_del_proyecto"
"Proyecto Host IA 3.0/TESTS/__pycache__/test_simulador_costes_escandallos.cpython-313.pyc",2917,"copia_anidada_del_proyecto"
"Proyecto Host IA 3.0/TESTS/__pycache__/test_stock_por_ubicaciones.cpython-313.pyc",3029,"copia_anidada_del_proyecto"
"Proyecto Host IA 3.0/TESTS/__pycache__/test_validador_corrector_ocr.cpython-313.pyc",2697,"copia_anidada_del_proyecto"
"Proyecto Host IA 3.0/TESTS/__pycache__/test_validador_lineas_factura.cpython-313.pyc",4169,"copia_anidada_del_proyecto"
"Proyecto Host IA 3.0/TESTS/__pycache__/test_validador_relaciones_articulos_factura.cpython-313.pyc",3717,"copia_anidada_del_proyecto"
"Proyecto Host IA 3.0/SERVICIOS/__pycache__/actualizador_inteligente_precios_factura.cpython-313.pyc",9192,"copia_anidada_del_proyecto"
"Proyecto Host IA 3.0/SERVICIOS/__pycache__/actualizador_inteligente_stock_factura.cpython-313.pyc",9995,"copia_anidada_del_proyecto"
"Proyecto Host IA 3.0/SERVICIOS/__pycache__/alertas_inteligentes_precios.cpython-313.pyc",7519,"copia_anidada_del_proyecto"
"Proyecto Host IA 3.0/SERVICIOS/__pycache__/alertas_inteligentes_stock.cpython-313.pyc",7672,"copia_anidada_del_proyecto"
"Proyecto Host IA 3.0/SERVICIOS/__pycache__/analizador_inteligente_compras.cpython-313.pyc",5718,"copia_anidada_del_proyecto"
"Proyecto Host IA 3.0/SERVICIOS/__pycache__/analizador_inteligente_escandallos.cpython-313.pyc",15018,"copia_anidada_del_proyecto"
"Proyecto Host IA 3.0/SERVICIOS/__pycache__/analizador_inteligente_produccion.cpython-313.pyc",10844,"copia_anidada_del_proyecto"
"Proyecto Host IA 3.0/SERVICIOS/__pycache__/analizador_inteligente_stock.cpython-313.pyc",9980,"copia_anidada_del_proyecto"
"Proyecto Host IA 3.0/SERVICIOS/__pycache__/analizador_lenguaje_natural.cpython-313.pyc",7319,"copia_anidada_del_proyecto"
"Proyecto Host IA 3.0/SERVICIOS/__pycache__/aprendizaje_relacion_proveedor.cpython-313.pyc",9077,"copia_anidada_del_proyecto"
"Proyecto Host IA 3.0/SERVICIOS/__pycache__/asignador_recursos_produccion.cpython-313.pyc",8649,"copia_anidada_del_proyecto"
"Proyecto Host IA 3.0/SERVICIOS/__pycache__/asistente_importacion_excel.cpython-313.pyc",14610,"copia_anidada_del_proyecto"
"Proyecto Host IA 3.0/SERVICIOS/__pycache__/asistente_inteligente_host_ai_308.cpython-313.pyc",9749,"copia_anidada_del_proyecto"
"Proyecto Host IA 3.0/SERVICIOS/__pycache__/auditoria_importaciones_universales.cpython-313.pyc",6918,"copia_anidada_del_proyecto"
"Proyecto Host IA 3.0/SERVICIOS/__pycache__/automatizador_inteligente_308.cpython-313.pyc",7791,"copia_anidada_del_proyecto"
"Proyecto Host IA 3.0/SERVICIOS/__pycache__/base_actualizacion_precios_factura.cpython-313.pyc",5989,"copia_anidada_del_proyecto"
"Proyecto Host IA 3.0/SERVICIOS/__pycache__/base_actualizacion_stock_factura.cpython-313.pyc",4867,"copia_anidada_del_proyecto"
"Proyecto Host IA 3.0/SERVICIOS/__pycache__/base_datos_local.cpython-313.pyc",6833,"copia_anidada_del_proyecto"
"Proyecto Host IA 3.0/SERVICIOS/__pycache__/base_importador_universal_facturas.cpython-313.pyc",7117,"copia_anidada_del_proyecto"
"Proyecto Host IA 3.0/SERVICIOS/__pycache__/base_lineas_factura.cpython-313.pyc",4288,"copia_anidada_del_proyecto"
"Proyecto Host IA 3.0/SERVICIOS/__pycache__/base_ocr_documentos.cpython-313.pyc",6800,"copia_anidada_del_proyecto"
"Proyecto Host IA 3.0/SERVICIOS/__pycache__/base_relacion_articulos_factura.cpython-313.pyc",4629,"copia_anidada_del_proyecto"
"Proyecto Host IA 3.0/SERVICIOS/__pycache__/buscador_articulos_parecidos.cpython-313.pyc",11197,"copia_anidada_del_proyecto"
"Proyecto Host IA 3.0/SERVICIOS/__pycache__/cierre_escandallos_inteligentes.cpython-313.pyc",11447,"copia_anidada_del_proyecto"
"Proyecto Host IA 3.0/SERVICIOS/__pycache__/cierre_gestion_inteligente_stock.cpython-313.pyc",9543,"copia_anidada_del_proyecto"
"Proyecto Host IA 3.0/SERVICIOS/__pycache__/cierre_ia_conversacional_308.cpython-313.pyc",5447,"copia_anidada_del_proyecto"
"Proyecto Host IA 3.0/SERVICIOS/__pycache__/cierre_importador_universal.cpython-313.pyc",5009,"copia_anidada_del_proyecto"
"Proyecto Host IA 3.0/SERVICIOS/__pycache__/cierre_inteligencia_compras.cpython-313.pyc",7741,"copia_anidada_del_proyecto"
"Proyecto Host IA 3.0/SERVICIOS/__pycache__/cierre_inteligente_produccion.cpython-313.pyc",14161,"copia_anidada_del_proyecto"
"Proyecto Host IA 3.0/SERVICIOS/__pycache__/comparador_historico_escandallos.cpython-313.pyc",11246,"copia_anidada_del_proyecto"
"Proyecto Host IA 3.0/SERVICIOS/__pycache__/comparador_inteligente_proveedores.cpython-313.pyc",8667,"copia_anidada_del_proyecto"
"Proyecto Host IA 3.0/SERVICIOS/__pycache__/comparador_proveedores_precios.cpython-313.pyc",5214,"copia_anidada_del_proyecto"
"Proyecto Host IA 3.0/SERVICIOS/__pycache__/control_ejecucion_produccion.cpython-313.pyc",10581,"copia_anidada_del_proyecto"
"Proyecto Host IA 3.0/SERVICIOS/__pycache__/control_inteligente_movimientos_stock.cpython-313.pyc",6871,"copia_anidada_del_proyecto"
"Proyecto Host IA 3.0/SERVICIOS/__pycache__/detector_anomalias_compras.cpython-313.pyc",17242,"copia_anidada_del_proyecto"
"Proyecto Host IA 3.0/SERVICIOS/__pycache__/detector_campos_linea_factura.cpython-313.pyc",9454,"copia_anidada_del_proyecto"
"Proyecto Host IA 3.0/SERVICIOS/__pycache__/detector_documentos_excel.cpython-313.pyc",11375,"copia_anidada_del_proyecto"
"Proyecto Host IA 3.0/SERVICIOS/__pycache__/detector_proveedores_pdf.cpython-313.pyc",15144,"copia_anidada_del_proyecto"
"Proyecto Host IA 3.0/SERVICIOS/__pycache__/ejecutor_importador_universal_facturas.cpython-313.pyc",5272,"copia_anidada_del_proyecto"
"Proyecto Host IA 3.0/SERVICIOS/__pycache__/generador_inteligente_respuestas.cpython-313.pyc",6205,"copia_anidada_del_proyecto"
"Proyecto Host IA 3.0/SERVICIOS/__pycache__/historico_inteligente_precios.cpython-313.pyc",8462,"copia_anidada_del_proyecto"
"Proyecto Host IA 3.0/SERVICIOS/__pycache__/historico_inteligente_stock.cpython-313.pyc",9259,"copia_anidada_del_proyecto"
"Proyecto Host IA 3.0/SERVICIOS/__pycache__/importador_articulos_excel.cpython-313.pyc",11947,"copia_anidada_del_proyecto"
"Proyecto Host IA 3.0/SERVICIOS/__pycache__/importador_escandallos_excel.cpython-313.pyc",11600,"copia_anidada_del_proyecto"
"Proyecto Host IA 3.0/SERVICIOS/__pycache__/importador_inventario_excel.cpython-313.pyc",16074,"copia_anidada_del_proyecto"
"Proyecto Host IA 3.0/SERVICIOS/__pycache__/lector_completo_lineas_factura.cpython-313.pyc",6077,"copia_anidada_del_proyecto"
"Proyecto Host IA 3.0/SERVICIOS/__pycache__/lector_excel.cpython-313.pyc",11034,"copia_anidada_del_proyecto"
"Proyecto Host IA 3.0/SERVICIOS/__pycache__/lector_facturas_con_ocr.cpython-313.pyc",5690,"copia_anidada_del_proyecto"
"Proyecto Host IA 3.0/SERVICIOS/__pycache__/lector_pdf_facturas.cpython-313.pyc",11641,"copia_anidada_del_proyecto"
"Proyecto Host IA 3.0/SERVICIOS/__pycache__/mapeador_columnas_excel.cpython-313.pyc",13671,"copia_anidada_del_proyecto"
"Proyecto Host IA 3.0/SERVICIOS/__pycache__/memoria_conversacional_308.cpython-313.pyc",10256,"copia_anidada_del_proyecto"
"Proyecto Host IA 3.0/SERVICIOS/__pycache__/motor_alertas_escandallos.cpython-313.pyc",8658,"copia_anidada_del_proyecto"
"Proyecto Host IA 3.0/SERVICIOS/__pycache__/motor_alertas_produccion.cpython-313.pyc",9543,"copia_anidada_del_proyecto"
"Proyecto Host IA 3.0/SERVICIOS/__pycache__/motor_alertas_stock.cpython-313.pyc",10919,"copia_anidada_del_proyecto"
"Proyecto Host IA 3.0/SERVICIOS/__pycache__/motor_conversacional_308.cpython-313.pyc",7889,"copia_anidada_del_proyecto"
"Proyecto Host IA 3.0/SERVICIOS/__pycache__/motor_inteligente_pedidos.cpython-313.pyc",11215,"copia_anidada_del_proyecto"
"Proyecto Host IA 3.0/SERVICIOS/__pycache__/motor_ocr_simulado.cpython-313.pyc",5818,"copia_anidada_del_proyecto"
"Proyecto Host IA 3.0/SERVICIOS/__pycache__/motor_optimizacion_carta.cpython-313.pyc",16402,"copia_anidada_del_proyecto"
"Proyecto Host IA 3.0/SERVICIOS/__pycache__/motor_recomendaciones_compras.cpython-313.pyc",3880,"copia_anidada_del_proyecto"
"Proyecto Host IA 3.0/SERVICIOS/__pycache__/optimizador_inteligente_produccion.cpython-313.pyc",20660,"copia_anidada_del_proyecto"
"Proyecto Host IA 3.0/SERVICIOS/__pycache__/optimizador_inteligente_recetas.cpython-313.pyc",9163,"copia_anidada_del_proyecto"
"Proyecto Host IA 3.0/SERVICIOS/__pycache__/optimizador_stock.cpython-313.pyc",10423,"copia_anidada_del_proyecto"
"Proyecto Host IA 3.0/SERVICIOS/__pycache__/parser_lineas_factura.cpython-313.pyc",11938,"copia_anidada_del_proyecto"
"Proyecto Host IA 3.0/SERVICIOS/__pycache__/planificador_inteligente_produccion.cpython-313.pyc",12667,"copia_anidada_del_proyecto"
"Proyecto Host IA 3.0/SERVICIOS/__pycache__/prediccion_inteligente_precios.cpython-313.pyc",7377,"copia_anidada_del_proyecto"
"Proyecto Host IA 3.0/SERVICIOS/__pycache__/prediccion_inteligente_rentabilidad.cpython-313.pyc",10711,"copia_anidada_del_proyecto"
"Proyecto Host IA 3.0/SERVICIOS/__pycache__/prediccion_necesidades_stock.cpython-313.pyc",12923,"copia_anidada_del_proyecto"
"Proyecto Host IA 3.0/SERVICIOS/__pycache__/prediccion_roturas_stock.cpython-313.pyc",6329,"copia_anidada_del_proyecto"
"Proyecto Host IA 3.0/SERVICIOS/__pycache__/reconciliador_inteligente_stock.cpython-313.pyc",10637,"copia_anidada_del_proyecto"
"Proyecto Host IA 3.0/SERVICIOS/__pycache__/reconciliador_stock_factura.cpython-313.pyc",5304,"copia_anidada_del_proyecto"
"Proyecto Host IA 3.0/SERVICIOS/__pycache__/relacionador_automatico_articulos_factura.cpython-313.pyc",11114,"copia_anidada_del_proyecto"
"Proyecto Host IA 3.0/SERVICIOS/__pycache__/replanificador_inteligente_produccion.cpython-313.pyc",11750,"copia_anidada_del_proyecto"
"Proyecto Host IA 3.0/SERVICIOS/__pycache__/resolutor_conflictos_excel.cpython-313.pyc",16533,"copia_anidada_del_proyecto"
"Proyecto Host IA 3.0/SERVICIOS/__pycache__/resumen_ejecutivo_importaciones.cpython-313.pyc",6442,"copia_anidada_del_proyecto"
"Proyecto Host IA 3.0/SERVICIOS/__pycache__/selector_inteligente_motores.cpython-313.pyc",5991,"copia_anidada_del_proyecto"
"Proyecto Host IA 3.0/SERVICIOS/__pycache__/simulador_costes_escandallos.cpython-313.pyc",9189,"copia_anidada_del_proyecto"
"Proyecto Host IA 3.0/SERVICIOS/__pycache__/stock_por_ubicaciones.cpython-313.pyc",11427,"copia_anidada_del_proyecto"
"Proyecto Host IA 3.0/SERVICIOS/__pycache__/validador_corrector_ocr.cpython-313.pyc",4913,"copia_anidada_del_proyecto"
"Proyecto Host IA 3.0/SERVICIOS/__pycache__/validador_lineas_factura.cpython-313.pyc",11392,"copia_anidada_del_proyecto"
"Proyecto Host IA 3.0/SERVICIOS/__pycache__/validador_relaciones_articulos_factura.cpython-313.pyc",6358,"copia_anidada_del_proyecto"
"Proyecto Host IA 3.0/SERVICIOS/__pycache__/__init__.cpython-313.pyc",142,"copia_anidada_del_proyecto"
"Proyecto Host IA 3.0/Proyecto Host IA 3.0/APP/consola.py",21177,"copia_anidada_del_proyecto"
"Proyecto Host IA 3.0/Proyecto Host IA 3.0/APP/__init__.py",0,"copia_anidada_del_proyecto"
"Proyecto Host IA 3.0/Proyecto Host IA 3.0/CORE/director_host_ai.py",403,"copia_anidada_del_proyecto"
"Proyecto Host IA 3.0/Proyecto Host IA 3.0/CORE/host_ai_core.py",30751,"copia_anidada_del_proyecto"
"Proyecto Host IA 3.0/Proyecto Host IA 3.0/CORE/orquestador.py",27802,"copia_anidada_del_proyecto"
"Proyecto Host IA 3.0/Proyecto Host IA 3.0/CORE/registro_pipelines.py",1064,"copia_anidada_del_proyecto"
"Proyecto Host IA 3.0/Proyecto Host IA 3.0/CORE/__init__.py",0,"copia_anidada_del_proyecto"
"Proyecto Host IA 3.0/Proyecto Host IA 3.0/DOCS/CHANGELOG_v1_0_2.md",621,"copia_anidada_del_proyecto"
"Proyecto Host IA 3.0/Proyecto Host IA 3.0/DOCS/CHANGELOG_v1_0_3.md",329,"copia_anidada_del_proyecto"
"Proyecto Host IA 3.0/Proyecto Host IA 3.0/DOCS/CHANGELOG_v1_0_4.md",123,"copia_anidada_del_proyecto"
"Proyecto Host IA 3.0/Proyecto Host IA 3.0/DOCS/CHANGELOG_v1_0_5.md",309,"copia_anidada_del_proyecto"
"Proyecto Host IA 3.0/Proyecto Host IA 3.0/DOCS/CHANGELOG_v2_0_6.md",537,"copia_anidada_del_proyecto"
"Proyecto Host IA 3.0/Proyecto Host IA 3.0/DOCS/CHANGELOG_v2_0_7.md",536,"copia_anidada_del_proyecto"
"Proyecto Host IA 3.0/Proyecto Host IA 3.0/DOCS/CHANGELOG_v2_0_8.md",525,"copia_anidada_del_proyecto"
"Proyecto Host IA 3.0/Proyecto Host IA 3.0/DOCS/CHANGELOG_v2_0_9.md",408,"copia_anidada_del_proyecto"
"Proyecto Host IA 3.0/Proyecto Host IA 3.0/DOCS/CHANGELOG_v3_0_0.md",594,"copia_anidada_del_proyecto"
"Proyecto Host IA 3.0/Proyecto Host IA 3.0/DOCS/CHANGELOG_v3_0_1.md",85,"copia_anidada_del_proyecto"
"Proyecto Host IA 3.0/Proyecto Host IA 3.0/DOCS/CHANGELOG_v3_0_2_1.md",546,"copia_anidada_del_proyecto"
"Proyecto Host IA 3.0/Proyecto Host IA 3.0/DOCS/CHANGELOG_v3_0_2_2.md",589,"copia_anidada_del_proyecto"
"Proyecto Host IA 3.0/Proyecto Host IA 3.0/DOCS/CHANGELOG_v3_0_2_3.md",556,"copia_anidada_del_proyecto"
"Proyecto Host IA 3.0/Proyecto Host IA 3.0/DOCS/CHANGELOG_v3_0_2_4.md",478,"copia_anidada_del_proyecto"
"Proyecto Host IA 3.0/Proyecto Host IA 3.0/DOCS/CHANGELOG_v3_0_2_5.md",536,"copia_anidada_del_proyecto"
"Proyecto Host IA 3.0/Proyecto Host IA 3.0/DOCS/CHANGELOG_v3_0_2_6.md",528,"copia_anidada_del_proyecto"
"Proyecto Host IA 3.0/Proyecto Host IA 3.0/DOCS/CHANGELOG_v3_0_2_7.md",498,"copia_anidada_del_proyecto"
"Proyecto Host IA 3.0/Proyecto Host IA 3.0/DOCS/CHANGELOG_v3_0_2_8.md",684,"copia_anidada_del_proyecto"
"Proyecto Host IA 3.0/Proyecto Host IA 3.0/DOCS/CHANGELOG_v3_0_3_1.md",506,"copia_anidada_del_proyecto"
"Proyecto Host IA 3.0/Proyecto Host IA 3.0/DOCS/CHANGELOG_v3_0_3_2.md",118,"copia_anidada_del_proyecto"
"Proyecto Host IA 3.0/Proyecto Host IA 3.0/DOCS/CHANGELOG_v3_0_3_3_1.md",117,"copia_anidada_del_proyecto"
"Proyecto Host IA 3.0/Proyecto Host IA 3.0/DOCS/CHANGELOG_v3_0_3_3_2.md",115,"copia_anidada_del_proyecto"
"Proyecto Host IA 3.0/Proyecto Host IA 3.0/DOCS/CHANGELOG_v3_0_3_3_3.md",137,"copia_anidada_del_proyecto"
"Proyecto Host IA 3.0/Proyecto Host IA 3.0/DOCS/CHANGELOG_v3_0_3_3_4.md",136,"copia_anidada_del_proyecto"
"Proyecto Host IA 3.0/Proyecto Host IA 3.0/DOCS/CHANGELOG_v3_0_3_3_5.md",121,"copia_anidada_del_proyecto"
"Proyecto Host IA 3.0/Proyecto Host IA 3.0/DOCS/CHANGELOG_v3_0_3_4_1.md",134,"copia_anidada_del_proyecto"
"Proyecto Host IA 3.0/Proyecto Host IA 3.0/DOCS/CHANGELOG_v3_0_3_4_2.md",129,"copia_anidada_del_proyecto"
"Proyecto Host IA 3.0/Proyecto Host IA 3.0/DOCS/CHANGELOG_v3_0_3_4_3.md",148,"copia_anidada_del_proyecto"
"Proyecto Host IA 3.0/Proyecto Host IA 3.0/DOCS/CHANGELOG_v3_0_3_4_4.md",134,"copia_anidada_del_proyecto"
"Proyecto Host IA 3.0/Proyecto Host IA 3.0/DOCS/CHANGELOG_v3_0_3_4_5.md",141,"copia_anidada_del_proyecto"
"Proyecto Host IA 3.0/Proyecto Host IA 3.0/DOCS/CHANGELOG_v3_0_3_5_1.md",136,"copia_anidada_del_proyecto"
"Proyecto Host IA 3.0/Proyecto Host IA 3.0/DOCS/CHANGELOG_v3_0_3_5_2.md",144,"copia_anidada_del_proyecto"
"Proyecto Host IA 3.0/Proyecto Host IA 3.0/DOCS/CHANGELOG_v3_0_3_5_3.md",131,"copia_anidada_del_proyecto"
"Proyecto Host IA 3.0/Proyecto Host IA 3.0/DOCS/CHANGELOG_v3_0_3_5_4.md",132,"copia_anidada_del_proyecto"
"Proyecto Host IA 3.0/Proyecto Host IA 3.0/DOCS/CHANGELOG_v3_0_3_5_5.md",128,"copia_anidada_del_proyecto"
"Proyecto Host IA 3.0/Proyecto Host IA 3.0/DOCS/CHANGELOG_v3_0_3_6_1.md",132,"copia_anidada_del_proyecto"
"Proyecto Host IA 3.0/Proyecto Host IA 3.0/DOCS/CHANGELOG_v3_0_3_6_2.md",140,"copia_anidada_del_proyecto"
"Proyecto Host IA 3.0/Proyecto Host IA 3.0/DOCS/CHANGELOG_v3_0_3_6_3.md",127,"copia_anidada_del_proyecto"
"Proyecto Host IA 3.0/Proyecto Host IA 3.0/DOCS/CHANGELOG_v3_0_3_6_4.md",124,"copia_anidada_del_proyecto"
"Proyecto Host IA 3.0/Proyecto Host IA 3.0/DOCS/CHANGELOG_v3_0_3_6_5.md",126,"copia_anidada_del_proyecto"
"Proyecto Host IA 3.0/Proyecto Host IA 3.0/DOCS/CHANGELOG_v3_0_3_7_1.md",121,"copia_anidada_del_proyecto"
"Proyecto Host IA 3.0/Proyecto Host IA 3.0/DOCS/CHANGELOG_v3_0_3_7_2.md",108,"copia_anidada_del_proyecto"
"Proyecto Host IA 3.0/Proyecto Host IA 3.0/DOCS/CHANGELOG_v3_0_3_7_3.md",120,"copia_anidada_del_proyecto"
"Proyecto Host IA 3.0/Proyecto Host IA 3.0/DOCS/CHANGELOG_v3_0_3_7_4.md",118,"copia_anidada_del_proyecto"
"Proyecto Host IA 3.0/Proyecto Host IA 3.0/DOCS/CHANGELOG_v3_0_3_8_1.md",140,"copia_anidada_del_proyecto"
"Proyecto Host IA 3.0/Proyecto Host IA 3.0/DOCS/CHANGELOG_v3_0_3_8_2.md",148,"copia_anidada_del_proyecto"
"Proyecto Host IA 3.0/Proyecto Host IA 3.0/DOCS/CHANGELOG_v3_0_3_8_3.md",143,"copia_anidada_del_proyecto"
"Proyecto Host IA 3.0/Proyecto Host IA 3.0/DOCS/CHANGELOG_v3_0_3_8_4.md",134,"copia_anidada_del_proyecto"
"Proyecto Host IA 3.0/Proyecto Host IA 3.0/DOCS/CHANGELOG_v3_0_3_8_5.md",126,"copia_anidada_del_proyecto"
"Proyecto Host IA 3.0/Proyecto Host IA 3.0/DOCS/CHANGELOG_v3_0_4_1.md",130,"copia_anidada_del_proyecto"
"Proyecto Host IA 3.0/Proyecto Host IA 3.0/DOCS/CHANGELOG_v3_0_4_1_3_0_4_4_TEST_COMBINADO.md",796,"copia_anidada_del_proyecto"
"Proyecto Host IA 3.0/Proyecto Host IA 3.0/DOCS/CHANGELOG_v3_0_4_2.md",128,"copia_anidada_del_proyecto"
"Proyecto Host IA 3.0/Proyecto Host IA 3.0/DOCS/CHANGELOG_v3_0_4_3.md",725,"copia_anidada_del_proyecto"
"Proyecto Host IA 3.0/Proyecto Host IA 3.0/DOCS/CHANGELOG_v3_0_4_4.md",603,"copia_anidada_del_proyecto"
"Proyecto Host IA 3.0/Proyecto Host IA 3.0/DOCS/CHANGELOG_v3_0_4_5.md",254,"copia_anidada_del_proyecto"
"Proyecto Host IA 3.0/Proyecto Host IA 3.0/DOCS/CHANGELOG_v3_0_4_5_3_0_4_6.md",250,"copia_anidada_del_proyecto"
"Proyecto Host IA 3.0/Proyecto Host IA 3.0/DOCS/CHANGELOG_v3_0_4_6.md",252,"copia_anidada_del_proyecto"
"Proyecto Host IA 3.0/Proyecto Host IA 3.0/DOCS/CHANGELOG_v3_0_4_7.md",577,"copia_anidada_del_proyecto"
"Proyecto Host IA 3.0/Proyecto Host IA 3.0/DOCS/CHANGELOG_v3_0_4_8.md",571,"copia_anidada_del_proyecto"
"Proyecto Host IA 3.0/Proyecto Host IA 3.0/DOCS/CHANGELOG_v3_0_5_1.md",393,"copia_anidada_del_proyecto"
"Proyecto Host IA 3.0/Proyecto Host IA 3.0/DOCS/CHANGELOG_v3_0_5_2.md",469,"copia_anidada_del_proyecto"
"Proyecto Host IA 3.0/Proyecto Host IA 3.0/DOCS/CHANGELOG_v3_0_5_3.md",554,"copia_anidada_del_proyecto"
"Proyecto Host IA 3.0/Proyecto Host IA 3.0/DOCS/CHANGELOG_v3_0_5_4.md",704,"copia_anidada_del_proyecto"
"Proyecto Host IA 3.0/Proyecto Host IA 3.0/DOCS/CHANGELOG_v3_0_5_5.md",576,"copia_anidada_del_proyecto"
"Proyecto Host IA 3.0/Proyecto Host IA 3.0/DOCS/CHANGELOG_v3_0_5_6.md",594,"copia_anidada_del_proyecto"
"Proyecto Host IA 3.0/Proyecto Host IA 3.0/DOCS/CHANGELOG_v3_0_5_7.md",305,"copia_anidada_del_proyecto"
"Proyecto Host IA 3.0/Proyecto Host IA 3.0/DOCS/CHANGELOG_v3_0_5_8.md",345,"copia_anidada_del_proyecto"
"Proyecto Host IA 3.0/Proyecto Host IA 3.0/DOCS/CHANGELOG_v3_0_6_1.md",296,"copia_anidada_del_proyecto"
"Proyecto Host IA 3.0/Proyecto Host IA 3.0/DOCS/CHANGELOG_v3_0_6_2.md",266,"copia_anidada_del_proyecto"
"Proyecto Host IA 3.0/Proyecto Host IA 3.0/DOCS/CHANGELOG_v3_0_6_3.md",251,"copia_anidada_del_proyecto"
"Proyecto Host IA 3.0/Proyecto Host IA 3.0/DOCS/CHANGELOG_v3_0_6_4.md",242,"copia_anidada_del_proyecto"
"Proyecto Host IA 3.0/Proyecto Host IA 3.0/DOCS/CHANGELOG_v3_0_6_5.md",403,"copia_anidada_del_proyecto"
"Proyecto Host IA 3.0/Proyecto Host IA 3.0/DOCS/CHANGELOG_v3_0_6_6.md",441,"copia_anidada_del_proyecto"
"Proyecto Host IA 3.0/Proyecto Host IA 3.0/DOCS/CHANGELOG_v3_0_6_7.md",752,"copia_anidada_del_proyecto"
"Proyecto Host IA 3.0/Proyecto Host IA 3.0/DOCS/CHANGELOG_v3_0_6_8.md",988,"copia_anidada_del_proyecto"
"Proyecto Host IA 3.0/Proyecto Host IA 3.0/DOCS/CHANGELOG_v3_0_7_1.md",399,"copia_anidada_del_proyecto"
"Proyecto Host IA 3.0/Proyecto Host IA 3.0/DOCS/CHANGELOG_v3_0_7_2.md",381,"copia_anidada_del_proyecto"
"Proyecto Host IA 3.0/Proyecto Host IA 3.0/DOCS/HOST_AI_3.0.6_PRODUCCION.md",827,"copia_anidada_del_proyecto"
"Proyecto Host IA 3.0/Proyecto Host IA 3.0/DOCS/HOST_AI_3.0.7.3_OPTIMIZADOR_INTELIGENTE_RECETAS.md",420,"copia_anidada_del_proyecto"
"Proyecto Host IA 3.0/Proyecto Host IA 3.0/DOCS/HOST_AI_3.0.7.4_COMPARADOR_HISTORICO_ESCANDALLOS.md",377,"copia_anidada_del_proyecto"
"Proyecto Host IA 3.0/Proyecto Host IA 3.0/DOCS/HOST_AI_3.0.7.5_SIMULADOR_COSTES.md",377,"copia_anidada_del_proyecto"
"Proyecto Host IA 3.0/Proyecto Host IA 3.0/DOCS/HOST_AI_3.0.7.6_PREDICCION_INTELIGENTE_RENTABILIDAD.md",407,"copia_anidada_del_proyecto"
"Proyecto Host IA 3.0/Proyecto Host IA 3.0/DOCS/HOST_AI_3.0.7.7_MOTOR_OPTIMIZACION_CARTA.md",388,"copia_anidada_del_proyecto"
"Proyecto Host IA 3.0/Proyecto Host IA 3.0/DOCS/HOST_AI_3.0.7.8_CIERRE_ESCANDALLOS_INTELIGENTES.md",457,"copia_anidada_del_proyecto"
"Proyecto Host IA 3.0/Proyecto Host IA 3.0/DOCS/HOST_AI_3.0.8.1_ANALIZADOR_LENGUAJE_NATURAL.md",486,"copia_anidada_del_proyecto"
"Proyecto Host IA 3.0/Proyecto Host IA 3.0/DOCS/HOST_AI_3.0.8.2_MOTOR_CONVERSACIONAL.md",452,"copia_anidada_del_proyecto"
"Proyecto Host IA 3.0/Proyecto Host IA 3.0/DOCS/HOST_AI_3.0.8.3_SELECTOR_INTELIGENTE_MOTORES.md",462,"copia_anidada_del_proyecto"
"Proyecto Host IA 3.0/Proyecto Host IA 3.0/DOCS/HOST_AI_3.0.8.4_GENERADOR_INTELIGENTE_RESPUESTAS.md",428,"copia_anidada_del_proyecto"
"Proyecto Host IA 3.0/Proyecto Host IA 3.0/DOCS/HOST_AI_3.0.8.5_MEMORIA_CONVERSACIONAL.md",868,"copia_anidada_del_proyecto"
"Proyecto Host IA 3.0/Proyecto Host IA 3.0/DOCS/HOST_AI_3.0.8.6_AUTOMATIZADOR_INTELIGENTE.md",877,"copia_anidada_del_proyecto"
"Proyecto Host IA 3.0/Proyecto Host IA 3.0/DOCS/HOST_AI_3.0.8.7_ASISTENTE_INTELIGENTE_HOST_AI.md",374,"copia_anidada_del_proyecto"
"Proyecto Host IA 3.0/Proyecto Host IA 3.0/DOCS/HOST_AI_3.0.8.8_CIERRE_IA_CONVERSACIONAL.md",318,"copia_anidada_del_proyecto"
"Proyecto Host IA 3.0/Proyecto Host IA 3.0/DOCS/HOST_AI_3.5.1_AUDITORIA_TECNICA.md",1420,"copia_anidada_del_proyecto"
"Proyecto Host IA 3.0/Proyecto Host IA 3.0/DOCS/HOST_AI_3_0_4_3_DETECTOR_ANOMALIAS_COMPRAS.md",532,"copia_anidada_del_proyecto"
"Proyecto Host IA 3.0/Proyecto Host IA 3.0/DOCS/HOST_AI_3_0_4_4_PREDICCION_INTELIGENTE_PRECIOS.md",642,"copia_anidada_del_proyecto"
"Proyecto Host IA 3.0/Proyecto Host IA 3.0/DOCS/HOST_AI_3_0_STABLE_CANDIDATE.md",1113,"copia_anidada_del_proyecto"
"Proyecto Host IA 3.0/Proyecto Host IA 3.0/DOCS/README_HOST_AI_3_0_6_3_3_0_6_4.md",474,"copia_anidada_del_proyecto"
"Proyecto Host IA 3.0/Proyecto Host IA 3.0/DOCS/README_HOST_AI_3_0_6_7_3_0_6_8.md",877,"copia_anidada_del_proyecto"
"Proyecto Host IA 3.0/Proyecto Host IA 3.0/DOCS/README_HOST_AI_3_0_7_1_3_0_7_2.md",342,"copia_anidada_del_proyecto"
"Proyecto Host IA 3.0/Proyecto Host IA 3.0/MODELOS/actualizacion_precios_factura.py",2583,"copia_anidada_del_proyecto"
"Proyecto Host IA 3.0/Proyecto Host IA 3.0/MODELOS/actualizacion_stock_factura.py",2411,"copia_anidada_del_proyecto"
"Proyecto Host IA 3.0/Proyecto Host IA 3.0/MODELOS/alertas_inteligentes_stock_305.py",1205,"copia_anidada_del_proyecto"
"Proyecto Host IA 3.0/Proyecto Host IA 3.0/MODELOS/alertas_precios.py",913,"copia_anidada_del_proyecto"
"Proyecto Host IA 3.0/Proyecto Host IA 3.0/MODELOS/alertas_produccion_306.py",695,"copia_anidada_del_proyecto"
"Proyecto Host IA 3.0/Proyecto Host IA 3.0/MODELOS/alertas_stock.py",857,"copia_anidada_del_proyecto"
"Proyecto Host IA 3.0/Proyecto Host IA 3.0/MODELOS/analisis_compras.py",1128,"copia_anidada_del_proyecto"
"Proyecto Host IA 3.0/Proyecto Host IA 3.0/MODELOS/analisis_inteligente_stock.py",1601,"copia_anidada_del_proyecto"
"Proyecto Host IA 3.0/Proyecto Host IA 3.0/MODELOS/analisis_produccion_306.py",1149,"copia_anidada_del_proyecto"
"Proyecto Host IA 3.0/Proyecto Host IA 3.0/MODELOS/anomalias_compras.py",1357,"copia_anidada_del_proyecto"
"Proyecto Host IA 3.0/Proyecto Host IA 3.0/MODELOS/api_interna.py",1268,"copia_anidada_del_proyecto"
"Proyecto Host IA 3.0/Proyecto Host IA 3.0/MODELOS/asistente_conversacional.py",1431,"copia_anidada_del_proyecto"
"Proyecto Host IA 3.0/Proyecto Host IA 3.0/MODELOS/asistente_importacion_excel.py",1356,"copia_anidada_del_proyecto"
"Proyecto Host IA 3.0/Proyecto Host IA 3.0/MODELOS/auditoria_host_ai_351.py",498,"copia_anidada_del_proyecto"
"Proyecto Host IA 3.0/Proyecto Host IA 3.0/MODELOS/auditoria_importaciones.py",1088,"copia_anidada_del_proyecto"
"Proyecto Host IA 3.0/Proyecto Host IA 3.0/MODELOS/cierre_gestion_stock.py",536,"copia_anidada_del_proyecto"
"Proyecto Host IA 3.0/Proyecto Host IA 3.0/MODELOS/cierre_importador_universal.py",1116,"copia_anidada_del_proyecto"
"Proyecto Host IA 3.0/Proyecto Host IA 3.0/MODELOS/cierre_inteligencia_compras.py",1470,"copia_anidada_del_proyecto"
"Proyecto Host IA 3.0/Proyecto Host IA 3.0/MODELOS/comparador_proveedores_inteligente.py",1263,"copia_anidada_del_proyecto"
"Proyecto Host IA 3.0/Proyecto Host IA 3.0/MODELOS/compras.py",1494,"copia_anidada_del_proyecto"
"Proyecto Host IA 3.0/Proyecto Host IA 3.0/MODELOS/conflictos_excel.py",1523,"copia_anidada_del_proyecto"
"Proyecto Host IA 3.0/Proyecto Host IA 3.0/MODELOS/control_movimientos_stock_305.py",1430,"copia_anidada_del_proyecto"
"Proyecto Host IA 3.0/Proyecto Host IA 3.0/MODELOS/costes_inteligentes.py",3524,"copia_anidada_del_proyecto"
"Proyecto Host IA 3.0/Proyecto Host IA 3.0/MODELOS/deteccion_excel.py",1606,"copia_anidada_del_proyecto"
"Proyecto Host IA 3.0/Proyecto Host IA 3.0/MODELOS/ejecucion_produccion_306.py",1611,"copia_anidada_del_proyecto"
"Proyecto Host IA 3.0/Proyecto Host IA 3.0/MODELOS/escandallos_inteligentes.py",2726,"copia_anidada_del_proyecto"
"Proyecto Host IA 3.0/Proyecto Host IA 3.0/MODELOS/escandallos_inteligentes_307.py",3719,"copia_anidada_del_proyecto"
"Proyecto Host IA 3.0/Proyecto Host IA 3.0/MODELOS/excel_importacion.py",1678,"copia_anidada_del_proyecto"
"Proyecto Host IA 3.0/Proyecto Host IA 3.0/MODELOS/historico_precios.py",1376,"copia_anidada_del_proyecto"
"Proyecto Host IA 3.0/Proyecto Host IA 3.0/MODELOS/historico_stock.py",1381,"copia_anidada_del_proyecto"
"Proyecto Host IA 3.0/Proyecto Host IA 3.0/MODELOS/ia_conversacional_308.py",4170,"copia_anidada_del_proyecto"
"Proyecto Host IA 3.0/Proyecto Host IA 3.0/MODELOS/ia_culinaria.py",2114,"copia_anidada_del_proyecto"
"Proyecto Host IA 3.0/Proyecto Host IA 3.0/MODELOS/importacion_articulos_excel.py",1940,"copia_anidada_del_proyecto"
"Proyecto Host IA 3.0/Proyecto Host IA 3.0/MODELOS/importacion_escandallos_excel.py",1304,"copia_anidada_del_proyecto"
"Proyecto Host IA 3.0/Proyecto Host IA 3.0/MODELOS/importacion_inventario_excel.py",2248,"copia_anidada_del_proyecto"
"Proyecto Host IA 3.0/Proyecto Host IA 3.0/MODELOS/importacion_universal_facturas.py",1920,"copia_anidada_del_proyecto"
"Proyecto Host IA 3.0/Proyecto Host IA 3.0/MODELOS/lineas_factura.py",3287,"copia_anidada_del_proyecto"
"Proyecto Host IA 3.0/Proyecto Host IA 3.0/MODELOS/mapeo_columnas_excel.py",1922,"copia_anidada_del_proyecto"
"Proyecto Host IA 3.0/Proyecto Host IA 3.0/MODELOS/motor_pedidos_inteligente.py",1308,"copia_anidada_del_proyecto"
"Proyecto Host IA 3.0/Proyecto Host IA 3.0/MODELOS/ocr_documentos.py",880,"copia_anidada_del_proyecto"
"Proyecto Host IA 3.0/Proyecto Host IA 3.0/MODELOS/optimizacion_produccion_306.py",1638,"copia_anidada_del_proyecto"
"Proyecto Host IA 3.0/Proyecto Host IA 3.0/MODELOS/optimizacion_stock.py",850,"copia_anidada_del_proyecto"
"Proyecto Host IA 3.0/Proyecto Host IA 3.0/MODELOS/pdf_facturas.py",1432,"copia_anidada_del_proyecto"
"Proyecto Host IA 3.0/Proyecto Host IA 3.0/MODELOS/planificacion_produccion_306.py",1664,"copia_anidada_del_proyecto"
"Proyecto Host IA 3.0/Proyecto Host IA 3.0/MODELOS/prediccion_necesidades_stock.py",1034,"copia_anidada_del_proyecto"
"Proyecto Host IA 3.0/Proyecto Host IA 3.0/MODELOS/prediccion_precios.py",1336,"copia_anidada_del_proyecto"
"Proyecto Host IA 3.0/Proyecto Host IA 3.0/MODELOS/produccion_completa.py",1500,"copia_anidada_del_proyecto"
"Proyecto Host IA 3.0/Proyecto Host IA 3.0/MODELOS/produccion_real.py",2799,"copia_anidada_del_proyecto"
"Proyecto Host IA 3.0/Proyecto Host IA 3.0/MODELOS/proveedores_pdf.py",1360,"copia_anidada_del_proyecto"
"Proyecto Host IA 3.0/Proyecto Host IA 3.0/MODELOS/recomendaciones_compras.py",694,"copia_anidada_del_proyecto"
"Proyecto Host IA 3.0/Proyecto Host IA 3.0/MODELOS/reconciliacion_stock_305.py",1412,"copia_anidada_del_proyecto"
"Proyecto Host IA 3.0/Proyecto Host IA 3.0/MODELOS/reconciliacion_stock_factura.py",2179,"copia_anidada_del_proyecto"
"Proyecto Host IA 3.0/Proyecto Host IA 3.0/MODELOS/relacion_articulos_factura.py",3795,"copia_anidada_del_proyecto"
"Proyecto Host IA 3.0/Proyecto Host IA 3.0/MODELOS/resultado_ocr.py",909,"copia_anidada_del_proyecto"
"Proyecto Host IA 3.0/Proyecto Host IA 3.0/MODELOS/resumen_importaciones.py",1098,"copia_anidada_del_proyecto"
"Proyecto Host IA 3.0/Proyecto Host IA 3.0/MODELOS/roturas_stock.py",1206,"copia_anidada_del_proyecto"
"Proyecto Host IA 3.0/Proyecto Host IA 3.0/MODELOS/stock.py",1394,"copia_anidada_del_proyecto"
"Proyecto Host IA 3.0/Proyecto Host IA 3.0/MODELOS/stock_ubicaciones.py",1219,"copia_anidada_del_proyecto"
"Proyecto Host IA 3.0/Proyecto Host IA 3.0/MODELOS/validacion_lineas_factura.py",2966,"copia_anidada_del_proyecto"
"Proyecto Host IA 3.0/Proyecto Host IA 3.0/MODELOS/validacion_ocr.py",891,"copia_anidada_del_proyecto"
"Proyecto Host IA 3.0/Proyecto Host IA 3.0/MODELOS/validacion_relaciones_articulos.py",2308,"copia_anidada_del_proyecto"
"Proyecto Host IA 3.0/Proyecto Host IA 3.0/MODELOS/__init__.py",0,"copia_anidada_del_proyecto"
"Proyecto Host IA 3.0/Proyecto Host IA 3.0/MOTORES/motor_asistente_conversacional.py",10324,"copia_anidada_del_proyecto"
"Proyecto Host IA 3.0/Proyecto Host IA 3.0/MOTORES/motor_compras.py",3874,"copia_anidada_del_proyecto"
"Proyecto Host IA 3.0/Proyecto Host IA 3.0/MOTORES/motor_costes_inteligente.py",12970,"copia_anidada_del_proyecto"
"Proyecto Host IA 3.0/Proyecto Host IA 3.0/MOTORES/motor_escandallos_inteligente.py",6448,"copia_anidada_del_proyecto"
"Proyecto Host IA 3.0/Proyecto Host IA 3.0/MOTORES/motor_eventos.py",3449,"copia_anidada_del_proyecto"
"Proyecto Host IA 3.0/Proyecto Host IA 3.0/MOTORES/motor_ia_culinaria.py",12945,"copia_anidada_del_proyecto"
"Proyecto Host IA 3.0/Proyecto Host IA 3.0/MOTORES/motor_memoria_operacional.py",326,"copia_anidada_del_proyecto"
"Proyecto Host IA 3.0/Proyecto Host IA 3.0/MOTORES/motor_persistencia.py",2182,"copia_anidada_del_proyecto"
"Proyecto Host IA 3.0/Proyecto Host IA 3.0/MOTORES/motor_produccion_completa.py",5604,"copia_anidada_del_proyecto"
"Proyecto Host IA 3.0/Proyecto Host IA 3.0/MOTORES/motor_produccion_real.py",10962,"copia_anidada_del_proyecto"
"Proyecto Host IA 3.0/Proyecto Host IA 3.0/MOTORES/motor_simulador_produccion_evento.py",1198,"copia_anidada_del_proyecto"
"Proyecto Host IA 3.0/Proyecto Host IA 3.0/MOTORES/motor_stock.py",6603,"copia_anidada_del_proyecto"
"Proyecto Host IA 3.0/Proyecto Host IA 3.0/MOTORES/__init__.py",0,"copia_anidada_del_proyecto"
"Proyecto Host IA 3.0/Proyecto Host IA 3.0/PIPELINES/base_pipeline.py",1221,"copia_anidada_del_proyecto"
"Proyecto Host IA 3.0/Proyecto Host IA 3.0/PIPELINES/pipeline_actualizador_inteligente_precios_factura.py",2124,"copia_anidada_del_proyecto"
"Proyecto Host IA 3.0/Proyecto Host IA 3.0/PIPELINES/pipeline_actualizador_inteligente_stock_factura.py",2399,"copia_anidada_del_proyecto"
"Proyecto Host IA 3.0/Proyecto Host IA 3.0/PIPELINES/pipeline_alertas_inteligentes_precios.py",1680,"copia_anidada_del_proyecto"
"Proyecto Host IA 3.0/Proyecto Host IA 3.0/PIPELINES/pipeline_alertas_inteligentes_stock.py",1932,"copia_anidada_del_proyecto"
"Proyecto Host IA 3.0/Proyecto Host IA 3.0/PIPELINES/pipeline_analizador_inteligente_compras.py",1154,"copia_anidada_del_proyecto"
"Proyecto Host IA 3.0/Proyecto Host IA 3.0/PIPELINES/pipeline_analizador_inteligente_escandallos.py",1248,"copia_anidada_del_proyecto"
"Proyecto Host IA 3.0/Proyecto Host IA 3.0/PIPELINES/pipeline_analizador_inteligente_produccion.py",1264,"copia_anidada_del_proyecto"
"Proyecto Host IA 3.0/Proyecto Host IA 3.0/PIPELINES/pipeline_analizador_inteligente_stock.py",1212,"copia_anidada_del_proyecto"
"Proyecto Host IA 3.0/Proyecto Host IA 3.0/PIPELINES/pipeline_analizador_lenguaje_natural.py",1209,"copia_anidada_del_proyecto"
"Proyecto Host IA 3.0/Proyecto Host IA 3.0/PIPELINES/pipeline_aprendizaje_relacion_proveedor.py",2795,"copia_anidada_del_proyecto"
"Proyecto Host IA 3.0/Proyecto Host IA 3.0/PIPELINES/pipeline_asignador_recursos_produccion.py",1269,"copia_anidada_del_proyecto"
"Proyecto Host IA 3.0/Proyecto Host IA 3.0/PIPELINES/pipeline_asistente_conversacional.py",2497,"copia_anidada_del_proyecto"
"Proyecto Host IA 3.0/Proyecto Host IA 3.0/PIPELINES/pipeline_asistente_importacion_excel.py",2395,"copia_anidada_del_proyecto"
"Proyecto Host IA 3.0/Proyecto Host IA 3.0/PIPELINES/pipeline_asistente_inteligente_host_ai_308.py",1365,"copia_anidada_del_proyecto"
"Proyecto Host IA 3.0/Proyecto Host IA 3.0/PIPELINES/pipeline_auditoria_importaciones_universales.py",1630,"copia_anidada_del_proyecto"
"Proyecto Host IA 3.0/Proyecto Host IA 3.0/PIPELINES/pipeline_auditoria_tecnica_host_ai_351.py",1391,"copia_anidada_del_proyecto"
"Proyecto Host IA 3.0/Proyecto Host IA 3.0/PIPELINES/pipeline_automatizador_inteligente_308.py",1442,"copia_anidada_del_proyecto"
"Proyecto Host IA 3.0/Proyecto Host IA 3.0/PIPELINES/pipeline_base_actualizacion_precios_factura.py",1589,"copia_anidada_del_proyecto"
"Proyecto Host IA 3.0/Proyecto Host IA 3.0/PIPELINES/pipeline_base_actualizacion_stock_factura.py",1555,"copia_anidada_del_proyecto"
"Proyecto Host IA 3.0/Proyecto Host IA 3.0/PIPELINES/pipeline_base_importador_universal_facturas.py",1608,"copia_anidada_del_proyecto"
"Proyecto Host IA 3.0/Proyecto Host IA 3.0/PIPELINES/pipeline_base_lineas_factura.py",1838,"copia_anidada_del_proyecto"
"Proyecto Host IA 3.0/Proyecto Host IA 3.0/PIPELINES/pipeline_base_ocr_documentos.py",1453,"copia_anidada_del_proyecto"
"Proyecto Host IA 3.0/Proyecto Host IA 3.0/PIPELINES/pipeline_base_relacion_articulos_factura.py",1871,"copia_anidada_del_proyecto"
"Proyecto Host IA 3.0/Proyecto Host IA 3.0/PIPELINES/pipeline_buscador_articulos_parecidos.py",2066,"copia_anidada_del_proyecto"
"Proyecto Host IA 3.0/Proyecto Host IA 3.0/PIPELINES/pipeline_cierre_escandallos_inteligentes.py",1275,"copia_anidada_del_proyecto"
"Proyecto Host IA 3.0/Proyecto Host IA 3.0/PIPELINES/pipeline_cierre_gestion_inteligente_stock.py",1195,"copia_anidada_del_proyecto"
"Proyecto Host IA 3.0/Proyecto Host IA 3.0/PIPELINES/pipeline_cierre_ia_conversacional_308.py",1159,"copia_anidada_del_proyecto"
"Proyecto Host IA 3.0/Proyecto Host IA 3.0/PIPELINES/pipeline_cierre_importador_universal.py",1209,"copia_anidada_del_proyecto"
"Proyecto Host IA 3.0/Proyecto Host IA 3.0/PIPELINES/pipeline_cierre_inteligencia_compras.py",1214,"copia_anidada_del_proyecto"
"Proyecto Host IA 3.0/Proyecto Host IA 3.0/PIPELINES/pipeline_cierre_inteligente_produccion.py",1314,"copia_anidada_del_proyecto"
"Proyecto Host IA 3.0/Proyecto Host IA 3.0/PIPELINES/pipeline_comparador_historico_escandallos.py",1289,"copia_anidada_del_proyecto"
"Proyecto Host IA 3.0/Proyecto Host IA 3.0/PIPELINES/pipeline_comparador_inteligente_proveedores.py",1506,"copia_anidada_del_proyecto"
"Proyecto Host IA 3.0/Proyecto Host IA 3.0/PIPELINES/pipeline_comparador_proveedores_precios.py",1478,"copia_anidada_del_proyecto"
"Proyecto Host IA 3.0/Proyecto Host IA 3.0/PIPELINES/pipeline_compras.py",3323,"copia_anidada_del_proyecto"
"Proyecto Host IA 3.0/Proyecto Host IA 3.0/PIPELINES/pipeline_conflictos_excel.py",1960,"copia_anidada_del_proyecto"
"Proyecto Host IA 3.0/Proyecto Host IA 3.0/PIPELINES/pipeline_control_ejecucion_produccion.py",1255,"copia_anidada_del_proyecto"
"Proyecto Host IA 3.0/Proyecto Host IA 3.0/PIPELINES/pipeline_control_inteligente_movimientos_stock.py",1199,"copia_anidada_del_proyecto"
"Proyecto Host IA 3.0/Proyecto Host IA 3.0/PIPELINES/pipeline_costes.py",4705,"copia_anidada_del_proyecto"
"Proyecto Host IA 3.0/Proyecto Host IA 3.0/PIPELINES/pipeline_detector_anomalias_compras.py",1176,"copia_anidada_del_proyecto"
"Proyecto Host IA 3.0/Proyecto Host IA 3.0/PIPELINES/pipeline_detector_campos_linea_factura.py",1524,"copia_anidada_del_proyecto"
"Proyecto Host IA 3.0/Proyecto Host IA 3.0/PIPELINES/pipeline_detector_excel.py",2191,"copia_anidada_del_proyecto"
"Proyecto Host IA 3.0/Proyecto Host IA 3.0/PIPELINES/pipeline_ejecutor_importador_universal_facturas.py",1821,"copia_anidada_del_proyecto"
"Proyecto Host IA 3.0/Proyecto Host IA 3.0/PIPELINES/pipeline_escandallos.py",3380,"copia_anidada_del_proyecto"
"Proyecto Host IA 3.0/Proyecto Host IA 3.0/PIPELINES/pipeline_evento.py",2371,"copia_anidada_del_proyecto"
"Proyecto Host IA 3.0/Proyecto Host IA 3.0/PIPELINES/pipeline_evento_api.py",5279,"copia_anidada_del_proyecto"
"Proyecto Host IA 3.0/Proyecto Host IA 3.0/PIPELINES/pipeline_excel.py",1953,"copia_anidada_del_proyecto"
"Proyecto Host IA 3.0/Proyecto Host IA 3.0/PIPELINES/pipeline_generador_inteligente_respuestas.py",1326,"copia_anidada_del_proyecto"
"Proyecto Host IA 3.0/Proyecto Host IA 3.0/PIPELINES/pipeline_historico_inteligente_precios.py",2069,"copia_anidada_del_proyecto"
"Proyecto Host IA 3.0/Proyecto Host IA 3.0/PIPELINES/pipeline_historico_inteligente_stock.py",2060,"copia_anidada_del_proyecto"
"Proyecto Host IA 3.0/Proyecto Host IA 3.0/PIPELINES/pipeline_ia_culinaria.py",3615,"copia_anidada_del_proyecto"
"Proyecto Host IA 3.0/Proyecto Host IA 3.0/PIPELINES/pipeline_importador_articulos_excel.py",2451,"copia_anidada_del_proyecto"
"Proyecto Host IA 3.0/Proyecto Host IA 3.0/PIPELINES/pipeline_importador_escandallos_excel.py",1957,"copia_anidada_del_proyecto"
"Proyecto Host IA 3.0/Proyecto Host IA 3.0/PIPELINES/pipeline_importador_inventario_excel.py",2632,"copia_anidada_del_proyecto"
"Proyecto Host IA 3.0/Proyecto Host IA 3.0/PIPELINES/pipeline_lector_completo_lineas_factura.py",2552,"copia_anidada_del_proyecto"
"Proyecto Host IA 3.0/Proyecto Host IA 3.0/PIPELINES/pipeline_lector_facturas_con_ocr.py",1725,"copia_anidada_del_proyecto"
"Proyecto Host IA 3.0/Proyecto Host IA 3.0/PIPELINES/pipeline_mapeador_columnas_excel.py",2310,"copia_anidada_del_proyecto"
"Proyecto Host IA 3.0/Proyecto Host IA 3.0/PIPELINES/pipeline_memoria_conversacional_308.py",1742,"copia_anidada_del_proyecto"
"Proyecto Host IA 3.0/Proyecto Host IA 3.0/PIPELINES/pipeline_motor_alertas_escandallos.py",1177,"copia_anidada_del_proyecto"
"Proyecto Host IA 3.0/Proyecto Host IA 3.0/PIPELINES/pipeline_motor_alertas_produccion.py",1232,"copia_anidada_del_proyecto"
"Proyecto Host IA 3.0/Proyecto Host IA 3.0/PIPELINES/pipeline_motor_alertas_stock.py",1321,"copia_anidada_del_proyecto"
"Proyecto Host IA 3.0/Proyecto Host IA 3.0/PIPELINES/pipeline_motor_conversacional_308.py",1728,"copia_anidada_del_proyecto"
"Proyecto Host IA 3.0/Proyecto Host IA 3.0/PIPELINES/pipeline_motor_inteligente_pedidos.py",1603,"copia_anidada_del_proyecto"
"Proyecto Host IA 3.0/Proyecto Host IA 3.0/PIPELINES/pipeline_motor_ocr_simulado.py",1502,"copia_anidada_del_proyecto"
"Proyecto Host IA 3.0/Proyecto Host IA 3.0/PIPELINES/pipeline_motor_optimizacion_carta.py",1255,"copia_anidada_del_proyecto"
"Proyecto Host IA 3.0/Proyecto Host IA 3.0/PIPELINES/pipeline_motor_recomendaciones_compras.py",1021,"copia_anidada_del_proyecto"
"Proyecto Host IA 3.0/Proyecto Host IA 3.0/PIPELINES/pipeline_optimizador_inteligente_produccion.py",1302,"copia_anidada_del_proyecto"
"Proyecto Host IA 3.0/Proyecto Host IA 3.0/PIPELINES/pipeline_optimizador_inteligente_recetas.py",1286,"copia_anidada_del_proyecto"
"Proyecto Host IA 3.0/Proyecto Host IA 3.0/PIPELINES/pipeline_optimizador_stock.py",1170,"copia_anidada_del_proyecto"
"Proyecto Host IA 3.0/Proyecto Host IA 3.0/PIPELINES/pipeline_parser_lineas_factura.py",1994,"copia_anidada_del_proyecto"
"Proyecto Host IA 3.0/Proyecto Host IA 3.0/PIPELINES/pipeline_pdf_facturas.py",2262,"copia_anidada_del_proyecto"
"Proyecto Host IA 3.0/Proyecto Host IA 3.0/PIPELINES/pipeline_persistencia.py",1513,"copia_anidada_del_proyecto"
"Proyecto Host IA 3.0/Proyecto Host IA 3.0/PIPELINES/pipeline_planificador_inteligente_produccion.py",1319,"copia_anidada_del_proyecto"
"Proyecto Host IA 3.0/Proyecto Host IA 3.0/PIPELINES/pipeline_prediccion_inteligente_precios.py",1508,"copia_anidada_del_proyecto"
"Proyecto Host IA 3.0/Proyecto Host IA 3.0/PIPELINES/pipeline_prediccion_inteligente_rentabilidad.py",1270,"copia_anidada_del_proyecto"
"Proyecto Host IA 3.0/Proyecto Host IA 3.0/PIPELINES/pipeline_prediccion_necesidades_stock.py",1260,"copia_anidada_del_proyecto"
"Proyecto Host IA 3.0/Proyecto Host IA 3.0/PIPELINES/pipeline_prediccion_roturas_stock.py",1491,"copia_anidada_del_proyecto"
"Proyecto Host IA 3.0/Proyecto Host IA 3.0/PIPELINES/pipeline_produccion_completa.py",1855,"copia_anidada_del_proyecto"
"Proyecto Host IA 3.0/Proyecto Host IA 3.0/PIPELINES/pipeline_produccion_real.py",3074,"copia_anidada_del_proyecto"
"Proyecto Host IA 3.0/Proyecto Host IA 3.0/PIPELINES/pipeline_proveedores_pdf.py",2218,"copia_anidada_del_proyecto"
"Proyecto Host IA 3.0/Proyecto Host IA 3.0/PIPELINES/pipeline_reconciliador_inteligente_stock.py",1239,"copia_anidada_del_proyecto"
"Proyecto Host IA 3.0/Proyecto Host IA 3.0/PIPELINES/pipeline_reconciliador_stock_factura.py",1525,"copia_anidada_del_proyecto"
"Proyecto Host IA 3.0/Proyecto Host IA 3.0/PIPELINES/pipeline_relacionador_automatico_articulos_factura.py",3491,"copia_anidada_del_proyecto"
"Proyecto Host IA 3.0/Proyecto Host IA 3.0/PIPELINES/pipeline_replanificador_inteligente_produccion.py",1315,"copia_anidada_del_proyecto"
"Proyecto Host IA 3.0/Proyecto Host IA 3.0/PIPELINES/pipeline_resumen_ejecutivo_importaciones.py",1179,"copia_anidada_del_proyecto"
"Proyecto Host IA 3.0/Proyecto Host IA 3.0/PIPELINES/pipeline_selector_inteligente_motores.py",1367,"copia_anidada_del_proyecto"
"Proyecto Host IA 3.0/Proyecto Host IA 3.0/PIPELINES/pipeline_simulador_costes_escandallos.py",1195,"copia_anidada_del_proyecto"
"Proyecto Host IA 3.0/Proyecto Host IA 3.0/PIPELINES/pipeline_stock.py",3392,"copia_anidada_del_proyecto"
"Proyecto Host IA 3.0/Proyecto Host IA 3.0/PIPELINES/pipeline_stock_por_ubicaciones.py",1629,"copia_anidada_del_proyecto"
"Proyecto Host IA 3.0/Proyecto Host IA 3.0/PIPELINES/pipeline_validador_corrector_ocr.py",1461,"copia_anidada_del_proyecto"
"Proyecto Host IA 3.0/Proyecto Host IA 3.0/PIPELINES/pipeline_validador_lineas_factura.py",2696,"copia_anidada_del_proyecto"
"Proyecto Host IA 3.0/Proyecto Host IA 3.0/PIPELINES/pipeline_validador_relaciones_articulos_factura.py",2273,"copia_anidada_del_proyecto"
"Proyecto Host IA 3.0/Proyecto Host IA 3.0/PIPELINES/__init__.py",0,"copia_anidada_del_proyecto"
"Proyecto Host IA 3.0/Proyecto Host IA 3.0/Proyecto Host IA 3.0/CHANGELOG_HOST_AI_3.0.7.3_3.0.7.4.md",534,"copia_anidada_del_proyecto"
"Proyecto Host IA 3.0/Proyecto Host IA 3.0/Proyecto Host IA 3.0/CHANGELOG_HOST_AI_3.0.7.5_3.0.7.6.md",515,"copia_anidada_del_proyecto"
"Proyecto Host IA 3.0/Proyecto Host IA 3.0/Proyecto Host IA 3.0/CHANGELOG_HOST_AI_3.0.7.7_3.0.7.8.md",603,"copia_anidada_del_proyecto"
"Proyecto Host IA 3.0/Proyecto Host IA 3.0/Proyecto Host IA 3.0/CHANGELOG_HOST_AI_3.0.8.1_3.0.8.2.md",459,"copia_anidada_del_proyecto"
"Proyecto Host IA 3.0/Proyecto Host IA 3.0/Proyecto Host IA 3.0/CHANGELOG_HOST_AI_3.0.8.3_3.0.8.4.md",530,"copia_anidada_del_proyecto"
"Proyecto Host IA 3.0/Proyecto Host IA 3.0/Proyecto Host IA 3.0/CHANGELOG_HOST_AI_3.0.8.5_3.0.8.6.md",807,"copia_anidada_del_proyecto"
"Proyecto Host IA 3.0/Proyecto Host IA 3.0/Proyecto Host IA 3.0/CHANGELOG_HOST_AI_3.0.8.7_3.0.8.8.md",595,"copia_anidada_del_proyecto"
"Proyecto Host IA 3.0/Proyecto Host IA 3.0/Proyecto Host IA 3.0/CHANGELOG_HOST_AI_3.5.1.md",721,"copia_anidada_del_proyecto"
"Proyecto Host IA 3.0/Proyecto Host IA 3.0/Proyecto Host IA 3.0/demo_host_ai_3.py",1179,"copia_anidada_del_proyecto"
"Proyecto Host IA 3.0/Proyecto Host IA 3.0/Proyecto Host IA 3.0/main.py",293,"copia_anidada_del_proyecto"
"Proyecto Host IA 3.0/Proyecto Host IA 3.0/SERVICIOS/actualizador_inteligente_precios_factura.py",6578,"copia_anidada_del_proyecto"
"Proyecto Host IA 3.0/Proyecto Host IA 3.0/SERVICIOS/actualizador_inteligente_stock_factura.py",7381,"copia_anidada_del_proyecto"
"Proyecto Host IA 3.0/Proyecto Host IA 3.0/SERVICIOS/alertas_inteligentes_precios.py",5839,"copia_anidada_del_proyecto"
"Proyecto Host IA 3.0/Proyecto Host IA 3.0/SERVICIOS/alertas_inteligentes_stock.py",6333,"copia_anidada_del_proyecto"
"Proyecto Host IA 3.0/Proyecto Host IA 3.0/SERVICIOS/analizador_inteligente_compras.py",3843,"copia_anidada_del_proyecto"
"Proyecto Host IA 3.0/Proyecto Host IA 3.0/SERVICIOS/analizador_inteligente_escandallos.py",9757,"copia_anidada_del_proyecto"
"Proyecto Host IA 3.0/Proyecto Host IA 3.0/SERVICIOS/analizador_inteligente_produccion.py",6901,"copia_anidada_del_proyecto"
"Proyecto Host IA 3.0/Proyecto Host IA 3.0/SERVICIOS/analizador_inteligente_stock.py",5936,"copia_anidada_del_proyecto"
"Proyecto Host IA 3.0/Proyecto Host IA 3.0/SERVICIOS/analizador_lenguaje_natural.py",4735,"copia_anidada_del_proyecto"
"Proyecto Host IA 3.0/Proyecto Host IA 3.0/SERVICIOS/aprendizaje_relacion_proveedor.py",6221,"copia_anidada_del_proyecto"
"Proyecto Host IA 3.0/Proyecto Host IA 3.0/SERVICIOS/asignador_recursos_produccion.py",4851,"copia_anidada_del_proyecto"
"Proyecto Host IA 3.0/Proyecto Host IA 3.0/SERVICIOS/asistente_importacion_excel.py",12189,"copia_anidada_del_proyecto"
"Proyecto Host IA 3.0/Proyecto Host IA 3.0/SERVICIOS/asistente_inteligente_host_ai_308.py",8124,"copia_anidada_del_proyecto"
"Proyecto Host IA 3.0/Proyecto Host IA 3.0/SERVICIOS/auditoria_importaciones_universales.py",4366,"copia_anidada_del_proyecto"
"Proyecto Host IA 3.0/Proyecto Host IA 3.0/SERVICIOS/auditoria_tecnica_host_ai_351.py",10640,"copia_anidada_del_proyecto"
"Proyecto Host IA 3.0/Proyecto Host IA 3.0/SERVICIOS/automatizador_inteligente_308.py",5198,"copia_anidada_del_proyecto"
"Proyecto Host IA 3.0/Proyecto Host IA 3.0/SERVICIOS/base_actualizacion_precios_factura.py",4395,"copia_anidada_del_proyecto"
"Proyecto Host IA 3.0/Proyecto Host IA 3.0/SERVICIOS/base_actualizacion_stock_factura.py",3887,"copia_anidada_del_proyecto"
"Proyecto Host IA 3.0/Proyecto Host IA 3.0/SERVICIOS/base_datos_local.py",3658,"copia_anidada_del_proyecto"
"Proyecto Host IA 3.0/Proyecto Host IA 3.0/SERVICIOS/base_importador_universal_facturas.py",5561,"copia_anidada_del_proyecto"
"Proyecto Host IA 3.0/Proyecto Host IA 3.0/SERVICIOS/base_lineas_factura.py",2807,"copia_anidada_del_proyecto"
"Proyecto Host IA 3.0/Proyecto Host IA 3.0/SERVICIOS/base_ocr_documentos.py",4867,"copia_anidada_del_proyecto"
"Proyecto Host IA 3.0/Proyecto Host IA 3.0/SERVICIOS/base_relacion_articulos_factura.py",3688,"copia_anidada_del_proyecto"
"Proyecto Host IA 3.0/Proyecto Host IA 3.0/SERVICIOS/buscador_articulos_parecidos.py",7585,"copia_anidada_del_proyecto"
"Proyecto Host IA 3.0/Proyecto Host IA 3.0/SERVICIOS/cierre_escandallos_inteligentes.py",7682,"copia_anidada_del_proyecto"
"Proyecto Host IA 3.0/Proyecto Host IA 3.0/SERVICIOS/cierre_gestion_inteligente_stock.py",5216,"copia_anidada_del_proyecto"
"Proyecto Host IA 3.0/Proyecto Host IA 3.0/SERVICIOS/cierre_ia_conversacional_308.py",4401,"copia_anidada_del_proyecto"
"Proyecto Host IA 3.0/Proyecto Host IA 3.0/SERVICIOS/cierre_importador_universal.py",4245,"copia_anidada_del_proyecto"
"Proyecto Host IA 3.0/Proyecto Host IA 3.0/SERVICIOS/cierre_inteligencia_compras.py",4519,"copia_anidada_del_proyecto"
"Proyecto Host IA 3.0/Proyecto Host IA 3.0/SERVICIOS/cierre_inteligente_produccion.py",10422,"copia_anidada_del_proyecto"
"Proyecto Host IA 3.0/Proyecto Host IA 3.0/SERVICIOS/comparador_historico_escandallos.py",6768,"copia_anidada_del_proyecto"
"Proyecto Host IA 3.0/Proyecto Host IA 3.0/SERVICIOS/comparador_inteligente_proveedores.py",5212,"copia_anidada_del_proyecto"
"Proyecto Host IA 3.0/Proyecto Host IA 3.0/SERVICIOS/comparador_proveedores_precios.py",3484,"copia_anidada_del_proyecto"
"Proyecto Host IA 3.0/Proyecto Host IA 3.0/SERVICIOS/control_ejecucion_produccion.py",6162,"copia_anidada_del_proyecto"
"Proyecto Host IA 3.0/Proyecto Host IA 3.0/SERVICIOS/control_inteligente_movimientos_stock.py",4471,"copia_anidada_del_proyecto"
"Proyecto Host IA 3.0/Proyecto Host IA 3.0/SERVICIOS/detector_anomalias_compras.py",13542,"copia_anidada_del_proyecto"
"Proyecto Host IA 3.0/Proyecto Host IA 3.0/SERVICIOS/detector_campos_linea_factura.py",6313,"copia_anidada_del_proyecto"
"Proyecto Host IA 3.0/Proyecto Host IA 3.0/SERVICIOS/detector_documentos_excel.py",9689,"copia_anidada_del_proyecto"
"Proyecto Host IA 3.0/Proyecto Host IA 3.0/SERVICIOS/detector_proveedores_pdf.py",9295,"copia_anidada_del_proyecto"
"Proyecto Host IA 3.0/Proyecto Host IA 3.0/SERVICIOS/ejecutor_importador_universal_facturas.py",4405,"copia_anidada_del_proyecto"
"Proyecto Host IA 3.0/Proyecto Host IA 3.0/SERVICIOS/generador_inteligente_respuestas.py",3946,"copia_anidada_del_proyecto"
"Proyecto Host IA 3.0/Proyecto Host IA 3.0/SERVICIOS/historico_inteligente_precios.py",5255,"copia_anidada_del_proyecto"
"Proyecto Host IA 3.0/Proyecto Host IA 3.0/SERVICIOS/historico_inteligente_stock.py",5976,"copia_anidada_del_proyecto"
"Proyecto Host IA 3.0/Proyecto Host IA 3.0/SERVICIOS/importador_articulos_excel.py",9184,"copia_anidada_del_proyecto"
"Proyecto Host IA 3.0/Proyecto Host IA 3.0/SERVICIOS/importador_escandallos_excel.py",8831,"copia_anidada_del_proyecto"
"Proyecto Host IA 3.0/Proyecto Host IA 3.0/SERVICIOS/importador_inventario_excel.py",12815,"copia_anidada_del_proyecto"
"Proyecto Host IA 3.0/Proyecto Host IA 3.0/SERVICIOS/lector_completo_lineas_factura.py",4470,"copia_anidada_del_proyecto"
"Proyecto Host IA 3.0/Proyecto Host IA 3.0/SERVICIOS/lector_excel.py",7064,"copia_anidada_del_proyecto"
"Proyecto Host IA 3.0/Proyecto Host IA 3.0/SERVICIOS/lector_facturas_con_ocr.py",4544,"copia_anidada_del_proyecto"
"Proyecto Host IA 3.0/Proyecto Host IA 3.0/SERVICIOS/lector_pdf_facturas.py",7842,"copia_anidada_del_proyecto"
"Proyecto Host IA 3.0/Proyecto Host IA 3.0/SERVICIOS/mapeador_columnas_excel.py",9930,"copia_anidada_del_proyecto"
"Proyecto Host IA 3.0/Proyecto Host IA 3.0/SERVICIOS/memoria_conversacional_308.py",5576,"copia_anidada_del_proyecto"
"Proyecto Host IA 3.0/Proyecto Host IA 3.0/SERVICIOS/motor_alertas_escandallos.py",5072,"copia_anidada_del_proyecto"
"Proyecto Host IA 3.0/Proyecto Host IA 3.0/SERVICIOS/motor_alertas_produccion.py",5399,"copia_anidada_del_proyecto"
"Proyecto Host IA 3.0/Proyecto Host IA 3.0/SERVICIOS/motor_alertas_stock.py",5538,"copia_anidada_del_proyecto"
"Proyecto Host IA 3.0/Proyecto Host IA 3.0/SERVICIOS/motor_conversacional_308.py",4819,"copia_anidada_del_proyecto"
"Proyecto Host IA 3.0/Proyecto Host IA 3.0/SERVICIOS/motor_inteligente_pedidos.py",7801,"copia_anidada_del_proyecto"
"Proyecto Host IA 3.0/Proyecto Host IA 3.0/SERVICIOS/motor_ocr_simulado.py",3654,"copia_anidada_del_proyecto"
"Proyecto Host IA 3.0/Proyecto Host IA 3.0/SERVICIOS/motor_optimizacion_carta.py",12392,"copia_anidada_del_proyecto"
"Proyecto Host IA 3.0/Proyecto Host IA 3.0/SERVICIOS/motor_recomendaciones_compras.py",2156,"copia_anidada_del_proyecto"
"Proyecto Host IA 3.0/Proyecto Host IA 3.0/SERVICIOS/optimizador_inteligente_produccion.py",12726,"copia_anidada_del_proyecto"
"Proyecto Host IA 3.0/Proyecto Host IA 3.0/SERVICIOS/optimizador_inteligente_recetas.py",6518,"copia_anidada_del_proyecto"
"Proyecto Host IA 3.0/Proyecto Host IA 3.0/SERVICIOS/optimizador_stock.py",5592,"copia_anidada_del_proyecto"
"Proyecto Host IA 3.0/Proyecto Host IA 3.0/SERVICIOS/parser_lineas_factura.py",8816,"copia_anidada_del_proyecto"
"Proyecto Host IA 3.0/Proyecto Host IA 3.0/SERVICIOS/planificador_inteligente_produccion.py",7259,"copia_anidada_del_proyecto"
"Proyecto Host IA 3.0/Proyecto Host IA 3.0/SERVICIOS/prediccion_inteligente_precios.py",5252,"copia_anidada_del_proyecto"
"Proyecto Host IA 3.0/Proyecto Host IA 3.0/SERVICIOS/prediccion_inteligente_rentabilidad.py",6703,"copia_anidada_del_proyecto"
"Proyecto Host IA 3.0/Proyecto Host IA 3.0/SERVICIOS/prediccion_necesidades_stock.py",7748,"copia_anidada_del_proyecto"
"Proyecto Host IA 3.0/Proyecto Host IA 3.0/SERVICIOS/prediccion_roturas_stock.py",4148,"copia_anidada_del_proyecto"
"Proyecto Host IA 3.0/Proyecto Host IA 3.0/SERVICIOS/reconciliador_inteligente_stock.py",5673,"copia_anidada_del_proyecto"
"Proyecto Host IA 3.0/Proyecto Host IA 3.0/SERVICIOS/reconciliador_stock_factura.py",4123,"copia_anidada_del_proyecto"
"Proyecto Host IA 3.0/Proyecto Host IA 3.0/SERVICIOS/relacionador_automatico_articulos_factura.py",9471,"copia_anidada_del_proyecto"
"Proyecto Host IA 3.0/Proyecto Host IA 3.0/SERVICIOS/replanificador_inteligente_produccion.py",6568,"copia_anidada_del_proyecto"
"Proyecto Host IA 3.0/Proyecto Host IA 3.0/SERVICIOS/resolutor_conflictos_excel.py",14977,"copia_anidada_del_proyecto"
"Proyecto Host IA 3.0/Proyecto Host IA 3.0/SERVICIOS/resumen_ejecutivo_importaciones.py",3865,"copia_anidada_del_proyecto"
"Proyecto Host IA 3.0/Proyecto Host IA 3.0/SERVICIOS/selector_inteligente_motores.py",4420,"copia_anidada_del_proyecto"
"Proyecto Host IA 3.0/Proyecto Host IA 3.0/SERVICIOS/simulador_costes_escandallos.py",6515,"copia_anidada_del_proyecto"
"Proyecto Host IA 3.0/Proyecto Host IA 3.0/SERVICIOS/stock_por_ubicaciones.py",7636,"copia_anidada_del_proyecto"
"Proyecto Host IA 3.0/Proyecto Host IA 3.0/SERVICIOS/validador_corrector_ocr.py",3464,"copia_anidada_del_proyecto"
"Proyecto Host IA 3.0/Proyecto Host IA 3.0/SERVICIOS/validador_lineas_factura.py",8711,"copia_anidada_del_proyecto"
"Proyecto Host IA 3.0/Proyecto Host IA 3.0/SERVICIOS/validador_relaciones_articulos_factura.py",4772,"copia_anidada_del_proyecto"
"Proyecto Host IA 3.0/Proyecto Host IA 3.0/SERVICIOS/__init__.py",0,"copia_anidada_del_proyecto"
"Proyecto Host IA 3.0/Proyecto Host IA 3.0/TESTS/test_actualizador_inteligente_precios_factura.py",2198,"copia_anidada_del_proyecto"
"Proyecto Host IA 3.0/Proyecto Host IA 3.0/TESTS/test_actualizador_inteligente_stock_factura.py",1990,"copia_anidada_del_proyecto"
"Proyecto Host IA 3.0/Proyecto Host IA 3.0/TESTS/test_alertas_inteligentes_precios.py",1859,"copia_anidada_del_proyecto"
"Proyecto Host IA 3.0/Proyecto Host IA 3.0/TESTS/test_alertas_inteligentes_stock.py",1818,"copia_anidada_del_proyecto"
"Proyecto Host IA 3.0/Proyecto Host IA 3.0/TESTS/test_analizador_inteligente_compras.py",2407,"copia_anidada_del_proyecto"
"Proyecto Host IA 3.0/Proyecto Host IA 3.0/TESTS/test_analizador_inteligente_escandallos.py",1640,"copia_anidada_del_proyecto"
"Proyecto Host IA 3.0/Proyecto Host IA 3.0/TESTS/test_analizador_inteligente_produccion.py",1410,"copia_anidada_del_proyecto"
"Proyecto Host IA 3.0/Proyecto Host IA 3.0/TESTS/test_analizador_inteligente_stock.py",1544,"copia_anidada_del_proyecto"
"Proyecto Host IA 3.0/Proyecto Host IA 3.0/TESTS/test_analizador_lenguaje_natural.py",943,"copia_anidada_del_proyecto"
"Proyecto Host IA 3.0/Proyecto Host IA 3.0/TESTS/test_app_base_ejecutable.py",1660,"copia_anidada_del_proyecto"
"Proyecto Host IA 3.0/Proyecto Host IA 3.0/TESTS/test_aprendizaje_relacion_proveedor.py",2561,"copia_anidada_del_proyecto"
"Proyecto Host IA 3.0/Proyecto Host IA 3.0/TESTS/test_asignador_recursos_produccion.py",1396,"copia_anidada_del_proyecto"
"Proyecto Host IA 3.0/Proyecto Host IA 3.0/TESTS/test_asistente_conversacional.py",3119,"copia_anidada_del_proyecto"
"Proyecto Host IA 3.0/Proyecto Host IA 3.0/TESTS/test_asistente_importacion_excel.py",3738,"copia_anidada_del_proyecto"
"Proyecto Host IA 3.0/Proyecto Host IA 3.0/TESTS/test_asistente_inteligente_host_ai_308.py",996,"copia_anidada_del_proyecto"
"Proyecto Host IA 3.0/Proyecto Host IA 3.0/TESTS/test_auditoria_importaciones_universales.py",2375,"copia_anidada_del_proyecto"
"Proyecto Host IA 3.0/Proyecto Host IA 3.0/TESTS/test_auditoria_tecnica_host_ai_351.py",986,"copia_anidada_del_proyecto"
"Proyecto Host IA 3.0/Proyecto Host IA 3.0/TESTS/test_automatizador_inteligente_308.py",1327,"copia_anidada_del_proyecto"
"Proyecto Host IA 3.0/Proyecto Host IA 3.0/TESTS/test_base_actualizacion_precios_factura.py",1859,"copia_anidada_del_proyecto"
"Proyecto Host IA 3.0/Proyecto Host IA 3.0/TESTS/test_base_actualizacion_stock_factura.py",1812,"copia_anidada_del_proyecto"
"Proyecto Host IA 3.0/Proyecto Host IA 3.0/TESTS/test_base_datos_local.py",2109,"copia_anidada_del_proyecto"
"Proyecto Host IA 3.0/Proyecto Host IA 3.0/TESTS/test_base_importador_universal_facturas.py",2372,"copia_anidada_del_proyecto"
"Proyecto Host IA 3.0/Proyecto Host IA 3.0/TESTS/test_base_ocr_documentos.py",1785,"copia_anidada_del_proyecto"
"Proyecto Host IA 3.0/Proyecto Host IA 3.0/TESTS/test_buscador_articulos_parecidos.py",2642,"copia_anidada_del_proyecto"
"Proyecto Host IA 3.0/Proyecto Host IA 3.0/TESTS/test_cierre_escandallos_inteligentes.py",2262,"copia_anidada_del_proyecto"
"Proyecto Host IA 3.0/Proyecto Host IA 3.0/TESTS/test_cierre_gestion_inteligente_stock.py",1493,"copia_anidada_del_proyecto"
"Proyecto Host IA 3.0/Proyecto Host IA 3.0/TESTS/test_cierre_ia_conversacional_308.py",861,"copia_anidada_del_proyecto"
"Proyecto Host IA 3.0/Proyecto Host IA 3.0/TESTS/test_cierre_importador_universal.py",1339,"copia_anidada_del_proyecto"
"Proyecto Host IA 3.0/Proyecto Host IA 3.0/TESTS/test_cierre_inteligencia_compras.py",2102,"copia_anidada_del_proyecto"
"Proyecto Host IA 3.0/Proyecto Host IA 3.0/TESTS/test_cierre_inteligente_produccion.py",1408,"copia_anidada_del_proyecto"
"Proyecto Host IA 3.0/Proyecto Host IA 3.0/TESTS/test_comparador_historico_escandallos.py",2102,"copia_anidada_del_proyecto"
"Proyecto Host IA 3.0/Proyecto Host IA 3.0/TESTS/test_comparador_inteligente_proveedores.py",1261,"copia_anidada_del_proyecto"
"Proyecto Host IA 3.0/Proyecto Host IA 3.0/TESTS/test_comparador_proveedores_precios.py",1993,"copia_anidada_del_proyecto"
"Proyecto Host IA 3.0/Proyecto Host IA 3.0/TESTS/test_control_ejecucion_produccion.py",1954,"copia_anidada_del_proyecto"
"Proyecto Host IA 3.0/Proyecto Host IA 3.0/TESTS/test_control_inteligente_movimientos_stock.py",1592,"copia_anidada_del_proyecto"
"Proyecto Host IA 3.0/Proyecto Host IA 3.0/TESTS/test_detector_anomalias_compras.py",3235,"copia_anidada_del_proyecto"
"Proyecto Host IA 3.0/Proyecto Host IA 3.0/TESTS/test_detector_campos_linea_factura.py",1792,"copia_anidada_del_proyecto"
"Proyecto Host IA 3.0/Proyecto Host IA 3.0/TESTS/test_detector_documentos_excel.py",3068,"copia_anidada_del_proyecto"
"Proyecto Host IA 3.0/Proyecto Host IA 3.0/TESTS/test_detector_proveedores_pdf.py",2437,"copia_anidada_del_proyecto"
"Proyecto Host IA 3.0/Proyecto Host IA 3.0/TESTS/test_ejecutor_importador_universal_facturas.py",2475,"copia_anidada_del_proyecto"
"Proyecto Host IA 3.0/Proyecto Host IA 3.0/TESTS/test_escandallos_inteligentes_3071_3072.py",1563,"copia_anidada_del_proyecto"
"Proyecto Host IA 3.0/Proyecto Host IA 3.0/TESTS/test_escandallos_inteligentes_3071_3072_3073_3074.py",2712,"copia_anidada_del_proyecto"
"Proyecto Host IA 3.0/Proyecto Host IA 3.0/TESTS/test_escandallos_inteligentes_3071_3072_3073_3074_3075_3076.py",2815,"copia_anidada_del_proyecto"
"Proyecto Host IA 3.0/Proyecto Host IA 3.0/TESTS/test_escandallos_inteligentes_3071_3072_3073_3074_3075_3076_3077_3078.py",3621,"copia_anidada_del_proyecto"
"Proyecto Host IA 3.0/Proyecto Host IA 3.0/TESTS/test_generador_inteligente_respuestas.py",1215,"copia_anidada_del_proyecto"
"Proyecto Host IA 3.0/Proyecto Host IA 3.0/TESTS/test_gestion_inteligente_stock_3051_3052.py",1620,"copia_anidada_del_proyecto"
"Proyecto Host IA 3.0/Proyecto Host IA 3.0/TESTS/test_gestion_inteligente_stock_3051_3052_3053_3054.py",2331,"copia_anidada_del_proyecto"
"Proyecto Host IA 3.0/Proyecto Host IA 3.0/TESTS/test_gestion_inteligente_stock_3051_3052_3053_3054_3055_3056.py",2936,"copia_anidada_del_proyecto"
"Proyecto Host IA 3.0/Proyecto Host IA 3.0/TESTS/test_gestion_inteligente_stock_3051_3052_3053_3054_3055_3056_3057_3058.py",2258,"copia_anidada_del_proyecto"
"Proyecto Host IA 3.0/Proyecto Host IA 3.0/TESTS/test_historico_inteligente_precios.py",1930,"copia_anidada_del_proyecto"
"Proyecto Host IA 3.0/Proyecto Host IA 3.0/TESTS/test_historico_inteligente_stock.py",1758,"copia_anidada_del_proyecto"
"Proyecto Host IA 3.0/Proyecto Host IA 3.0/TESTS/test_host_ai_3_0_completo.py",1373,"copia_anidada_del_proyecto"
"Proyecto Host IA 3.0/Proyecto Host IA 3.0/TESTS/test_ia_conversacional_3081_3082.py",1169,"copia_anidada_del_proyecto"
"Proyecto Host IA 3.0/Proyecto Host IA 3.0/TESTS/test_ia_conversacional_3081_3082_3083_3084.py",1511,"copia_anidada_del_proyecto"
"Proyecto Host IA 3.0/Proyecto Host IA 3.0/TESTS/test_ia_conversacional_3081_3082_3083_3084_3085_3086.py",1903,"copia_anidada_del_proyecto"
"Proyecto Host IA 3.0/Proyecto Host IA 3.0/TESTS/test_ia_conversacional_3081_3082_3083_3084_3085_3086_3087_3088.py",2361,"copia_anidada_del_proyecto"
"Proyecto Host IA 3.0/Proyecto Host IA 3.0/TESTS/test_importador_articulos_excel.py",2714,"copia_anidada_del_proyecto"
"Proyecto Host IA 3.0/Proyecto Host IA 3.0/TESTS/test_importador_escandallos_excel.py",2979,"copia_anidada_del_proyecto"
"Proyecto Host IA 3.0/Proyecto Host IA 3.0/TESTS/test_importador_inventario_excel.py",3177,"copia_anidada_del_proyecto"
"Proyecto Host IA 3.0/Proyecto Host IA 3.0/TESTS/test_inteligencia_compras_3041_3042_3043_3044.py",3177,"copia_anidada_del_proyecto"
"Proyecto Host IA 3.0/Proyecto Host IA 3.0/TESTS/test_inteligencia_compras_3041_3042_3043_3044_3045_3046.py",3134,"copia_anidada_del_proyecto"
"Proyecto Host IA 3.0/Proyecto Host IA 3.0/TESTS/test_inteligencia_compras_3041_3042_3043_3044_3045_3046_3047_3048.py",3506,"copia_anidada_del_proyecto"
"Proyecto Host IA 3.0/Proyecto Host IA 3.0/TESTS/test_lector_completo_lineas_factura.py",1757,"copia_anidada_del_proyecto"
"Proyecto Host IA 3.0/Proyecto Host IA 3.0/TESTS/test_lector_excel.py",2828,"copia_anidada_del_proyecto"
"Proyecto Host IA 3.0/Proyecto Host IA 3.0/TESTS/test_lector_facturas_con_ocr.py",2373,"copia_anidada_del_proyecto"
"Proyecto Host IA 3.0/Proyecto Host IA 3.0/TESTS/test_lector_pdf_facturas.py",2740,"copia_anidada_del_proyecto"
"Proyecto Host IA 3.0/Proyecto Host IA 3.0/TESTS/test_mapeador_columnas_excel.py",3201,"copia_anidada_del_proyecto"
"Proyecto Host IA 3.0/Proyecto Host IA 3.0/TESTS/test_memoria_conversacional_308.py",1364,"copia_anidada_del_proyecto"
"Proyecto Host IA 3.0/Proyecto Host IA 3.0/TESTS/test_modelos_lineas_factura.py",1974,"copia_anidada_del_proyecto"
"Proyecto Host IA 3.0/Proyecto Host IA 3.0/TESTS/test_modelos_relacion_articulos_factura.py",2066,"copia_anidada_del_proyecto"
"Proyecto Host IA 3.0/Proyecto Host IA 3.0/TESTS/test_modulo_costes_inteligente.py",5217,"copia_anidada_del_proyecto"
"Proyecto Host IA 3.0/Proyecto Host IA 3.0/TESTS/test_motor_alertas_escandallos.py",1363,"copia_anidada_del_proyecto"
"Proyecto Host IA 3.0/Proyecto Host IA 3.0/TESTS/test_motor_alertas_produccion.py",1390,"copia_anidada_del_proyecto"
"Proyecto Host IA 3.0/Proyecto Host IA 3.0/TESTS/test_motor_alertas_stock.py",1524,"copia_anidada_del_proyecto"
"Proyecto Host IA 3.0/Proyecto Host IA 3.0/TESTS/test_motor_conversacional_308.py",1236,"copia_anidada_del_proyecto"
"Proyecto Host IA 3.0/Proyecto Host IA 3.0/TESTS/test_motor_escandallos_inteligente.py",4246,"copia_anidada_del_proyecto"
"Proyecto Host IA 3.0/Proyecto Host IA 3.0/TESTS/test_motor_ia_culinaria.py",3604,"copia_anidada_del_proyecto"
"Proyecto Host IA 3.0/Proyecto Host IA 3.0/TESTS/test_motor_inteligente_pedidos.py",1736,"copia_anidada_del_proyecto"
"Proyecto Host IA 3.0/Proyecto Host IA 3.0/TESTS/test_motor_ocr_simulado.py",1851,"copia_anidada_del_proyecto"
"Proyecto Host IA 3.0/Proyecto Host IA 3.0/TESTS/test_motor_optimizacion_carta.py",2606,"copia_anidada_del_proyecto"
"Proyecto Host IA 3.0/Proyecto Host IA 3.0/TESTS/test_motor_produccion_real.py",4225,"copia_anidada_del_proyecto"
"Proyecto Host IA 3.0/Proyecto Host IA 3.0/TESTS/test_motor_recomendaciones_compras.py",1019,"copia_anidada_del_proyecto"
"Proyecto Host IA 3.0/Proyecto Host IA 3.0/TESTS/test_optimizador_inteligente_produccion.py",2080,"copia_anidada_del_proyecto"
"Proyecto Host IA 3.0/Proyecto Host IA 3.0/TESTS/test_optimizador_inteligente_recetas.py",2182,"copia_anidada_del_proyecto"
"Proyecto Host IA 3.0/Proyecto Host IA 3.0/TESTS/test_optimizador_stock.py",1546,"copia_anidada_del_proyecto"
"Proyecto Host IA 3.0/Proyecto Host IA 3.0/TESTS/test_parser_lineas_factura.py",1997,"copia_anidada_del_proyecto"
"Proyecto Host IA 3.0/Proyecto Host IA 3.0/TESTS/test_pipeline_compras.py",2470,"copia_anidada_del_proyecto"
"Proyecto Host IA 3.0/Proyecto Host IA 3.0/TESTS/test_pipeline_produccion_completa.py",3301,"copia_anidada_del_proyecto"
"Proyecto Host IA 3.0/Proyecto Host IA 3.0/TESTS/test_pipeline_stock.py",2877,"copia_anidada_del_proyecto"
"Proyecto Host IA 3.0/Proyecto Host IA 3.0/TESTS/test_planificador_inteligente_produccion.py",1429,"copia_anidada_del_proyecto"
"Proyecto Host IA 3.0/Proyecto Host IA 3.0/TESTS/test_prediccion_inteligente_precios.py",2111,"copia_anidada_del_proyecto"
"Proyecto Host IA 3.0/Proyecto Host IA 3.0/TESTS/test_prediccion_inteligente_rentabilidad.py",2031,"copia_anidada_del_proyecto"
"Proyecto Host IA 3.0/Proyecto Host IA 3.0/TESTS/test_prediccion_necesidades_stock.py",1450,"copia_anidada_del_proyecto"
"Proyecto Host IA 3.0/Proyecto Host IA 3.0/TESTS/test_prediccion_roturas_stock.py",1249,"copia_anidada_del_proyecto"
"Proyecto Host IA 3.0/Proyecto Host IA 3.0/TESTS/test_produccion_3061_3062.py",1443,"copia_anidada_del_proyecto"
"Proyecto Host IA 3.0/Proyecto Host IA 3.0/TESTS/test_produccion_3061_3062_3063_3064.py",1891,"copia_anidada_del_proyecto"
"Proyecto Host IA 3.0/Proyecto Host IA 3.0/TESTS/test_produccion_3061_3062_3063_3064_3065_3066.py",2768,"copia_anidada_del_proyecto"
"Proyecto Host IA 3.0/Proyecto Host IA 3.0/TESTS/test_produccion_3061_3062_3063_3064_3065_3066_3067_3068.py",3482,"copia_anidada_del_proyecto"
"Proyecto Host IA 3.0/Proyecto Host IA 3.0/TESTS/test_reconciliador_inteligente_stock.py",1591,"copia_anidada_del_proyecto"
"Proyecto Host IA 3.0/Proyecto Host IA 3.0/TESTS/test_reconciliador_stock_factura.py",1866,"copia_anidada_del_proyecto"
"Proyecto Host IA 3.0/Proyecto Host IA 3.0/TESTS/test_registro_pipelines_api.py",2776,"copia_anidada_del_proyecto"
"Proyecto Host IA 3.0/Proyecto Host IA 3.0/TESTS/test_relacionador_automatico_articulos_factura.py",2799,"copia_anidada_del_proyecto"
"Proyecto Host IA 3.0/Proyecto Host IA 3.0/TESTS/test_replanificador_inteligente_produccion.py",1750,"copia_anidada_del_proyecto"
"Proyecto Host IA 3.0/Proyecto Host IA 3.0/TESTS/test_resolucion_conflictos_excel.py",2885,"copia_anidada_del_proyecto"
"Proyecto Host IA 3.0/Proyecto Host IA 3.0/TESTS/test_resumen_ejecutivo_importaciones.py",2030,"copia_anidada_del_proyecto"
"Proyecto Host IA 3.0/Proyecto Host IA 3.0/TESTS/test_selector_inteligente_motores.py",1106,"copia_anidada_del_proyecto"
"Proyecto Host IA 3.0/Proyecto Host IA 3.0/TESTS/test_simulador_costes_escandallos.py",1992,"copia_anidada_del_proyecto"
"Proyecto Host IA 3.0/Proyecto Host IA 3.0/TESTS/test_stock_por_ubicaciones.py",1673,"copia_anidada_del_proyecto"
"Proyecto Host IA 3.0/Proyecto Host IA 3.0/TESTS/test_validador_corrector_ocr.py",1322,"copia_anidada_del_proyecto"
"Proyecto Host IA 3.0/Proyecto Host IA 3.0/TESTS/test_validador_lineas_factura.py",2665,"copia_anidada_del_proyecto"
"Proyecto Host IA 3.0/Proyecto Host IA 3.0/TESTS/test_validador_relaciones_articulos_factura.py",2220,"copia_anidada_del_proyecto"
"Proyecto Host IA 3.0/Proyecto Host IA 3.0/__pycache__/demo_host_ai_3.cpython-313.pyc",2110,"copia_anidada_del_proyecto"
"Proyecto Host IA 3.0/Proyecto Host IA 3.0/__pycache__/main.cpython-313.pyc",713,"copia_anidada_del_proyecto"
"Proyecto Host IA 3.0/Proyecto Host IA 3.0/TESTS/__pycache__/test_actualizador_inteligente_precios_factura.cpython-313.pyc",3694,"copia_anidada_del_proyecto"
"Proyecto Host IA 3.0/Proyecto Host IA 3.0/TESTS/__pycache__/test_actualizador_inteligente_stock_factura.cpython-313.pyc",3500,"copia_anidada_del_proyecto"
"Proyecto Host IA 3.0/Proyecto Host IA 3.0/TESTS/__pycache__/test_alertas_inteligentes_precios.cpython-313.pyc",3327,"copia_anidada_del_proyecto"
"Proyecto Host IA 3.0/Proyecto Host IA 3.0/TESTS/__pycache__/test_alertas_inteligentes_stock.cpython-313.pyc",3335,"copia_anidada_del_proyecto"
"Proyecto Host IA 3.0/Proyecto Host IA 3.0/TESTS/__pycache__/test_analizador_inteligente_compras.cpython-313.pyc",3689,"copia_anidada_del_proyecto"
"Proyecto Host IA 3.0/Proyecto Host IA 3.0/TESTS/__pycache__/test_analizador_inteligente_escandallos.cpython-313.pyc",2795,"copia_anidada_del_proyecto"
"Proyecto Host IA 3.0/Proyecto Host IA 3.0/TESTS/__pycache__/test_analizador_inteligente_produccion.cpython-313.pyc",2410,"copia_anidada_del_proyecto"
"Proyecto Host IA 3.0/Proyecto Host IA 3.0/TESTS/__pycache__/test_analizador_inteligente_stock.cpython-313.pyc",2651,"copia_anidada_del_proyecto"
"Proyecto Host IA 3.0/Proyecto Host IA 3.0/TESTS/__pycache__/test_analizador_lenguaje_natural.cpython-313.pyc",2006,"copia_anidada_del_proyecto"
"Proyecto Host IA 3.0/Proyecto Host IA 3.0/TESTS/__pycache__/test_app_base_ejecutable.cpython-313.pyc",2842,"copia_anidada_del_proyecto"
"Proyecto Host IA 3.0/Proyecto Host IA 3.0/TESTS/__pycache__/test_aprendizaje_relacion_proveedor.cpython-313.pyc",4015,"copia_anidada_del_proyecto"
"Proyecto Host IA 3.0/Proyecto Host IA 3.0/TESTS/__pycache__/test_asignador_recursos_produccion.cpython-313.pyc",2408,"copia_anidada_del_proyecto"
"Proyecto Host IA 3.0/Proyecto Host IA 3.0/TESTS/__pycache__/test_asistente_conversacional.cpython-313.pyc",5008,"copia_anidada_del_proyecto"
"Proyecto Host IA 3.0/Proyecto Host IA 3.0/TESTS/__pycache__/test_asistente_importacion_excel.cpython-313.pyc",6001,"copia_anidada_del_proyecto"
"Proyecto Host IA 3.0/Proyecto Host IA 3.0/TESTS/__pycache__/test_asistente_inteligente_host_ai_308.cpython-313.pyc",2236,"copia_anidada_del_proyecto"
"Proyecto Host IA 3.0/Proyecto Host IA 3.0/TESTS/__pycache__/test_auditoria_importaciones_universales.cpython-313.pyc",4210,"copia_anidada_del_proyecto"
"Proyecto Host IA 3.0/Proyecto Host IA 3.0/TESTS/__pycache__/test_auditoria_tecnica_host_ai_351.cpython-313.pyc",2277,"copia_anidada_del_proyecto"
"Proyecto Host IA 3.0/Proyecto Host IA 3.0/TESTS/__pycache__/test_automatizador_inteligente_308.cpython-313.pyc",2603,"copia_anidada_del_proyecto"
"Proyecto Host IA 3.0/Proyecto Host IA 3.0/TESTS/__pycache__/test_base_actualizacion_precios_factura.cpython-313.pyc",3327,"copia_anidada_del_proyecto"
"Proyecto Host IA 3.0/Proyecto Host IA 3.0/TESTS/__pycache__/test_base_actualizacion_stock_factura.cpython-313.pyc",3242,"copia_anidada_del_proyecto"
"Proyecto Host IA 3.0/Proyecto Host IA 3.0/TESTS/__pycache__/test_base_datos_local.cpython-313.pyc",3824,"copia_anidada_del_proyecto"
"Proyecto Host IA 3.0/Proyecto Host IA 3.0/TESTS/__pycache__/test_base_importador_universal_facturas.cpython-313.pyc",4206,"copia_anidada_del_proyecto"
"Proyecto Host IA 3.0/Proyecto Host IA 3.0/TESTS/__pycache__/test_base_ocr_documentos.cpython-313.pyc",3487,"copia_anidada_del_proyecto"
"Proyecto Host IA 3.0/Proyecto Host IA 3.0/TESTS/__pycache__/test_buscador_articulos_parecidos.cpython-313.pyc",3910,"copia_anidada_del_proyecto"
"Proyecto Host IA 3.0/Proyecto Host IA 3.0/TESTS/__pycache__/test_cierre_escandallos_inteligentes.cpython-313.pyc",3139,"copia_anidada_del_proyecto"
"Proyecto Host IA 3.0/Proyecto Host IA 3.0/TESTS/__pycache__/test_cierre_gestion_inteligente_stock.cpython-313.pyc",2663,"copia_anidada_del_proyecto"
"Proyecto Host IA 3.0/Proyecto Host IA 3.0/TESTS/__pycache__/test_cierre_ia_conversacional_308.cpython-313.pyc",2015,"copia_anidada_del_proyecto"
"Proyecto Host IA 3.0/Proyecto Host IA 3.0/TESTS/__pycache__/test_cierre_importador_universal.cpython-313.pyc",2753,"copia_anidada_del_proyecto"
"Proyecto Host IA 3.0/Proyecto Host IA 3.0/TESTS/__pycache__/test_cierre_inteligencia_compras.cpython-313.pyc",3481,"copia_anidada_del_proyecto"
"Proyecto Host IA 3.0/Proyecto Host IA 3.0/TESTS/__pycache__/test_cierre_inteligente_produccion.cpython-313.pyc",2412,"copia_anidada_del_proyecto"
"Proyecto Host IA 3.0/Proyecto Host IA 3.0/TESTS/__pycache__/test_comparador_historico_escandallos.cpython-313.pyc",2941,"copia_anidada_del_proyecto"
"Proyecto Host IA 3.0/Proyecto Host IA 3.0/TESTS/__pycache__/test_comparador_inteligente_proveedores.cpython-313.pyc",2411,"copia_anidada_del_proyecto"
"Proyecto Host IA 3.0/Proyecto Host IA 3.0/TESTS/__pycache__/test_comparador_proveedores_precios.cpython-313.pyc",3446,"copia_anidada_del_proyecto"
"Proyecto Host IA 3.0/Proyecto Host IA 3.0/TESTS/__pycache__/test_control_ejecucion_produccion.cpython-313.pyc",3143,"copia_anidada_del_proyecto"
"Proyecto Host IA 3.0/Proyecto Host IA 3.0/TESTS/__pycache__/test_control_inteligente_movimientos_stock.cpython-313.pyc",2679,"copia_anidada_del_proyecto"
"Proyecto Host IA 3.0/Proyecto Host IA 3.0/TESTS/__pycache__/test_detector_anomalias_compras.cpython-313.pyc",4456,"copia_anidada_del_proyecto"
"Proyecto Host IA 3.0/Proyecto Host IA 3.0/TESTS/__pycache__/test_detector_campos_linea_factura.cpython-313.pyc",3389,"copia_anidada_del_proyecto"
"Proyecto Host IA 3.0/Proyecto Host IA 3.0/TESTS/__pycache__/test_detector_documentos_excel.cpython-313.pyc",5085,"copia_anidada_del_proyecto"
"Proyecto Host IA 3.0/Proyecto Host IA 3.0/TESTS/__pycache__/test_detector_proveedores_pdf.cpython-313.pyc",4135,"copia_anidada_del_proyecto"
"Proyecto Host IA 3.0/Proyecto Host IA 3.0/TESTS/__pycache__/test_ejecutor_importador_universal_facturas.cpython-313.pyc",4116,"copia_anidada_del_proyecto"
"Proyecto Host IA 3.0/Proyecto Host IA 3.0/TESTS/__pycache__/test_escandallos_inteligentes_3071_3072.cpython-313.pyc",2797,"copia_anidada_del_proyecto"
"Proyecto Host IA 3.0/Proyecto Host IA 3.0/TESTS/__pycache__/test_escandallos_inteligentes_3071_3072_3073_3074.cpython-313.pyc",4121,"copia_anidada_del_proyecto"
"Proyecto Host IA 3.0/Proyecto Host IA 3.0/TESTS/__pycache__/test_escandallos_inteligentes_3071_3072_3073_3074_3075_3076.cpython-313.pyc",4617,"copia_anidada_del_proyecto"
"Proyecto Host IA 3.0/Proyecto Host IA 3.0/TESTS/__pycache__/test_escandallos_inteligentes_3071_3072_3073_3074_3075_3076_3077_3078.cpython-313.pyc",5787,"copia_anidada_del_proyecto"
"Proyecto Host IA 3.0/Proyecto Host IA 3.0/TESTS/__pycache__/test_generador_inteligente_respuestas.cpython-313.pyc",2400,"copia_anidada_del_proyecto"
"Proyecto Host IA 3.0/Proyecto Host IA 3.0/TESTS/__pycache__/test_gestion_inteligente_stock_3051_3052.cpython-313.pyc",2933,"copia_anidada_del_proyecto"
"Proyecto Host IA 3.0/Proyecto Host IA 3.0/TESTS/__pycache__/test_gestion_inteligente_stock_3051_3052_3053_3054.cpython-313.pyc",3771,"copia_anidada_del_proyecto"
"Proyecto Host IA 3.0/Proyecto Host IA 3.0/TESTS/__pycache__/test_gestion_inteligente_stock_3051_3052_3053_3054_3055_3056.cpython-313.pyc",4658,"copia_anidada_del_proyecto"
"Proyecto Host IA 3.0/Proyecto Host IA 3.0/TESTS/__pycache__/test_gestion_inteligente_stock_3051_3052_3053_3054_3055_3056_3057_3058.cpython-313.pyc",3562,"copia_anidada_del_proyecto"
"Proyecto Host IA 3.0/Proyecto Host IA 3.0/TESTS/__pycache__/test_historico_inteligente_precios.cpython-313.pyc",3410,"copia_anidada_del_proyecto"
"Proyecto Host IA 3.0/Proyecto Host IA 3.0/TESTS/__pycache__/test_historico_inteligente_stock.cpython-313.pyc",3254,"copia_anidada_del_proyecto"
"Proyecto Host IA 3.0/Proyecto Host IA 3.0/TESTS/__pycache__/test_host_ai_3_0_completo.cpython-313.pyc",2132,"copia_anidada_del_proyecto"
"Proyecto Host IA 3.0/Proyecto Host IA 3.0/TESTS/__pycache__/test_ia_conversacional_3081_3082.cpython-313.pyc",2468,"copia_anidada_del_proyecto"
"Proyecto Host IA 3.0/Proyecto Host IA 3.0/TESTS/__pycache__/test_ia_conversacional_3081_3082_3083_3084.cpython-313.pyc",3161,"copia_anidada_del_proyecto"
"Proyecto Host IA 3.0/Proyecto Host IA 3.0/TESTS/__pycache__/test_ia_conversacional_3081_3082_3083_3084_3085_3086.cpython-313.pyc",3654,"copia_anidada_del_proyecto"
"Proyecto Host IA 3.0/Proyecto Host IA 3.0/TESTS/__pycache__/test_ia_conversacional_3081_3082_3083_3084_3085_3086_3087_3088.cpython-313.pyc",4449,"copia_anidada_del_proyecto"
"Proyecto Host IA 3.0/Proyecto Host IA 3.0/TESTS/__pycache__/test_importador_articulos_excel.cpython-313.pyc",4787,"copia_anidada_del_proyecto"
"Proyecto Host IA 3.0/Proyecto Host IA 3.0/TESTS/__pycache__/test_importador_escandallos_excel.cpython-313.pyc",5213,"copia_anidada_del_proyecto"
"Proyecto Host IA 3.0/Proyecto Host IA 3.0/TESTS/__pycache__/test_importador_inventario_excel.cpython-313.pyc",5678,"copia_anidada_del_proyecto"
"Proyecto Host IA 3.0/Proyecto Host IA 3.0/TESTS/__pycache__/test_inteligencia_compras_3041_3042_3043_3044.cpython-313.pyc",4526,"copia_anidada_del_proyecto"
"Proyecto Host IA 3.0/Proyecto Host IA 3.0/TESTS/__pycache__/test_inteligencia_compras_3041_3042_3043_3044_3045_3046.cpython-313.pyc",4988,"copia_anidada_del_proyecto"
"Proyecto Host IA 3.0/Proyecto Host IA 3.0/TESTS/__pycache__/test_inteligencia_compras_3041_3042_3043_3044_3045_3046_3047_3048.cpython-313.pyc",5734,"copia_anidada_del_proyecto"
"Proyecto Host IA 3.0/Proyecto Host IA 3.0/TESTS/__pycache__/test_lector_completo_lineas_factura.cpython-313.pyc",3105,"copia_anidada_del_proyecto"
"Proyecto Host IA 3.0/Proyecto Host IA 3.0/TESTS/__pycache__/test_lector_excel.cpython-313.pyc",4892,"copia_anidada_del_proyecto"
"Proyecto Host IA 3.0/Proyecto Host IA 3.0/TESTS/__pycache__/test_lector_facturas_con_ocr.cpython-313.pyc",4125,"copia_anidada_del_proyecto"
"Proyecto Host IA 3.0/Proyecto Host IA 3.0/TESTS/__pycache__/test_lector_pdf_facturas.cpython-313.pyc",4696,"copia_anidada_del_proyecto"
"Proyecto Host IA 3.0/Proyecto Host IA 3.0/TESTS/__pycache__/test_mapeador_columnas_excel.cpython-313.pyc",5510,"copia_anidada_del_proyecto"
"Proyecto Host IA 3.0/Proyecto Host IA 3.0/TESTS/__pycache__/test_memoria_conversacional_308.cpython-313.pyc",2625,"copia_anidada_del_proyecto"
"Proyecto Host IA 3.0/Proyecto Host IA 3.0/TESTS/__pycache__/test_modelos_lineas_factura.cpython-313.pyc",3391,"copia_anidada_del_proyecto"
"Proyecto Host IA 3.0/Proyecto Host IA 3.0/TESTS/__pycache__/test_modelos_relacion_articulos_factura.cpython-313.pyc",3441,"copia_anidada_del_proyecto"
"Proyecto Host IA 3.0/Proyecto Host IA 3.0/TESTS/__pycache__/test_modulo_costes_inteligente.cpython-313.pyc",6785,"copia_anidada_del_proyecto"
"Proyecto Host IA 3.0/Proyecto Host IA 3.0/TESTS/__pycache__/test_motor_alertas_escandallos.cpython-313.pyc",2425,"copia_anidada_del_proyecto"
"Proyecto Host IA 3.0/Proyecto Host IA 3.0/TESTS/__pycache__/test_motor_alertas_produccion.cpython-313.pyc",2565,"copia_anidada_del_proyecto"
"Proyecto Host IA 3.0/Proyecto Host IA 3.0/TESTS/__pycache__/test_motor_alertas_stock.cpython-313.pyc",2871,"copia_anidada_del_proyecto"
"Proyecto Host IA 3.0/Proyecto Host IA 3.0/TESTS/__pycache__/test_motor_conversacional_308.cpython-313.pyc",2593,"copia_anidada_del_proyecto"
"Proyecto Host IA 3.0/Proyecto Host IA 3.0/TESTS/__pycache__/test_motor_escandallos_inteligente.cpython-313.pyc",5939,"copia_anidada_del_proyecto"
"Proyecto Host IA 3.0/Proyecto Host IA 3.0/TESTS/__pycache__/test_motor_ia_culinaria.cpython-313.pyc",5187,"copia_anidada_del_proyecto"
"Proyecto Host IA 3.0/Proyecto Host IA 3.0/TESTS/__pycache__/test_motor_inteligente_pedidos.cpython-313.pyc",3304,"copia_anidada_del_proyecto"
"Proyecto Host IA 3.0/Proyecto Host IA 3.0/TESTS/__pycache__/test_motor_ocr_simulado.cpython-313.pyc",3536,"copia_anidada_del_proyecto"
"Proyecto Host IA 3.0/Proyecto Host IA 3.0/TESTS/__pycache__/test_motor_optimizacion_carta.cpython-313.pyc",3879,"copia_anidada_del_proyecto"
"Proyecto Host IA 3.0/Proyecto Host IA 3.0/TESTS/__pycache__/test_motor_produccion_real.cpython-313.pyc",6148,"copia_anidada_del_proyecto"
"Proyecto Host IA 3.0/Proyecto Host IA 3.0/TESTS/__pycache__/test_motor_recomendaciones_compras.cpython-313.pyc",2161,"copia_anidada_del_proyecto"
"Proyecto Host IA 3.0/Proyecto Host IA 3.0/TESTS/__pycache__/test_optimizador_inteligente_produccion.cpython-313.pyc",3495,"copia_anidada_del_proyecto"
"Proyecto Host IA 3.0/Proyecto Host IA 3.0/TESTS/__pycache__/test_optimizador_inteligente_recetas.cpython-313.pyc",3139,"copia_anidada_del_proyecto"
"Proyecto Host IA 3.0/Proyecto Host IA 3.0/TESTS/__pycache__/test_optimizador_stock.cpython-313.pyc",3025,"copia_anidada_del_proyecto"
"Proyecto Host IA 3.0/Proyecto Host IA 3.0/TESTS/__pycache__/test_parser_lineas_factura.cpython-313.pyc",3508,"copia_anidada_del_proyecto"
"Proyecto Host IA 3.0/Proyecto Host IA 3.0/TESTS/__pycache__/test_pipeline_compras.cpython-313.pyc",3956,"copia_anidada_del_proyecto"
"Proyecto Host IA 3.0/Proyecto Host IA 3.0/TESTS/__pycache__/test_pipeline_produccion_completa.cpython-313.pyc",5313,"copia_anidada_del_proyecto"
"Proyecto Host IA 3.0/Proyecto Host IA 3.0/TESTS/__pycache__/test_pipeline_stock.cpython-313.pyc",4790,"copia_anidada_del_proyecto"
"Proyecto Host IA 3.0/Proyecto Host IA 3.0/TESTS/__pycache__/test_planificador_inteligente_produccion.cpython-313.pyc",2469,"copia_anidada_del_proyecto"
"Proyecto Host IA 3.0/Proyecto Host IA 3.0/TESTS/__pycache__/test_prediccion_inteligente_precios.cpython-313.pyc",3855,"copia_anidada_del_proyecto"
"Proyecto Host IA 3.0/Proyecto Host IA 3.0/TESTS/__pycache__/test_prediccion_inteligente_rentabilidad.cpython-313.pyc",3009,"copia_anidada_del_proyecto"
"Proyecto Host IA 3.0/Proyecto Host IA 3.0/TESTS/__pycache__/test_prediccion_necesidades_stock.cpython-313.pyc",2587,"copia_anidada_del_proyecto"
"Proyecto Host IA 3.0/Proyecto Host IA 3.0/TESTS/__pycache__/test_prediccion_roturas_stock.cpython-313.pyc",2467,"copia_anidada_del_proyecto"
"Proyecto Host IA 3.0/Proyecto Host IA 3.0/TESTS/__pycache__/test_produccion_3061_3062.cpython-313.pyc",2468,"copia_anidada_del_proyecto"
"Proyecto Host IA 3.0/Proyecto Host IA 3.0/TESTS/__pycache__/test_produccion_3061_3062_3063_3064.cpython-313.pyc",3110,"copia_anidada_del_proyecto"
"Proyecto Host IA 3.0/Proyecto Host IA 3.0/TESTS/__pycache__/test_produccion_3061_3062_3063_3064_3065_3066.cpython-313.pyc",4457,"copia_anidada_del_proyecto"
"Proyecto Host IA 3.0/Proyecto Host IA 3.0/TESTS/__pycache__/test_produccion_3061_3062_3063_3064_3065_3066_3067_3068.cpython-313.pyc",5729,"copia_anidada_del_proyecto"
"Proyecto Host IA 3.0/Proyecto Host IA 3.0/TESTS/__pycache__/test_reconciliador_inteligente_stock.cpython-313.pyc",2888,"copia_anidada_del_proyecto"
"Proyecto Host IA 3.0/Proyecto Host IA 3.0/TESTS/__pycache__/test_reconciliador_stock_factura.cpython-313.pyc",3336,"copia_anidada_del_proyecto"
"Proyecto Host IA 3.0/Proyecto Host IA 3.0/TESTS/__pycache__/test_registro_pipelines_api.cpython-313.pyc",3939,"copia_anidada_del_proyecto"
"Proyecto Host IA 3.0/Proyecto Host IA 3.0/TESTS/__pycache__/test_relacionador_automatico_articulos_factura.cpython-313.pyc",4113,"copia_anidada_del_proyecto"
"Proyecto Host IA 3.0/Proyecto Host IA 3.0/TESTS/__pycache__/test_replanificador_inteligente_produccion.cpython-313.pyc",3016,"copia_anidada_del_proyecto"
"Proyecto Host IA 3.0/Proyecto Host IA 3.0/TESTS/__pycache__/test_resolucion_conflictos_excel.cpython-313.pyc",4523,"copia_anidada_del_proyecto"
"Proyecto Host IA 3.0/Proyecto Host IA 3.0/TESTS/__pycache__/test_resumen_ejecutivo_importaciones.cpython-313.pyc",3266,"copia_anidada_del_proyecto"
"Proyecto Host IA 3.0/Proyecto Host IA 3.0/TESTS/__pycache__/test_selector_inteligente_motores.cpython-313.pyc",2153,"copia_anidada_del_proyecto"
"Proyecto Host IA 3.0/Proyecto Host IA 3.0/TESTS/__pycache__/test_simulador_costes_escandallos.cpython-313.pyc",2938,"copia_anidada_del_proyecto"
"Proyecto Host IA 3.0/Proyecto Host IA 3.0/TESTS/__pycache__/test_stock_por_ubicaciones.cpython-313.pyc",3052,"copia_anidada_del_proyecto"
"Proyecto Host IA 3.0/Proyecto Host IA 3.0/TESTS/__pycache__/test_validador_corrector_ocr.cpython-313.pyc",2720,"copia_anidada_del_proyecto"
"Proyecto Host IA 3.0/Proyecto Host IA 3.0/TESTS/__pycache__/test_validador_lineas_factura.cpython-313.pyc",4192,"copia_anidada_del_proyecto"
"Proyecto Host IA 3.0/Proyecto Host IA 3.0/TESTS/__pycache__/test_validador_relaciones_articulos_factura.cpython-313.pyc",3740,"copia_anidada_del_proyecto"
"Proyecto Host IA 3.0/Proyecto Host IA 3.0/SERVICIOS/__pycache__/actualizador_inteligente_precios_factura.cpython-313.pyc",9191,"copia_anidada_del_proyecto"
"Proyecto Host IA 3.0/Proyecto Host IA 3.0/SERVICIOS/__pycache__/actualizador_inteligente_stock_factura.cpython-313.pyc",9994,"copia_anidada_del_proyecto"
"Proyecto Host IA 3.0/Proyecto Host IA 3.0/SERVICIOS/__pycache__/alertas_inteligentes_precios.cpython-313.pyc",7518,"copia_anidada_del_proyecto"
"Proyecto Host IA 3.0/Proyecto Host IA 3.0/SERVICIOS/__pycache__/alertas_inteligentes_stock.cpython-313.pyc",7671,"copia_anidada_del_proyecto"
"Proyecto Host IA 3.0/Proyecto Host IA 3.0/SERVICIOS/__pycache__/analizador_inteligente_compras.cpython-313.pyc",5717,"copia_anidada_del_proyecto"
"Proyecto Host IA 3.0/Proyecto Host IA 3.0/SERVICIOS/__pycache__/analizador_inteligente_escandallos.cpython-313.pyc",15017,"copia_anidada_del_proyecto"
"Proyecto Host IA 3.0/Proyecto Host IA 3.0/SERVICIOS/__pycache__/analizador_inteligente_produccion.cpython-313.pyc",10843,"copia_anidada_del_proyecto"
"Proyecto Host IA 3.0/Proyecto Host IA 3.0/SERVICIOS/__pycache__/analizador_inteligente_stock.cpython-313.pyc",9979,"copia_anidada_del_proyecto"
"Proyecto Host IA 3.0/Proyecto Host IA 3.0/SERVICIOS/__pycache__/analizador_lenguaje_natural.cpython-313.pyc",7318,"copia_anidada_del_proyecto"
"Proyecto Host IA 3.0/Proyecto Host IA 3.0/SERVICIOS/__pycache__/aprendizaje_relacion_proveedor.cpython-313.pyc",9076,"copia_anidada_del_proyecto"
"Proyecto Host IA 3.0/Proyecto Host IA 3.0/SERVICIOS/__pycache__/asignador_recursos_produccion.cpython-313.pyc",8648,"copia_anidada_del_proyecto"
"Proyecto Host IA 3.0/Proyecto Host IA 3.0/SERVICIOS/__pycache__/asistente_importacion_excel.cpython-313.pyc",14609,"copia_anidada_del_proyecto"
"Proyecto Host IA 3.0/Proyecto Host IA 3.0/SERVICIOS/__pycache__/asistente_inteligente_host_ai_308.cpython-313.pyc",9748,"copia_anidada_del_proyecto"
"Proyecto Host IA 3.0/Proyecto Host IA 3.0/SERVICIOS/__pycache__/auditoria_importaciones_universales.cpython-313.pyc",6917,"copia_anidada_del_proyecto"
"Proyecto Host IA 3.0/Proyecto Host IA 3.0/SERVICIOS/__pycache__/auditoria_tecnica_host_ai_351.cpython-313.pyc",14065,"copia_anidada_del_proyecto"
"Proyecto Host IA 3.0/Proyecto Host IA 3.0/SERVICIOS/__pycache__/automatizador_inteligente_308.cpython-313.pyc",7790,"copia_anidada_del_proyecto"
"Proyecto Host IA 3.0/Proyecto Host IA 3.0/SERVICIOS/__pycache__/base_actualizacion_precios_factura.cpython-313.pyc",5988,"copia_anidada_del_proyecto"
"Proyecto Host IA 3.0/Proyecto Host IA 3.0/SERVICIOS/__pycache__/base_actualizacion_stock_factura.cpython-313.pyc",4866,"copia_anidada_del_proyecto"
"Proyecto Host IA 3.0/Proyecto Host IA 3.0/SERVICIOS/__pycache__/base_datos_local.cpython-313.pyc",6832,"copia_anidada_del_proyecto"
"Proyecto Host IA 3.0/Proyecto Host IA 3.0/SERVICIOS/__pycache__/base_importador_universal_facturas.cpython-313.pyc",7116,"copia_anidada_del_proyecto"
"Proyecto Host IA 3.0/Proyecto Host IA 3.0/SERVICIOS/__pycache__/base_lineas_factura.cpython-313.pyc",4287,"copia_anidada_del_proyecto"
"Proyecto Host IA 3.0/Proyecto Host IA 3.0/SERVICIOS/__pycache__/base_ocr_documentos.cpython-313.pyc",6799,"copia_anidada_del_proyecto"
"Proyecto Host IA 3.0/Proyecto Host IA 3.0/SERVICIOS/__pycache__/base_relacion_articulos_factura.cpython-313.pyc",4628,"copia_anidada_del_proyecto"
"Proyecto Host IA 3.0/Proyecto Host IA 3.0/SERVICIOS/__pycache__/buscador_articulos_parecidos.cpython-313.pyc",11196,"copia_anidada_del_proyecto"
"Proyecto Host IA 3.0/Proyecto Host IA 3.0/SERVICIOS/__pycache__/cierre_escandallos_inteligentes.cpython-313.pyc",11446,"copia_anidada_del_proyecto"
"Proyecto Host IA 3.0/Proyecto Host IA 3.0/SERVICIOS/__pycache__/cierre_gestion_inteligente_stock.cpython-313.pyc",9542,"copia_anidada_del_proyecto"
"Proyecto Host IA 3.0/Proyecto Host IA 3.0/SERVICIOS/__pycache__/cierre_ia_conversacional_308.cpython-313.pyc",5446,"copia_anidada_del_proyecto"
"Proyecto Host IA 3.0/Proyecto Host IA 3.0/SERVICIOS/__pycache__/cierre_importador_universal.cpython-313.pyc",5008,"copia_anidada_del_proyecto"
"Proyecto Host IA 3.0/Proyecto Host IA 3.0/SERVICIOS/__pycache__/cierre_inteligencia_compras.cpython-313.pyc",7740,"copia_anidada_del_proyecto"
"Proyecto Host IA 3.0/Proyecto Host IA 3.0/SERVICIOS/__pycache__/cierre_inteligente_produccion.cpython-313.pyc",14160,"copia_anidada_del_proyecto"
"Proyecto Host IA 3.0/Proyecto Host IA 3.0/SERVICIOS/__pycache__/comparador_historico_escandallos.cpython-313.pyc",11245,"copia_anidada_del_proyecto"
"Proyecto Host IA 3.0/Proyecto Host IA 3.0/SERVICIOS/__pycache__/comparador_inteligente_proveedores.cpython-313.pyc",8666,"copia_anidada_del_proyecto"
"Proyecto Host IA 3.0/Proyecto Host IA 3.0/SERVICIOS/__pycache__/comparador_proveedores_precios.cpython-313.pyc",5213,"copia_anidada_del_proyecto"
"Proyecto Host IA 3.0/Proyecto Host IA 3.0/SERVICIOS/__pycache__/control_ejecucion_produccion.cpython-313.pyc",10570,"copia_anidada_del_proyecto"
"Proyecto Host IA 3.0/Proyecto Host IA 3.0/SERVICIOS/__pycache__/control_inteligente_movimientos_stock.cpython-313.pyc",6870,"copia_anidada_del_proyecto"
"Proyecto Host IA 3.0/Proyecto Host IA 3.0/SERVICIOS/__pycache__/detector_anomalias_compras.cpython-313.pyc",17241,"copia_anidada_del_proyecto"
"Proyecto Host IA 3.0/Proyecto Host IA 3.0/SERVICIOS/__pycache__/detector_campos_linea_factura.cpython-313.pyc",9453,"copia_anidada_del_proyecto"
"Proyecto Host IA 3.0/Proyecto Host IA 3.0/SERVICIOS/__pycache__/detector_documentos_excel.cpython-313.pyc",11374,"copia_anidada_del_proyecto"
"Proyecto Host IA 3.0/Proyecto Host IA 3.0/SERVICIOS/__pycache__/detector_proveedores_pdf.cpython-313.pyc",15143,"copia_anidada_del_proyecto"
"Proyecto Host IA 3.0/Proyecto Host IA 3.0/SERVICIOS/__pycache__/ejecutor_importador_universal_facturas.cpython-313.pyc",5271,"copia_anidada_del_proyecto"
"Proyecto Host IA 3.0/Proyecto Host IA 3.0/SERVICIOS/__pycache__/generador_inteligente_respuestas.cpython-313.pyc",6204,"copia_anidada_del_proyecto"
"Proyecto Host IA 3.0/Proyecto Host IA 3.0/SERVICIOS/__pycache__/historico_inteligente_precios.cpython-313.pyc",8461,"copia_anidada_del_proyecto"
"Proyecto Host IA 3.0/Proyecto Host IA 3.0/SERVICIOS/__pycache__/historico_inteligente_stock.cpython-313.pyc",9258,"copia_anidada_del_proyecto"
"Proyecto Host IA 3.0/Proyecto Host IA 3.0/SERVICIOS/__pycache__/importador_articulos_excel.cpython-313.pyc",11946,"copia_anidada_del_proyecto"
"Proyecto Host IA 3.0/Proyecto Host IA 3.0/SERVICIOS/__pycache__/importador_escandallos_excel.cpython-313.pyc",11599,"copia_anidada_del_proyecto"
"Proyecto Host IA 3.0/Proyecto Host IA 3.0/SERVICIOS/__pycache__/importador_inventario_excel.cpython-313.pyc",16073,"copia_anidada_del_proyecto"
"Proyecto Host IA 3.0/Proyecto Host IA 3.0/SERVICIOS/__pycache__/lector_completo_lineas_factura.cpython-313.pyc",6076,"copia_anidada_del_proyecto"
"Proyecto Host IA 3.0/Proyecto Host IA 3.0/SERVICIOS/__pycache__/lector_excel.cpython-313.pyc",11033,"copia_anidada_del_proyecto"
"Proyecto Host IA 3.0/Proyecto Host IA 3.0/SERVICIOS/__pycache__/lector_facturas_con_ocr.cpython-313.pyc",5689,"copia_anidada_del_proyecto"
"Proyecto Host IA 3.0/Proyecto Host IA 3.0/SERVICIOS/__pycache__/lector_pdf_facturas.cpython-313.pyc",11640,"copia_anidada_del_proyecto"
"Proyecto Host IA 3.0/Proyecto Host IA 3.0/SERVICIOS/__pycache__/mapeador_columnas_excel.cpython-313.pyc",13670,"copia_anidada_del_proyecto"
"Proyecto Host IA 3.0/Proyecto Host IA 3.0/SERVICIOS/__pycache__/memoria_conversacional_308.cpython-313.pyc",10255,"copia_anidada_del_proyecto"
"Proyecto Host IA 3.0/Proyecto Host IA 3.0/SERVICIOS/__pycache__/motor_alertas_escandallos.cpython-313.pyc",8657,"copia_anidada_del_proyecto"
"Proyecto Host IA 3.0/Proyecto Host IA 3.0/SERVICIOS/__pycache__/motor_alertas_produccion.cpython-313.pyc",9542,"copia_anidada_del_proyecto"
"Proyecto Host IA 3.0/Proyecto Host IA 3.0/SERVICIOS/__pycache__/motor_alertas_stock.cpython-313.pyc",10918,"copia_anidada_del_proyecto"
"Proyecto Host IA 3.0/Proyecto Host IA 3.0/SERVICIOS/__pycache__/motor_conversacional_308.cpython-313.pyc",7888,"copia_anidada_del_proyecto"
"Proyecto Host IA 3.0/Proyecto Host IA 3.0/SERVICIOS/__pycache__/motor_inteligente_pedidos.cpython-313.pyc",11214,"copia_anidada_del_proyecto"
"Proyecto Host IA 3.0/Proyecto Host IA 3.0/SERVICIOS/__pycache__/motor_ocr_simulado.cpython-313.pyc",5817,"copia_anidada_del_proyecto"
"Proyecto Host IA 3.0/Proyecto Host IA 3.0/SERVICIOS/__pycache__/motor_optimizacion_carta.cpython-313.pyc",16401,"copia_anidada_del_proyecto"
"Proyecto Host IA 3.0/Proyecto Host IA 3.0/SERVICIOS/__pycache__/motor_recomendaciones_compras.cpython-313.pyc",3879,"copia_anidada_del_proyecto"
"Proyecto Host IA 3.0/Proyecto Host IA 3.0/SERVICIOS/__pycache__/optimizador_inteligente_produccion.cpython-313.pyc",20649,"copia_anidada_del_proyecto"
"Proyecto Host IA 3.0/Proyecto Host IA 3.0/SERVICIOS/__pycache__/optimizador_inteligente_recetas.cpython-313.pyc",9162,"copia_anidada_del_proyecto"
"Proyecto Host IA 3.0/Proyecto Host IA 3.0/SERVICIOS/__pycache__/optimizador_stock.cpython-313.pyc",10422,"copia_anidada_del_proyecto"
"Proyecto Host IA 3.0/Proyecto Host IA 3.0/SERVICIOS/__pycache__/parser_lineas_factura.cpython-313.pyc",11937,"copia_anidada_del_proyecto"
"Proyecto Host IA 3.0/Proyecto Host IA 3.0/SERVICIOS/__pycache__/planificador_inteligente_produccion.cpython-313.pyc",12666,"copia_anidada_del_proyecto"
"Proyecto Host IA 3.0/Proyecto Host IA 3.0/SERVICIOS/__pycache__/prediccion_inteligente_precios.cpython-313.pyc",7376,"copia_anidada_del_proyecto"
"Proyecto Host IA 3.0/Proyecto Host IA 3.0/SERVICIOS/__pycache__/prediccion_inteligente_rentabilidad.cpython-313.pyc",10710,"copia_anidada_del_proyecto"
"Proyecto Host IA 3.0/Proyecto Host IA 3.0/SERVICIOS/__pycache__/prediccion_necesidades_stock.cpython-313.pyc",12922,"copia_anidada_del_proyecto"
"Proyecto Host IA 3.0/Proyecto Host IA 3.0/SERVICIOS/__pycache__/prediccion_roturas_stock.cpython-313.pyc",6328,"copia_anidada_del_proyecto"
"Proyecto Host IA 3.0/Proyecto Host IA 3.0/SERVICIOS/__pycache__/reconciliador_inteligente_stock.cpython-313.pyc",10636,"copia_anidada_del_proyecto"
"Proyecto Host IA 3.0/Proyecto Host IA 3.0/SERVICIOS/__pycache__/reconciliador_stock_factura.cpython-313.pyc",5303,"copia_anidada_del_proyecto"
"Proyecto Host IA 3.0/Proyecto Host IA 3.0/SERVICIOS/__pycache__/relacionador_automatico_articulos_factura.cpython-313.pyc",11113,"copia_anidada_del_proyecto"
"Proyecto Host IA 3.0/Proyecto Host IA 3.0/SERVICIOS/__pycache__/replanificador_inteligente_produccion.cpython-313.pyc",11749,"copia_anidada_del_proyecto"
"Proyecto Host IA 3.0/Proyecto Host IA 3.0/SERVICIOS/__pycache__/resolutor_conflictos_excel.cpython-313.pyc",16532,"copia_anidada_del_proyecto"
"Proyecto Host IA 3.0/Proyecto Host IA 3.0/SERVICIOS/__pycache__/resumen_ejecutivo_importaciones.cpython-313.pyc",6441,"copia_anidada_del_proyecto"
"Proyecto Host IA 3.0/Proyecto Host IA 3.0/SERVICIOS/__pycache__/selector_inteligente_motores.cpython-313.pyc",5990,"copia_anidada_del_proyecto"
"Proyecto Host IA 3.0/Proyecto Host IA 3.0/SERVICIOS/__pycache__/simulador_costes_escandallos.cpython-313.pyc",9188,"copia_anidada_del_proyecto"
"Proyecto Host IA 3.0/Proyecto Host IA 3.0/SERVICIOS/__pycache__/stock_por_ubicaciones.cpython-313.pyc",11426,"copia_anidada_del_proyecto"
"Proyecto Host IA 3.0/Proyecto Host IA 3.0/SERVICIOS/__pycache__/validador_corrector_ocr.cpython-313.pyc",4912,"copia_anidada_del_proyecto"
"Proyecto Host IA 3.0/Proyecto Host IA 3.0/SERVICIOS/__pycache__/validador_lineas_factura.cpython-313.pyc",11391,"copia_anidada_del_proyecto"
"Proyecto Host IA 3.0/Proyecto Host IA 3.0/SERVICIOS/__pycache__/validador_relaciones_articulos_factura.cpython-313.pyc",6357,"copia_anidada_del_proyecto"
"Proyecto Host IA 3.0/Proyecto Host IA 3.0/SERVICIOS/__pycache__/__init__.cpython-313.pyc",141,"copia_anidada_del_proyecto"
"Proyecto Host IA 3.0/Proyecto Host IA 3.0/Proyecto Host IA 3.0/APP/consola.py",21177,"copia_anidada_del_proyecto"
"Proyecto Host IA 3.0/Proyecto Host IA 3.0/Proyecto Host IA 3.0/APP/__init__.py",0,"copia_anidada_del_proyecto"
"Proyecto Host IA 3.0/Proyecto Host IA 3.0/Proyecto Host IA 3.0/CORE/director_host_ai.py",403,"copia_anidada_del_proyecto"
"Proyecto Host IA 3.0/Proyecto Host IA 3.0/Proyecto Host IA 3.0/CORE/host_ai_core.py",30751,"copia_anidada_del_proyecto"
"Proyecto Host IA 3.0/Proyecto Host IA 3.0/Proyecto Host IA 3.0/CORE/orquestador.py",27802,"copia_anidada_del_proyecto"
"Proyecto Host IA 3.0/Proyecto Host IA 3.0/Proyecto Host IA 3.0/CORE/registro_pipelines.py",1064,"copia_anidada_del_proyecto"
"Proyecto Host IA 3.0/Proyecto Host IA 3.0/Proyecto Host IA 3.0/CORE/__init__.py",0,"copia_anidada_del_proyecto"
"Proyecto Host IA 3.0/Proyecto Host IA 3.0/Proyecto Host IA 3.0/DOCS/CHANGELOG_v1_0_2.md",621,"copia_anidada_del_proyecto"
"Proyecto Host IA 3.0/Proyecto Host IA 3.0/Proyecto Host IA 3.0/DOCS/CHANGELOG_v1_0_3.md",329,"copia_anidada_del_proyecto"
"Proyecto Host IA 3.0/Proyecto Host IA 3.0/Proyecto Host IA 3.0/DOCS/CHANGELOG_v1_0_4.md",123,"copia_anidada_del_proyecto"
"Proyecto Host IA 3.0/Proyecto Host IA 3.0/Proyecto Host IA 3.0/DOCS/CHANGELOG_v1_0_5.md",309,"copia_anidada_del_proyecto"
"Proyecto Host IA 3.0/Proyecto Host IA 3.0/Proyecto Host IA 3.0/DOCS/CHANGELOG_v2_0_6.md",537,"copia_anidada_del_proyecto"
"Proyecto Host IA 3.0/Proyecto Host IA 3.0/Proyecto Host IA 3.0/DOCS/CHANGELOG_v2_0_7.md",536,"copia_anidada_del_proyecto"
"Proyecto Host IA 3.0/Proyecto Host IA 3.0/Proyecto Host IA 3.0/DOCS/CHANGELOG_v2_0_8.md",525,"copia_anidada_del_proyecto"
"Proyecto Host IA 3.0/Proyecto Host IA 3.0/Proyecto Host IA 3.0/DOCS/CHANGELOG_v2_0_9.md",408,"copia_anidada_del_proyecto"
"Proyecto Host IA 3.0/Proyecto Host IA 3.0/Proyecto Host IA 3.0/DOCS/CHANGELOG_v3_0_0.md",594,"copia_anidada_del_proyecto"
"Proyecto Host IA 3.0/Proyecto Host IA 3.0/Proyecto Host IA 3.0/DOCS/CHANGELOG_v3_0_1.md",85,"copia_anidada_del_proyecto"
"Proyecto Host IA 3.0/Proyecto Host IA 3.0/Proyecto Host IA 3.0/DOCS/CHANGELOG_v3_0_2_1.md",546,"copia_anidada_del_proyecto"
"Proyecto Host IA 3.0/Proyecto Host IA 3.0/Proyecto Host IA 3.0/DOCS/CHANGELOG_v3_0_2_2.md",589,"copia_anidada_del_proyecto"
"Proyecto Host IA 3.0/Proyecto Host IA 3.0/Proyecto Host IA 3.0/DOCS/CHANGELOG_v3_0_2_3.md",556,"copia_anidada_del_proyecto"
"Proyecto Host IA 3.0/Proyecto Host IA 3.0/Proyecto Host IA 3.0/DOCS/CHANGELOG_v3_0_2_4.md",478,"copia_anidada_del_proyecto"
"Proyecto Host IA 3.0/Proyecto Host IA 3.0/Proyecto Host IA 3.0/DOCS/CHANGELOG_v3_0_2_5.md",536,"copia_anidada_del_proyecto"
"Proyecto Host IA 3.0/Proyecto Host IA 3.0/Proyecto Host IA 3.0/DOCS/CHANGELOG_v3_0_2_6.md",528,"copia_anidada_del_proyecto"
"Proyecto Host IA 3.0/Proyecto Host IA 3.0/Proyecto Host IA 3.0/DOCS/CHANGELOG_v3_0_2_7.md",498,"copia_anidada_del_proyecto"
"Proyecto Host IA 3.0/Proyecto Host IA 3.0/Proyecto Host IA 3.0/DOCS/CHANGELOG_v3_0_2_8.md",684,"copia_anidada_del_proyecto"
"Proyecto Host IA 3.0/Proyecto Host IA 3.0/Proyecto Host IA 3.0/DOCS/CHANGELOG_v3_0_3_1.md",506,"copia_anidada_del_proyecto"
"Proyecto Host IA 3.0/Proyecto Host IA 3.0/Proyecto Host IA 3.0/DOCS/CHANGELOG_v3_0_3_2.md",118,"copia_anidada_del_proyecto"
"Proyecto Host IA 3.0/Proyecto Host IA 3.0/Proyecto Host IA 3.0/DOCS/CHANGELOG_v3_0_3_3_1.md",117,"copia_anidada_del_proyecto"
"Proyecto Host IA 3.0/Proyecto Host IA 3.0/Proyecto Host IA 3.0/DOCS/CHANGELOG_v3_0_3_3_2.md",115,"copia_anidada_del_proyecto"
"Proyecto Host IA 3.0/Proyecto Host IA 3.0/Proyecto Host IA 3.0/DOCS/CHANGELOG_v3_0_3_3_3.md",137,"copia_anidada_del_proyecto"
"Proyecto Host IA 3.0/Proyecto Host IA 3.0/Proyecto Host IA 3.0/DOCS/CHANGELOG_v3_0_3_3_4.md",136,"copia_anidada_del_proyecto"
"Proyecto Host IA 3.0/Proyecto Host IA 3.0/Proyecto Host IA 3.0/DOCS/CHANGELOG_v3_0_3_3_5.md",121,"copia_anidada_del_proyecto"
"Proyecto Host IA 3.0/Proyecto Host IA 3.0/Proyecto Host IA 3.0/DOCS/CHANGELOG_v3_0_3_4_1.md",134,"copia_anidada_del_proyecto"
"Proyecto Host IA 3.0/Proyecto Host IA 3.0/Proyecto Host IA 3.0/DOCS/CHANGELOG_v3_0_3_4_2.md",129,"copia_anidada_del_proyecto"
"Proyecto Host IA 3.0/Proyecto Host IA 3.0/Proyecto Host IA 3.0/DOCS/CHANGELOG_v3_0_3_4_3.md",148,"copia_anidada_del_proyecto"
"Proyecto Host IA 3.0/Proyecto Host IA 3.0/Proyecto Host IA 3.0/DOCS/CHANGELOG_v3_0_3_4_4.md",134,"copia_anidada_del_proyecto"
"Proyecto Host IA 3.0/Proyecto Host IA 3.0/Proyecto Host IA 3.0/DOCS/CHANGELOG_v3_0_3_4_5.md",141,"copia_anidada_del_proyecto"
"Proyecto Host IA 3.0/Proyecto Host IA 3.0/Proyecto Host IA 3.0/DOCS/CHANGELOG_v3_0_3_5_1.md",136,"copia_anidada_del_proyecto"
"Proyecto Host IA 3.0/Proyecto Host IA 3.0/Proyecto Host IA 3.0/DOCS/CHANGELOG_v3_0_3_5_2.md",144,"copia_anidada_del_proyecto"
"Proyecto Host IA 3.0/Proyecto Host IA 3.0/Proyecto Host IA 3.0/DOCS/CHANGELOG_v3_0_3_5_3.md",131,"copia_anidada_del_proyecto"
"Proyecto Host IA 3.0/Proyecto Host IA 3.0/Proyecto Host IA 3.0/DOCS/CHANGELOG_v3_0_3_5_4.md",132,"copia_anidada_del_proyecto"
"Proyecto Host IA 3.0/Proyecto Host IA 3.0/Proyecto Host IA 3.0/DOCS/CHANGELOG_v3_0_3_5_5.md",128,"copia_anidada_del_proyecto"
"Proyecto Host IA 3.0/Proyecto Host IA 3.0/Proyecto Host IA 3.0/DOCS/CHANGELOG_v3_0_3_6_1.md",132,"copia_anidada_del_proyecto"
"Proyecto Host IA 3.0/Proyecto Host IA 3.0/Proyecto Host IA 3.0/DOCS/CHANGELOG_v3_0_3_6_2.md",140,"copia_anidada_del_proyecto"
"Proyecto Host IA 3.0/Proyecto Host IA 3.0/Proyecto Host IA 3.0/DOCS/CHANGELOG_v3_0_3_6_3.md",127,"copia_anidada_del_proyecto"
"Proyecto Host IA 3.0/Proyecto Host IA 3.0/Proyecto Host IA 3.0/DOCS/CHANGELOG_v3_0_3_6_4.md",124,"copia_anidada_del_proyecto"
"Proyecto Host IA 3.0/Proyecto Host IA 3.0/Proyecto Host IA 3.0/DOCS/CHANGELOG_v3_0_3_6_5.md",126,"copia_anidada_del_proyecto"
"Proyecto Host IA 3.0/Proyecto Host IA 3.0/Proyecto Host IA 3.0/DOCS/CHANGELOG_v3_0_3_7_1.md",121,"copia_anidada_del_proyecto"
"Proyecto Host IA 3.0/Proyecto Host IA 3.0/Proyecto Host IA 3.0/DOCS/CHANGELOG_v3_0_3_7_2.md",108,"copia_anidada_del_proyecto"
"Proyecto Host IA 3.0/Proyecto Host IA 3.0/Proyecto Host IA 3.0/DOCS/CHANGELOG_v3_0_3_7_3.md",120,"copia_anidada_del_proyecto"
"Proyecto Host IA 3.0/Proyecto Host IA 3.0/Proyecto Host IA 3.0/DOCS/CHANGELOG_v3_0_3_7_4.md",118,"copia_anidada_del_proyecto"
"Proyecto Host IA 3.0/Proyecto Host IA 3.0/Proyecto Host IA 3.0/DOCS/CHANGELOG_v3_0_3_8_1.md",140,"copia_anidada_del_proyecto"
"Proyecto Host IA 3.0/Proyecto Host IA 3.0/Proyecto Host IA 3.0/DOCS/CHANGELOG_v3_0_3_8_2.md",148,"copia_anidada_del_proyecto"
"Proyecto Host IA 3.0/Proyecto Host IA 3.0/Proyecto Host IA 3.0/DOCS/CHANGELOG_v3_0_3_8_3.md",143,"copia_anidada_del_proyecto"
"Proyecto Host IA 3.0/Proyecto Host IA 3.0/Proyecto Host IA 3.0/DOCS/CHANGELOG_v3_0_3_8_4.md",134,"copia_anidada_del_proyecto"
"Proyecto Host IA 3.0/Proyecto Host IA 3.0/Proyecto Host IA 3.0/DOCS/CHANGELOG_v3_0_3_8_5.md",126,"copia_anidada_del_proyecto"
"Proyecto Host IA 3.0/Proyecto Host IA 3.0/Proyecto Host IA 3.0/DOCS/CHANGELOG_v3_0_4_1.md",130,"copia_anidada_del_proyecto"
"Proyecto Host IA 3.0/Proyecto Host IA 3.0/Proyecto Host IA 3.0/DOCS/CHANGELOG_v3_0_4_1_3_0_4_4_TEST_COMBINADO.md",796,"copia_anidada_del_proyecto"
"Proyecto Host IA 3.0/Proyecto Host IA 3.0/Proyecto Host IA 3.0/DOCS/CHANGELOG_v3_0_4_2.md",128,"copia_anidada_del_proyecto"
"Proyecto Host IA 3.0/Proyecto Host IA 3.0/Proyecto Host IA 3.0/DOCS/CHANGELOG_v3_0_4_3.md",725,"copia_anidada_del_proyecto"
"Proyecto Host IA 3.0/Proyecto Host IA 3.0/Proyecto Host IA 3.0/DOCS/CHANGELOG_v3_0_4_4.md",603,"copia_anidada_del_proyecto"
"Proyecto Host IA 3.0/Proyecto Host IA 3.0/Proyecto Host IA 3.0/DOCS/CHANGELOG_v3_0_4_5.md",254,"copia_anidada_del_proyecto"
"Proyecto Host IA 3.0/Proyecto Host IA 3.0/Proyecto Host IA 3.0/DOCS/CHANGELOG_v3_0_4_5_3_0_4_6.md",250,"copia_anidada_del_proyecto"
"Proyecto Host IA 3.0/Proyecto Host IA 3.0/Proyecto Host IA 3.0/DOCS/CHANGELOG_v3_0_4_6.md",252,"copia_anidada_del_proyecto"
"Proyecto Host IA 3.0/Proyecto Host IA 3.0/Proyecto Host IA 3.0/DOCS/CHANGELOG_v3_0_4_7.md",577,"copia_anidada_del_proyecto"
"Proyecto Host IA 3.0/Proyecto Host IA 3.0/Proyecto Host IA 3.0/DOCS/CHANGELOG_v3_0_4_8.md",571,"copia_anidada_del_proyecto"
"Proyecto Host IA 3.0/Proyecto Host IA 3.0/Proyecto Host IA 3.0/DOCS/CHANGELOG_v3_0_5_1.md",393,"copia_anidada_del_proyecto"
"Proyecto Host IA 3.0/Proyecto Host IA 3.0/Proyecto Host IA 3.0/DOCS/CHANGELOG_v3_0_5_2.md",469,"copia_anidada_del_proyecto"
"Proyecto Host IA 3.0/Proyecto Host IA 3.0/Proyecto Host IA 3.0/DOCS/CHANGELOG_v3_0_5_3.md",554,"copia_anidada_del_proyecto"
"Proyecto Host IA 3.0/Proyecto Host IA 3.0/Proyecto Host IA 3.0/DOCS/CHANGELOG_v3_0_5_4.md",704,"copia_anidada_del_proyecto"
"Proyecto Host IA 3.0/Proyecto Host IA 3.0/Proyecto Host IA 3.0/DOCS/CHANGELOG_v3_0_5_5.md",576,"copia_anidada_del_proyecto"
"Proyecto Host IA 3.0/Proyecto Host IA 3.0/Proyecto Host IA 3.0/DOCS/CHANGELOG_v3_0_5_6.md",594,"copia_anidada_del_proyecto"
"Proyecto Host IA 3.0/Proyecto Host IA 3.0/Proyecto Host IA 3.0/DOCS/CHANGELOG_v3_0_5_7.md",305,"copia_anidada_del_proyecto"
"Proyecto Host IA 3.0/Proyecto Host IA 3.0/Proyecto Host IA 3.0/DOCS/CHANGELOG_v3_0_5_8.md",345,"copia_anidada_del_proyecto"
"Proyecto Host IA 3.0/Proyecto Host IA 3.0/Proyecto Host IA 3.0/DOCS/CHANGELOG_v3_0_6_1.md",296,"copia_anidada_del_proyecto"
"Proyecto Host IA 3.0/Proyecto Host IA 3.0/Proyecto Host IA 3.0/DOCS/CHANGELOG_v3_0_6_2.md",266,"copia_anidada_del_proyecto"
"Proyecto Host IA 3.0/Proyecto Host IA 3.0/Proyecto Host IA 3.0/DOCS/CHANGELOG_v3_0_6_3.md",251,"copia_anidada_del_proyecto"
"Proyecto Host IA 3.0/Proyecto Host IA 3.0/Proyecto Host IA 3.0/DOCS/CHANGELOG_v3_0_6_4.md",242,"copia_anidada_del_proyecto"
"Proyecto Host IA 3.0/Proyecto Host IA 3.0/Proyecto Host IA 3.0/DOCS/CHANGELOG_v3_0_6_5.md",403,"copia_anidada_del_proyecto"
"Proyecto Host IA 3.0/Proyecto Host IA 3.0/Proyecto Host IA 3.0/DOCS/CHANGELOG_v3_0_6_6.md",441,"copia_anidada_del_proyecto"
"Proyecto Host IA 3.0/Proyecto Host IA 3.0/Proyecto Host IA 3.0/DOCS/CHANGELOG_v3_0_6_7.md",752,"copia_anidada_del_proyecto"
"Proyecto Host IA 3.0/Proyecto Host IA 3.0/Proyecto Host IA 3.0/DOCS/CHANGELOG_v3_0_6_8.md",988,"copia_anidada_del_proyecto"
"Proyecto Host IA 3.0/Proyecto Host IA 3.0/Proyecto Host IA 3.0/DOCS/CHANGELOG_v3_0_7_1.md",399,"copia_anidada_del_proyecto"
"Proyecto Host IA 3.0/Proyecto Host IA 3.0/Proyecto Host IA 3.0/DOCS/CHANGELOG_v3_0_7_2.md",381,"copia_anidada_del_proyecto"
"Proyecto Host IA 3.0/Proyecto Host IA 3.0/Proyecto Host IA 3.0/DOCS/HOST_AI_3.0.6_PRODUCCION.md",827,"copia_anidada_del_proyecto"
"Proyecto Host IA 3.0/Proyecto Host IA 3.0/Proyecto Host IA 3.0/DOCS/HOST_AI_3.0.7.3_OPTIMIZADOR_INTELIGENTE_RECETAS.md",420,"copia_anidada_del_proyecto"
"Proyecto Host IA 3.0/Proyecto Host IA 3.0/Proyecto Host IA 3.0/DOCS/HOST_AI_3.0.7.4_COMPARADOR_HISTORICO_ESCANDALLOS.md",377,"copia_anidada_del_proyecto"
"Proyecto Host IA 3.0/Proyecto Host IA 3.0/Proyecto Host IA 3.0/DOCS/HOST_AI_3.0.7.5_SIMULADOR_COSTES.md",377,"copia_anidada_del_proyecto"
"Proyecto Host IA 3.0/Proyecto Host IA 3.0/Proyecto Host IA 3.0/DOCS/HOST_AI_3.0.7.6_PREDICCION_INTELIGENTE_RENTABILIDAD.md",407,"copia_anidada_del_proyecto"
"Proyecto Host IA 3.0/Proyecto Host IA 3.0/Proyecto Host IA 3.0/DOCS/HOST_AI_3.0.7.7_MOTOR_OPTIMIZACION_CARTA.md",388,"copia_anidada_del_proyecto"
"Proyecto Host IA 3.0/Proyecto Host IA 3.0/Proyecto Host IA 3.0/DOCS/HOST_AI_3.0.7.8_CIERRE_ESCANDALLOS_INTELIGENTES.md",457,"copia_anidada_del_proyecto"
"Proyecto Host IA 3.0/Proyecto Host IA 3.0/Proyecto Host IA 3.0/DOCS/HOST_AI_3.0.8.1_ANALIZADOR_LENGUAJE_NATURAL.md",486,"copia_anidada_del_proyecto"
"Proyecto Host IA 3.0/Proyecto Host IA 3.0/Proyecto Host IA 3.0/DOCS/HOST_AI_3.0.8.2_MOTOR_CONVERSACIONAL.md",452,"copia_anidada_del_proyecto"
"Proyecto Host IA 3.0/Proyecto Host IA 3.0/Proyecto Host IA 3.0/DOCS/HOST_AI_3.0.8.3_SELECTOR_INTELIGENTE_MOTORES.md",462,"copia_anidada_del_proyecto"
"Proyecto Host IA 3.0/Proyecto Host IA 3.0/Proyecto Host IA 3.0/DOCS/HOST_AI_3.0.8.4_GENERADOR_INTELIGENTE_RESPUESTAS.md",428,"copia_anidada_del_proyecto"
"Proyecto Host IA 3.0/Proyecto Host IA 3.0/Proyecto Host IA 3.0/DOCS/HOST_AI_3.0.8.5_MEMORIA_CONVERSACIONAL.md",868,"copia_anidada_del_proyecto"
"Proyecto Host IA 3.0/Proyecto Host IA 3.0/Proyecto Host IA 3.0/DOCS/HOST_AI_3.0.8.6_AUTOMATIZADOR_INTELIGENTE.md",877,"copia_anidada_del_proyecto"
"Proyecto Host IA 3.0/Proyecto Host IA 3.0/Proyecto Host IA 3.0/DOCS/HOST_AI_3.0.8.7_ASISTENTE_INTELIGENTE_HOST_AI.md",374,"copia_anidada_del_proyecto"
"Proyecto Host IA 3.0/Proyecto Host IA 3.0/Proyecto Host IA 3.0/DOCS/HOST_AI_3.0.8.8_CIERRE_IA_CONVERSACIONAL.md",318,"copia_anidada_del_proyecto"
"Proyecto Host IA 3.0/Proyecto Host IA 3.0/Proyecto Host IA 3.0/DOCS/HOST_AI_3.5.1_AUDITORIA_TECNICA.md",1420,"copia_anidada_del_proyecto"
"Proyecto Host IA 3.0/Proyecto Host IA 3.0/Proyecto Host IA 3.0/DOCS/HOST_AI_3_0_4_3_DETECTOR_ANOMALIAS_COMPRAS.md",532,"copia_anidada_del_proyecto"
"Proyecto Host IA 3.0/Proyecto Host IA 3.0/Proyecto Host IA 3.0/DOCS/HOST_AI_3_0_4_4_PREDICCION_INTELIGENTE_PRECIOS.md",642,"copia_anidada_del_proyecto"
"Proyecto Host IA 3.0/Proyecto Host IA 3.0/Proyecto Host IA 3.0/DOCS/README_HOST_AI_3_0_6_3_3_0_6_4.md",474,"copia_anidada_del_proyecto"
"Proyecto Host IA 3.0/Proyecto Host IA 3.0/Proyecto Host IA 3.0/DOCS/README_HOST_AI_3_0_6_7_3_0_6_8.md",877,"copia_anidada_del_proyecto"
"Proyecto Host IA 3.0/Proyecto Host IA 3.0/Proyecto Host IA 3.0/DOCS/README_HOST_AI_3_0_7_1_3_0_7_2.md",342,"copia_anidada_del_proyecto"
"Proyecto Host IA 3.0/Proyecto Host IA 3.0/Proyecto Host IA 3.0/MODELOS/actualizacion_precios_factura.py",2583,"copia_anidada_del_proyecto"
"Proyecto Host IA 3.0/Proyecto Host IA 3.0/Proyecto Host IA 3.0/MODELOS/actualizacion_stock_factura.py",2411,"copia_anidada_del_proyecto"
"Proyecto Host IA 3.0/Proyecto Host IA 3.0/Proyecto Host IA 3.0/MODELOS/alertas_inteligentes_stock_305.py",1205,"copia_anidada_del_proyecto"
"Proyecto Host IA 3.0/Proyecto Host IA 3.0/Proyecto Host IA 3.0/MODELOS/alertas_precios.py",913,"copia_anidada_del_proyecto"
"Proyecto Host IA 3.0/Proyecto Host IA 3.0/Proyecto Host IA 3.0/MODELOS/alertas_produccion_306.py",695,"copia_anidada_del_proyecto"
"Proyecto Host IA 3.0/Proyecto Host IA 3.0/Proyecto Host IA 3.0/MODELOS/alertas_stock.py",857,"copia_anidada_del_proyecto"
"Proyecto Host IA 3.0/Proyecto Host IA 3.0/Proyecto Host IA 3.0/MODELOS/analisis_compras.py",1128,"copia_anidada_del_proyecto"
"Proyecto Host IA 3.0/Proyecto Host IA 3.0/Proyecto Host IA 3.0/MODELOS/analisis_inteligente_stock.py",1601,"copia_anidada_del_proyecto"
"Proyecto Host IA 3.0/Proyecto Host IA 3.0/Proyecto Host IA 3.0/MODELOS/analisis_produccion_306.py",1149,"copia_anidada_del_proyecto"
"Proyecto Host IA 3.0/Proyecto Host IA 3.0/Proyecto Host IA 3.0/MODELOS/anomalias_compras.py",1357,"copia_anidada_del_proyecto"
"Proyecto Host IA 3.0/Proyecto Host IA 3.0/Proyecto Host IA 3.0/MODELOS/api_interna.py",1268,"copia_anidada_del_proyecto"
"Proyecto Host IA 3.0/Proyecto Host IA 3.0/Proyecto Host IA 3.0/MODELOS/asistente_conversacional.py",1431,"copia_anidada_del_proyecto"
"Proyecto Host IA 3.0/Proyecto Host IA 3.0/Proyecto Host IA 3.0/MODELOS/asistente_importacion_excel.py",1356,"copia_anidada_del_proyecto"
"Proyecto Host IA 3.0/Proyecto Host IA 3.0/Proyecto Host IA 3.0/MODELOS/auditoria_host_ai_351.py",498,"copia_anidada_del_proyecto"
"Proyecto Host IA 3.0/Proyecto Host IA 3.0/Proyecto Host IA 3.0/MODELOS/auditoria_importaciones.py",1088,"copia_anidada_del_proyecto"
"Proyecto Host IA 3.0/Proyecto Host IA 3.0/Proyecto Host IA 3.0/MODELOS/cierre_gestion_stock.py",536,"copia_anidada_del_proyecto"
"Proyecto Host IA 3.0/Proyecto Host IA 3.0/Proyecto Host IA 3.0/MODELOS/cierre_importador_universal.py",1116,"copia_anidada_del_proyecto"
"Proyecto Host IA 3.0/Proyecto Host IA 3.0/Proyecto Host IA 3.0/MODELOS/cierre_inteligencia_compras.py",1470,"copia_anidada_del_proyecto"
"Proyecto Host IA 3.0/Proyecto Host IA 3.0/Proyecto Host IA 3.0/MODELOS/comparador_proveedores_inteligente.py",1263,"copia_anidada_del_proyecto"
"Proyecto Host IA 3.0/Proyecto Host IA 3.0/Proyecto Host IA 3.0/MODELOS/compras.py",1494,"copia_anidada_del_proyecto"
"Proyecto Host IA 3.0/Proyecto Host IA 3.0/Proyecto Host IA 3.0/MODELOS/conflictos_excel.py",1523,"copia_anidada_del_proyecto"
"Proyecto Host IA 3.0/Proyecto Host IA 3.0/Proyecto Host IA 3.0/MODELOS/control_movimientos_stock_305.py",1430,"copia_anidada_del_proyecto"
"Proyecto Host IA 3.0/Proyecto Host IA 3.0/Proyecto Host IA 3.0/MODELOS/costes_inteligentes.py",3524,"copia_anidada_del_proyecto"
"Proyecto Host IA 3.0/Proyecto Host IA 3.0/Proyecto Host IA 3.0/MODELOS/deteccion_excel.py",1606,"copia_anidada_del_proyecto"
"Proyecto Host IA 3.0/Proyecto Host IA 3.0/Proyecto Host IA 3.0/MODELOS/ejecucion_produccion_306.py",1611,"copia_anidada_del_proyecto"
"Proyecto Host IA 3.0/Proyecto Host IA 3.0/Proyecto Host IA 3.0/MODELOS/escandallos_inteligentes.py",2726,"copia_anidada_del_proyecto"
"Proyecto Host IA 3.0/Proyecto Host IA 3.0/Proyecto Host IA 3.0/MODELOS/escandallos_inteligentes_307.py",3719,"copia_anidada_del_proyecto"
"Proyecto Host IA 3.0/Proyecto Host IA 3.0/Proyecto Host IA 3.0/MODELOS/excel_importacion.py",1678,"copia_anidada_del_proyecto"
"Proyecto Host IA 3.0/Proyecto Host IA 3.0/Proyecto Host IA 3.0/MODELOS/historico_precios.py",1376,"copia_anidada_del_proyecto"
"Proyecto Host IA 3.0/Proyecto Host IA 3.0/Proyecto Host IA 3.0/MODELOS/historico_stock.py",1381,"copia_anidada_del_proyecto"
"Proyecto Host IA 3.0/Proyecto Host IA 3.0/Proyecto Host IA 3.0/MODELOS/ia_conversacional_308.py",4170,"copia_anidada_del_proyecto"
"Proyecto Host IA 3.0/Proyecto Host IA 3.0/Proyecto Host IA 3.0/MODELOS/ia_culinaria.py",2114,"copia_anidada_del_proyecto"
"Proyecto Host IA 3.0/Proyecto Host IA 3.0/Proyecto Host IA 3.0/MODELOS/importacion_articulos_excel.py",1940,"copia_anidada_del_proyecto"
"Proyecto Host IA 3.0/Proyecto Host IA 3.0/Proyecto Host IA 3.0/MODELOS/importacion_escandallos_excel.py",1304,"copia_anidada_del_proyecto"
"Proyecto Host IA 3.0/Proyecto Host IA 3.0/Proyecto Host IA 3.0/MODELOS/importacion_inventario_excel.py",2248,"copia_anidada_del_proyecto"
"Proyecto Host IA 3.0/Proyecto Host IA 3.0/Proyecto Host IA 3.0/MODELOS/importacion_universal_facturas.py",1920,"copia_anidada_del_proyecto"
"Proyecto Host IA 3.0/Proyecto Host IA 3.0/Proyecto Host IA 3.0/MODELOS/lineas_factura.py",3287,"copia_anidada_del_proyecto"
"Proyecto Host IA 3.0/Proyecto Host IA 3.0/Proyecto Host IA 3.0/MODELOS/mapeo_columnas_excel.py",1922,"copia_anidada_del_proyecto"
"Proyecto Host IA 3.0/Proyecto Host IA 3.0/Proyecto Host IA 3.0/MODELOS/motor_pedidos_inteligente.py",1308,"copia_anidada_del_proyecto"
"Proyecto Host IA 3.0/Proyecto Host IA 3.0/Proyecto Host IA 3.0/MODELOS/ocr_documentos.py",880,"copia_anidada_del_proyecto"
"Proyecto Host IA 3.0/Proyecto Host IA 3.0/Proyecto Host IA 3.0/MODELOS/optimizacion_produccion_306.py",1638,"copia_anidada_del_proyecto"
"Proyecto Host IA 3.0/Proyecto Host IA 3.0/Proyecto Host IA 3.0/MODELOS/optimizacion_stock.py",850,"copia_anidada_del_proyecto"
"Proyecto Host IA 3.0/Proyecto Host IA 3.0/Proyecto Host IA 3.0/MODELOS/pdf_facturas.py",1432,"copia_anidada_del_proyecto"
"Proyecto Host IA 3.0/Proyecto Host IA 3.0/Proyecto Host IA 3.0/MODELOS/planificacion_produccion_306.py",1664,"copia_anidada_del_proyecto"
"Proyecto Host IA 3.0/Proyecto Host IA 3.0/Proyecto Host IA 3.0/MODELOS/prediccion_necesidades_stock.py",1034,"copia_anidada_del_proyecto"
"Proyecto Host IA 3.0/Proyecto Host IA 3.0/Proyecto Host IA 3.0/MODELOS/prediccion_precios.py",1336,"copia_anidada_del_proyecto"
"Proyecto Host IA 3.0/Proyecto Host IA 3.0/Proyecto Host IA 3.0/MODELOS/produccion_completa.py",1500,"copia_anidada_del_proyecto"
"Proyecto Host IA 3.0/Proyecto Host IA 3.0/Proyecto Host IA 3.0/MODELOS/produccion_real.py",2799,"copia_anidada_del_proyecto"
"Proyecto Host IA 3.0/Proyecto Host IA 3.0/Proyecto Host IA 3.0/MODELOS/proveedores_pdf.py",1360,"copia_anidada_del_proyecto"
"Proyecto Host IA 3.0/Proyecto Host IA 3.0/Proyecto Host IA 3.0/MODELOS/recomendaciones_compras.py",694,"copia_anidada_del_proyecto"
"Proyecto Host IA 3.0/Proyecto Host IA 3.0/Proyecto Host IA 3.0/MODELOS/reconciliacion_stock_305.py",1412,"copia_anidada_del_proyecto"
"Proyecto Host IA 3.0/Proyecto Host IA 3.0/Proyecto Host IA 3.0/MODELOS/reconciliacion_stock_factura.py",2179,"copia_anidada_del_proyecto"
"Proyecto Host IA 3.0/Proyecto Host IA 3.0/Proyecto Host IA 3.0/MODELOS/relacion_articulos_factura.py",3795,"copia_anidada_del_proyecto"
"Proyecto Host IA 3.0/Proyecto Host IA 3.0/Proyecto Host IA 3.0/MODELOS/resultado_ocr.py",909,"copia_anidada_del_proyecto"
"Proyecto Host IA 3.0/Proyecto Host IA 3.0/Proyecto Host IA 3.0/MODELOS/resumen_importaciones.py",1098,"copia_anidada_del_proyecto"
"Proyecto Host IA 3.0/Proyecto Host IA 3.0/Proyecto Host IA 3.0/MODELOS/roturas_stock.py",1206,"copia_anidada_del_proyecto"
"Proyecto Host IA 3.0/Proyecto Host IA 3.0/Proyecto Host IA 3.0/MODELOS/stock.py",1394,"copia_anidada_del_proyecto"
"Proyecto Host IA 3.0/Proyecto Host IA 3.0/Proyecto Host IA 3.0/MODELOS/stock_ubicaciones.py",1219,"copia_anidada_del_proyecto"
"Proyecto Host IA 3.0/Proyecto Host IA 3.0/Proyecto Host IA 3.0/MODELOS/validacion_lineas_factura.py",2966,"copia_anidada_del_proyecto"
"Proyecto Host IA 3.0/Proyecto Host IA 3.0/Proyecto Host IA 3.0/MODELOS/validacion_ocr.py",891,"copia_anidada_del_proyecto"
"Proyecto Host IA 3.0/Proyecto Host IA 3.0/Proyecto Host IA 3.0/MODELOS/validacion_relaciones_articulos.py",2308,"copia_anidada_del_proyecto"
"Proyecto Host IA 3.0/Proyecto Host IA 3.0/Proyecto Host IA 3.0/MODELOS/__init__.py",0,"copia_anidada_del_proyecto"
"Proyecto Host IA 3.0/Proyecto Host IA 3.0/Proyecto Host IA 3.0/MOTORES/motor_asistente_conversacional.py",10324,"copia_anidada_del_proyecto"
"Proyecto Host IA 3.0/Proyecto Host IA 3.0/Proyecto Host IA 3.0/MOTORES/motor_compras.py",3874,"copia_anidada_del_proyecto"
"Proyecto Host IA 3.0/Proyecto Host IA 3.0/Proyecto Host IA 3.0/MOTORES/motor_costes_inteligente.py",12970,"copia_anidada_del_proyecto"
"Proyecto Host IA 3.0/Proyecto Host IA 3.0/Proyecto Host IA 3.0/MOTORES/motor_escandallos_inteligente.py",6448,"copia_anidada_del_proyecto"
"Proyecto Host IA 3.0/Proyecto Host IA 3.0/Proyecto Host IA 3.0/MOTORES/motor_eventos.py",3449,"copia_anidada_del_proyecto"
"Proyecto Host IA 3.0/Proyecto Host IA 3.0/Proyecto Host IA 3.0/MOTORES/motor_ia_culinaria.py",12945,"copia_anidada_del_proyecto"
"Proyecto Host IA 3.0/Proyecto Host IA 3.0/Proyecto Host IA 3.0/MOTORES/motor_memoria_operacional.py",326,"copia_anidada_del_proyecto"
"Proyecto Host IA 3.0/Proyecto Host IA 3.0/Proyecto Host IA 3.0/MOTORES/motor_persistencia.py",2182,"copia_anidada_del_proyecto"
"Proyecto Host IA 3.0/Proyecto Host IA 3.0/Proyecto Host IA 3.0/MOTORES/motor_produccion_completa.py",5604,"copia_anidada_del_proyecto"
"Proyecto Host IA 3.0/Proyecto Host IA 3.0/Proyecto Host IA 3.0/MOTORES/motor_produccion_real.py",10962,"copia_anidada_del_proyecto"
"Proyecto Host IA 3.0/Proyecto Host IA 3.0/Proyecto Host IA 3.0/MOTORES/motor_simulador_produccion_evento.py",1198,"copia_anidada_del_proyecto"
"Proyecto Host IA 3.0/Proyecto Host IA 3.0/Proyecto Host IA 3.0/MOTORES/motor_stock.py",6603,"copia_anidada_del_proyecto"
"Proyecto Host IA 3.0/Proyecto Host IA 3.0/Proyecto Host IA 3.0/MOTORES/__init__.py",0,"copia_anidada_del_proyecto"
"Proyecto Host IA 3.0/Proyecto Host IA 3.0/Proyecto Host IA 3.0/PIPELINES/base_pipeline.py",1221,"copia_anidada_del_proyecto"
"Proyecto Host IA 3.0/Proyecto Host IA 3.0/Proyecto Host IA 3.0/PIPELINES/pipeline_actualizador_inteligente_precios_factura.py",2124,"copia_anidada_del_proyecto"
"Proyecto Host IA 3.0/Proyecto Host IA 3.0/Proyecto Host IA 3.0/PIPELINES/pipeline_actualizador_inteligente_stock_factura.py",2399,"copia_anidada_del_proyecto"
"Proyecto Host IA 3.0/Proyecto Host IA 3.0/Proyecto Host IA 3.0/PIPELINES/pipeline_alertas_inteligentes_precios.py",1680,"copia_anidada_del_proyecto"
"Proyecto Host IA 3.0/Proyecto Host IA 3.0/Proyecto Host IA 3.0/PIPELINES/pipeline_alertas_inteligentes_stock.py",1932,"copia_anidada_del_proyecto"
"Proyecto Host IA 3.0/Proyecto Host IA 3.0/Proyecto Host IA 3.0/PIPELINES/pipeline_analizador_inteligente_compras.py",1154,"copia_anidada_del_proyecto"
"Proyecto Host IA 3.0/Proyecto Host IA 3.0/Proyecto Host IA 3.0/PIPELINES/pipeline_analizador_inteligente_escandallos.py",1248,"copia_anidada_del_proyecto"
"Proyecto Host IA 3.0/Proyecto Host IA 3.0/Proyecto Host IA 3.0/PIPELINES/pipeline_analizador_inteligente_produccion.py",1264,"copia_anidada_del_proyecto"
"Proyecto Host IA 3.0/Proyecto Host IA 3.0/Proyecto Host IA 3.0/PIPELINES/pipeline_analizador_inteligente_stock.py",1212,"copia_anidada_del_proyecto"
"Proyecto Host IA 3.0/Proyecto Host IA 3.0/Proyecto Host IA 3.0/PIPELINES/pipeline_analizador_lenguaje_natural.py",1209,"copia_anidada_del_proyecto"
"Proyecto Host IA 3.0/Proyecto Host IA 3.0/Proyecto Host IA 3.0/PIPELINES/pipeline_aprendizaje_relacion_proveedor.py",2795,"copia_anidada_del_proyecto"
"Proyecto Host IA 3.0/Proyecto Host IA 3.0/Proyecto Host IA 3.0/PIPELINES/pipeline_asignador_recursos_produccion.py",1269,"copia_anidada_del_proyecto"
"Proyecto Host IA 3.0/Proyecto Host IA 3.0/Proyecto Host IA 3.0/PIPELINES/pipeline_asistente_conversacional.py",2497,"copia_anidada_del_proyecto"
"Proyecto Host IA 3.0/Proyecto Host IA 3.0/Proyecto Host IA 3.0/PIPELINES/pipeline_asistente_importacion_excel.py",2395,"copia_anidada_del_proyecto"
"Proyecto Host IA 3.0/Proyecto Host IA 3.0/Proyecto Host IA 3.0/PIPELINES/pipeline_asistente_inteligente_host_ai_308.py",1365,"copia_anidada_del_proyecto"
"Proyecto Host IA 3.0/Proyecto Host IA 3.0/Proyecto Host IA 3.0/PIPELINES/pipeline_auditoria_importaciones_universales.py",1630,"copia_anidada_del_proyecto"
"Proyecto Host IA 3.0/Proyecto Host IA 3.0/Proyecto Host IA 3.0/PIPELINES/pipeline_auditoria_tecnica_host_ai_351.py",1391,"copia_anidada_del_proyecto"
"Proyecto Host IA 3.0/Proyecto Host IA 3.0/Proyecto Host IA 3.0/PIPELINES/pipeline_automatizador_inteligente_308.py",1442,"copia_anidada_del_proyecto"
"Proyecto Host IA 3.0/Proyecto Host IA 3.0/Proyecto Host IA 3.0/PIPELINES/pipeline_base_actualizacion_precios_factura.py",1589,"copia_anidada_del_proyecto"
"Proyecto Host IA 3.0/Proyecto Host IA 3.0/Proyecto Host IA 3.0/PIPELINES/pipeline_base_actualizacion_stock_factura.py",1555,"copia_anidada_del_proyecto"
"Proyecto Host IA 3.0/Proyecto Host IA 3.0/Proyecto Host IA 3.0/PIPELINES/pipeline_base_importador_universal_facturas.py",1608,"copia_anidada_del_proyecto"
"Proyecto Host IA 3.0/Proyecto Host IA 3.0/Proyecto Host IA 3.0/PIPELINES/pipeline_base_lineas_factura.py",1838,"copia_anidada_del_proyecto"
"Proyecto Host IA 3.0/Proyecto Host IA 3.0/Proyecto Host IA 3.0/PIPELINES/pipeline_base_ocr_documentos.py",1453,"copia_anidada_del_proyecto"
"Proyecto Host IA 3.0/Proyecto Host IA 3.0/Proyecto Host IA 3.0/PIPELINES/pipeline_base_relacion_articulos_factura.py",1871,"copia_anidada_del_proyecto"
"Proyecto Host IA 3.0/Proyecto Host IA 3.0/Proyecto Host IA 3.0/PIPELINES/pipeline_buscador_articulos_parecidos.py",2066,"copia_anidada_del_proyecto"
"Proyecto Host IA 3.0/Proyecto Host IA 3.0/Proyecto Host IA 3.0/PIPELINES/pipeline_cierre_escandallos_inteligentes.py",1275,"copia_anidada_del_proyecto"
"Proyecto Host IA 3.0/Proyecto Host IA 3.0/Proyecto Host IA 3.0/PIPELINES/pipeline_cierre_gestion_inteligente_stock.py",1195,"copia_anidada_del_proyecto"
"Proyecto Host IA 3.0/Proyecto Host IA 3.0/Proyecto Host IA 3.0/PIPELINES/pipeline_cierre_ia_conversacional_308.py",1159,"copia_anidada_del_proyecto"
"Proyecto Host IA 3.0/Proyecto Host IA 3.0/Proyecto Host IA 3.0/PIPELINES/pipeline_cierre_importador_universal.py",1209,"copia_anidada_del_proyecto"
"Proyecto Host IA 3.0/Proyecto Host IA 3.0/Proyecto Host IA 3.0/PIPELINES/pipeline_cierre_inteligencia_compras.py",1214,"copia_anidada_del_proyecto"
"Proyecto Host IA 3.0/Proyecto Host IA 3.0/Proyecto Host IA 3.0/PIPELINES/pipeline_cierre_inteligente_produccion.py",1314,"copia_anidada_del_proyecto"
"Proyecto Host IA 3.0/Proyecto Host IA 3.0/Proyecto Host IA 3.0/PIPELINES/pipeline_comparador_historico_escandallos.py",1289,"copia_anidada_del_proyecto"
"Proyecto Host IA 3.0/Proyecto Host IA 3.0/Proyecto Host IA 3.0/PIPELINES/pipeline_comparador_inteligente_proveedores.py",1506,"copia_anidada_del_proyecto"
"Proyecto Host IA 3.0/Proyecto Host IA 3.0/Proyecto Host IA 3.0/PIPELINES/pipeline_comparador_proveedores_precios.py",1478,"copia_anidada_del_proyecto"
"Proyecto Host IA 3.0/Proyecto Host IA 3.0/Proyecto Host IA 3.0/PIPELINES/pipeline_compras.py",3323,"copia_anidada_del_proyecto"
"Proyecto Host IA 3.0/Proyecto Host IA 3.0/Proyecto Host IA 3.0/PIPELINES/pipeline_conflictos_excel.py",1960,"copia_anidada_del_proyecto"
"Proyecto Host IA 3.0/Proyecto Host IA 3.0/Proyecto Host IA 3.0/PIPELINES/pipeline_control_ejecucion_produccion.py",1255,"copia_anidada_del_proyecto"
"Proyecto Host IA 3.0/Proyecto Host IA 3.0/Proyecto Host IA 3.0/PIPELINES/pipeline_control_inteligente_movimientos_stock.py",1199,"copia_anidada_del_proyecto"
"Proyecto Host IA 3.0/Proyecto Host IA 3.0/Proyecto Host IA 3.0/PIPELINES/pipeline_costes.py",4705,"copia_anidada_del_proyecto"
"Proyecto Host IA 3.0/Proyecto Host IA 3.0/Proyecto Host IA 3.0/PIPELINES/pipeline_detector_anomalias_compras.py",1176,"copia_anidada_del_proyecto"
"Proyecto Host IA 3.0/Proyecto Host IA 3.0/Proyecto Host IA 3.0/PIPELINES/pipeline_detector_campos_linea_factura.py",1524,"copia_anidada_del_proyecto"
"Proyecto Host IA 3.0/Proyecto Host IA 3.0/Proyecto Host IA 3.0/PIPELINES/pipeline_detector_excel.py",2191,"copia_anidada_del_proyecto"
"Proyecto Host IA 3.0/Proyecto Host IA 3.0/Proyecto Host IA 3.0/PIPELINES/pipeline_ejecutor_importador_universal_facturas.py",1821,"copia_anidada_del_proyecto"
"Proyecto Host IA 3.0/Proyecto Host IA 3.0/Proyecto Host IA 3.0/PIPELINES/pipeline_escandallos.py",3380,"copia_anidada_del_proyecto"
"Proyecto Host IA 3.0/Proyecto Host IA 3.0/Proyecto Host IA 3.0/PIPELINES/pipeline_evento.py",2371,"copia_anidada_del_proyecto"
"Proyecto Host IA 3.0/Proyecto Host IA 3.0/Proyecto Host IA 3.0/PIPELINES/pipeline_evento_api.py",5279,"copia_anidada_del_proyecto"
"Proyecto Host IA 3.0/Proyecto Host IA 3.0/Proyecto Host IA 3.0/PIPELINES/pipeline_excel.py",1953,"copia_anidada_del_proyecto"
"Proyecto Host IA 3.0/Proyecto Host IA 3.0/Proyecto Host IA 3.0/PIPELINES/pipeline_generador_inteligente_respuestas.py",1326,"copia_anidada_del_proyecto"
"Proyecto Host IA 3.0/Proyecto Host IA 3.0/Proyecto Host IA 3.0/PIPELINES/pipeline_historico_inteligente_precios.py",2069,"copia_anidada_del_proyecto"
"Proyecto Host IA 3.0/Proyecto Host IA 3.0/Proyecto Host IA 3.0/PIPELINES/pipeline_historico_inteligente_stock.py",2060,"copia_anidada_del_proyecto"
"Proyecto Host IA 3.0/Proyecto Host IA 3.0/Proyecto Host IA 3.0/PIPELINES/pipeline_ia_culinaria.py",3615,"copia_anidada_del_proyecto"
"Proyecto Host IA 3.0/Proyecto Host IA 3.0/Proyecto Host IA 3.0/PIPELINES/pipeline_importador_articulos_excel.py",2451,"copia_anidada_del_proyecto"
"Proyecto Host IA 3.0/Proyecto Host IA 3.0/Proyecto Host IA 3.0/PIPELINES/pipeline_importador_escandallos_excel.py",1957,"copia_anidada_del_proyecto"
"Proyecto Host IA 3.0/Proyecto Host IA 3.0/Proyecto Host IA 3.0/PIPELINES/pipeline_importador_inventario_excel.py",2632,"copia_anidada_del_proyecto"
"Proyecto Host IA 3.0/Proyecto Host IA 3.0/Proyecto Host IA 3.0/PIPELINES/pipeline_lector_completo_lineas_factura.py",2552,"copia_anidada_del_proyecto"
"Proyecto Host IA 3.0/Proyecto Host IA 3.0/Proyecto Host IA 3.0/PIPELINES/pipeline_lector_facturas_con_ocr.py",1725,"copia_anidada_del_proyecto"
"Proyecto Host IA 3.0/Proyecto Host IA 3.0/Proyecto Host IA 3.0/PIPELINES/pipeline_mapeador_columnas_excel.py",2310,"copia_anidada_del_proyecto"
"Proyecto Host IA 3.0/Proyecto Host IA 3.0/Proyecto Host IA 3.0/PIPELINES/pipeline_memoria_conversacional_308.py",1742,"copia_anidada_del_proyecto"
"Proyecto Host IA 3.0/Proyecto Host IA 3.0/Proyecto Host IA 3.0/PIPELINES/pipeline_motor_alertas_escandallos.py",1177,"copia_anidada_del_proyecto"
"Proyecto Host IA 3.0/Proyecto Host IA 3.0/Proyecto Host IA 3.0/PIPELINES/pipeline_motor_alertas_produccion.py",1232,"copia_anidada_del_proyecto"
"Proyecto Host IA 3.0/Proyecto Host IA 3.0/Proyecto Host IA 3.0/PIPELINES/pipeline_motor_alertas_stock.py",1321,"copia_anidada_del_proyecto"
"Proyecto Host IA 3.0/Proyecto Host IA 3.0/Proyecto Host IA 3.0/PIPELINES/pipeline_motor_conversacional_308.py",1728,"copia_anidada_del_proyecto"
"Proyecto Host IA 3.0/Proyecto Host IA 3.0/Proyecto Host IA 3.0/PIPELINES/pipeline_motor_inteligente_pedidos.py",1603,"copia_anidada_del_proyecto"
"Proyecto Host IA 3.0/Proyecto Host IA 3.0/Proyecto Host IA 3.0/PIPELINES/pipeline_motor_ocr_simulado.py",1502,"copia_anidada_del_proyecto"
"Proyecto Host IA 3.0/Proyecto Host IA 3.0/Proyecto Host IA 3.0/PIPELINES/pipeline_motor_optimizacion_carta.py",1255,"copia_anidada_del_proyecto"
"Proyecto Host IA 3.0/Proyecto Host IA 3.0/Proyecto Host IA 3.0/PIPELINES/pipeline_motor_recomendaciones_compras.py",1021,"copia_anidada_del_proyecto"
"Proyecto Host IA 3.0/Proyecto Host IA 3.0/Proyecto Host IA 3.0/PIPELINES/pipeline_optimizador_inteligente_produccion.py",1302,"copia_anidada_del_proyecto"
"Proyecto Host IA 3.0/Proyecto Host IA 3.0/Proyecto Host IA 3.0/PIPELINES/pipeline_optimizador_inteligente_recetas.py",1286,"copia_anidada_del_proyecto"
"Proyecto Host IA 3.0/Proyecto Host IA 3.0/Proyecto Host IA 3.0/PIPELINES/pipeline_optimizador_stock.py",1170,"copia_anidada_del_proyecto"
"Proyecto Host IA 3.0/Proyecto Host IA 3.0/Proyecto Host IA 3.0/PIPELINES/pipeline_parser_lineas_factura.py",1994,"copia_anidada_del_proyecto"
"Proyecto Host IA 3.0/Proyecto Host IA 3.0/Proyecto Host IA 3.0/PIPELINES/pipeline_pdf_facturas.py",2262,"copia_anidada_del_proyecto"
"Proyecto Host IA 3.0/Proyecto Host IA 3.0/Proyecto Host IA 3.0/PIPELINES/pipeline_persistencia.py",1513,"copia_anidada_del_proyecto"
"Proyecto Host IA 3.0/Proyecto Host IA 3.0/Proyecto Host IA 3.0/PIPELINES/pipeline_planificador_inteligente_produccion.py",1319,"copia_anidada_del_proyecto"
"Proyecto Host IA 3.0/Proyecto Host IA 3.0/Proyecto Host IA 3.0/PIPELINES/pipeline_prediccion_inteligente_precios.py",1508,"copia_anidada_del_proyecto"
"Proyecto Host IA 3.0/Proyecto Host IA 3.0/Proyecto Host IA 3.0/PIPELINES/pipeline_prediccion_inteligente_rentabilidad.py",1270,"copia_anidada_del_proyecto"
"Proyecto Host IA 3.0/Proyecto Host IA 3.0/Proyecto Host IA 3.0/PIPELINES/pipeline_prediccion_necesidades_stock.py",1260,"copia_anidada_del_proyecto"
"Proyecto Host IA 3.0/Proyecto Host IA 3.0/Proyecto Host IA 3.0/PIPELINES/pipeline_prediccion_roturas_stock.py",1491,"copia_anidada_del_proyecto"
"Proyecto Host IA 3.0/Proyecto Host IA 3.0/Proyecto Host IA 3.0/PIPELINES/pipeline_produccion_completa.py",1855,"copia_anidada_del_proyecto"
"Proyecto Host IA 3.0/Proyecto Host IA 3.0/Proyecto Host IA 3.0/PIPELINES/pipeline_produccion_real.py",3074,"copia_anidada_del_proyecto"
"Proyecto Host IA 3.0/Proyecto Host IA 3.0/Proyecto Host IA 3.0/PIPELINES/pipeline_proveedores_pdf.py",2218,"copia_anidada_del_proyecto"
"Proyecto Host IA 3.0/Proyecto Host IA 3.0/Proyecto Host IA 3.0/PIPELINES/pipeline_reconciliador_inteligente_stock.py",1239,"copia_anidada_del_proyecto"
"Proyecto Host IA 3.0/Proyecto Host IA 3.0/Proyecto Host IA 3.0/PIPELINES/pipeline_reconciliador_stock_factura.py",1525,"copia_anidada_del_proyecto"
"Proyecto Host IA 3.0/Proyecto Host IA 3.0/Proyecto Host IA 3.0/PIPELINES/pipeline_relacionador_automatico_articulos_factura.py",3491,"copia_anidada_del_proyecto"
"Proyecto Host IA 3.0/Proyecto Host IA 3.0/Proyecto Host IA 3.0/PIPELINES/pipeline_replanificador_inteligente_produccion.py",1315,"copia_anidada_del_proyecto"
"Proyecto Host IA 3.0/Proyecto Host IA 3.0/Proyecto Host IA 3.0/PIPELINES/pipeline_resumen_ejecutivo_importaciones.py",1179,"copia_anidada_del_proyecto"
"Proyecto Host IA 3.0/Proyecto Host IA 3.0/Proyecto Host IA 3.0/PIPELINES/pipeline_selector_inteligente_motores.py",1367,"copia_anidada_del_proyecto"
"Proyecto Host IA 3.0/Proyecto Host IA 3.0/Proyecto Host IA 3.0/PIPELINES/pipeline_simulador_costes_escandallos.py",1195,"copia_anidada_del_proyecto"
"Proyecto Host IA 3.0/Proyecto Host IA 3.0/Proyecto Host IA 3.0/PIPELINES/pipeline_stock.py",3392,"copia_anidada_del_proyecto"
"Proyecto Host IA 3.0/Proyecto Host IA 3.0/Proyecto Host IA 3.0/PIPELINES/pipeline_stock_por_ubicaciones.py",1629,"copia_anidada_del_proyecto"
"Proyecto Host IA 3.0/Proyecto Host IA 3.0/Proyecto Host IA 3.0/PIPELINES/pipeline_validador_corrector_ocr.py",1461,"copia_anidada_del_proyecto"
"Proyecto Host IA 3.0/Proyecto Host IA 3.0/Proyecto Host IA 3.0/PIPELINES/pipeline_validador_lineas_factura.py",2696,"copia_anidada_del_proyecto"
"Proyecto Host IA 3.0/Proyecto Host IA 3.0/Proyecto Host IA 3.0/PIPELINES/pipeline_validador_relaciones_articulos_factura.py",2273,"copia_anidada_del_proyecto"
"Proyecto Host IA 3.0/Proyecto Host IA 3.0/Proyecto Host IA 3.0/PIPELINES/__init__.py",0,"copia_anidada_del_proyecto"
"Proyecto Host IA 3.0/Proyecto Host IA 3.0/Proyecto Host IA 3.0/SERVICIOS/actualizador_inteligente_precios_factura.py",6578,"copia_anidada_del_proyecto"
"Proyecto Host IA 3.0/Proyecto Host IA 3.0/Proyecto Host IA 3.0/SERVICIOS/actualizador_inteligente_stock_factura.py",7381,"copia_anidada_del_proyecto"
"Proyecto Host IA 3.0/Proyecto Host IA 3.0/Proyecto Host IA 3.0/SERVICIOS/alertas_inteligentes_precios.py",5839,"copia_anidada_del_proyecto"
"Proyecto Host IA 3.0/Proyecto Host IA 3.0/Proyecto Host IA 3.0/SERVICIOS/alertas_inteligentes_stock.py",6333,"copia_anidada_del_proyecto"
"Proyecto Host IA 3.0/Proyecto Host IA 3.0/Proyecto Host IA 3.0/SERVICIOS/analizador_inteligente_compras.py",3843,"copia_anidada_del_proyecto"
"Proyecto Host IA 3.0/Proyecto Host IA 3.0/Proyecto Host IA 3.0/SERVICIOS/analizador_inteligente_escandallos.py",9757,"copia_anidada_del_proyecto"
"Proyecto Host IA 3.0/Proyecto Host IA 3.0/Proyecto Host IA 3.0/SERVICIOS/analizador_inteligente_produccion.py",6901,"copia_anidada_del_proyecto"
"Proyecto Host IA 3.0/Proyecto Host IA 3.0/Proyecto Host IA 3.0/SERVICIOS/analizador_inteligente_stock.py",5936,"copia_anidada_del_proyecto"
"Proyecto Host IA 3.0/Proyecto Host IA 3.0/Proyecto Host IA 3.0/SERVICIOS/analizador_lenguaje_natural.py",4735,"copia_anidada_del_proyecto"
"Proyecto Host IA 3.0/Proyecto Host IA 3.0/Proyecto Host IA 3.0/SERVICIOS/aprendizaje_relacion_proveedor.py",6221,"copia_anidada_del_proyecto"
"Proyecto Host IA 3.0/Proyecto Host IA 3.0/Proyecto Host IA 3.0/SERVICIOS/asignador_recursos_produccion.py",4851,"copia_anidada_del_proyecto"
"Proyecto Host IA 3.0/Proyecto Host IA 3.0/Proyecto Host IA 3.0/SERVICIOS/asistente_importacion_excel.py",12189,"copia_anidada_del_proyecto"
"Proyecto Host IA 3.0/Proyecto Host IA 3.0/Proyecto Host IA 3.0/SERVICIOS/asistente_inteligente_host_ai_308.py",8124,"copia_anidada_del_proyecto"
"Proyecto Host IA 3.0/Proyecto Host IA 3.0/Proyecto Host IA 3.0/SERVICIOS/auditoria_importaciones_universales.py",4366,"copia_anidada_del_proyecto"
"Proyecto Host IA 3.0/Proyecto Host IA 3.0/Proyecto Host IA 3.0/SERVICIOS/auditoria_tecnica_host_ai_351.py",10640,"copia_anidada_del_proyecto"
"Proyecto Host IA 3.0/Proyecto Host IA 3.0/Proyecto Host IA 3.0/SERVICIOS/automatizador_inteligente_308.py",5198,"copia_anidada_del_proyecto"
"Proyecto Host IA 3.0/Proyecto Host IA 3.0/Proyecto Host IA 3.0/SERVICIOS/base_actualizacion_precios_factura.py",4395,"copia_anidada_del_proyecto"
"Proyecto Host IA 3.0/Proyecto Host IA 3.0/Proyecto Host IA 3.0/SERVICIOS/base_actualizacion_stock_factura.py",3887,"copia_anidada_del_proyecto"
"Proyecto Host IA 3.0/Proyecto Host IA 3.0/Proyecto Host IA 3.0/SERVICIOS/base_datos_local.py",3658,"copia_anidada_del_proyecto"
"Proyecto Host IA 3.0/Proyecto Host IA 3.0/Proyecto Host IA 3.0/SERVICIOS/base_importador_universal_facturas.py",5561,"copia_anidada_del_proyecto"
"Proyecto Host IA 3.0/Proyecto Host IA 3.0/Proyecto Host IA 3.0/SERVICIOS/base_lineas_factura.py",2807,"copia_anidada_del_proyecto"
"Proyecto Host IA 3.0/Proyecto Host IA 3.0/Proyecto Host IA 3.0/SERVICIOS/base_ocr_documentos.py",4867,"copia_anidada_del_proyecto"
"Proyecto Host IA 3.0/Proyecto Host IA 3.0/Proyecto Host IA 3.0/SERVICIOS/base_relacion_articulos_factura.py",3688,"copia_anidada_del_proyecto"
"Proyecto Host IA 3.0/Proyecto Host IA 3.0/Proyecto Host IA 3.0/SERVICIOS/buscador_articulos_parecidos.py",7585,"copia_anidada_del_proyecto"
"Proyecto Host IA 3.0/Proyecto Host IA 3.0/Proyecto Host IA 3.0/SERVICIOS/cierre_escandallos_inteligentes.py",7682,"copia_anidada_del_proyecto"
"Proyecto Host IA 3.0/Proyecto Host IA 3.0/Proyecto Host IA 3.0/SERVICIOS/cierre_gestion_inteligente_stock.py",5216,"copia_anidada_del_proyecto"
"Proyecto Host IA 3.0/Proyecto Host IA 3.0/Proyecto Host IA 3.0/SERVICIOS/cierre_ia_conversacional_308.py",4401,"copia_anidada_del_proyecto"
"Proyecto Host IA 3.0/Proyecto Host IA 3.0/Proyecto Host IA 3.0/SERVICIOS/cierre_importador_universal.py",4245,"copia_anidada_del_proyecto"
"Proyecto Host IA 3.0/Proyecto Host IA 3.0/Proyecto Host IA 3.0/SERVICIOS/cierre_inteligencia_compras.py",4519,"copia_anidada_del_proyecto"
"Proyecto Host IA 3.0/Proyecto Host IA 3.0/Proyecto Host IA 3.0/SERVICIOS/cierre_inteligente_produccion.py",10422,"copia_anidada_del_proyecto"
"Proyecto Host IA 3.0/Proyecto Host IA 3.0/Proyecto Host IA 3.0/SERVICIOS/comparador_historico_escandallos.py",6768,"copia_anidada_del_proyecto"
"Proyecto Host IA 3.0/Proyecto Host IA 3.0/Proyecto Host IA 3.0/SERVICIOS/comparador_inteligente_proveedores.py",5212,"copia_anidada_del_proyecto"
"Proyecto Host IA 3.0/Proyecto Host IA 3.0/Proyecto Host IA 3.0/SERVICIOS/comparador_proveedores_precios.py",3484,"copia_anidada_del_proyecto"
"Proyecto Host IA 3.0/Proyecto Host IA 3.0/Proyecto Host IA 3.0/SERVICIOS/control_ejecucion_produccion.py",6162,"copia_anidada_del_proyecto"
"Proyecto Host IA 3.0/Proyecto Host IA 3.0/Proyecto Host IA 3.0/SERVICIOS/control_inteligente_movimientos_stock.py",4471,"copia_anidada_del_proyecto"
"Proyecto Host IA 3.0/Proyecto Host IA 3.0/Proyecto Host IA 3.0/SERVICIOS/detector_anomalias_compras.py",13542,"copia_anidada_del_proyecto"
"Proyecto Host IA 3.0/Proyecto Host IA 3.0/Proyecto Host IA 3.0/SERVICIOS/detector_campos_linea_factura.py",6313,"copia_anidada_del_proyecto"
"Proyecto Host IA 3.0/Proyecto Host IA 3.0/Proyecto Host IA 3.0/SERVICIOS/detector_documentos_excel.py",9689,"copia_anidada_del_proyecto"
"Proyecto Host IA 3.0/Proyecto Host IA 3.0/Proyecto Host IA 3.0/SERVICIOS/detector_proveedores_pdf.py",9295,"copia_anidada_del_proyecto"
"Proyecto Host IA 3.0/Proyecto Host IA 3.0/Proyecto Host IA 3.0/SERVICIOS/ejecutor_importador_universal_facturas.py",4405,"copia_anidada_del_proyecto"
"Proyecto Host IA 3.0/Proyecto Host IA 3.0/Proyecto Host IA 3.0/SERVICIOS/generador_inteligente_respuestas.py",3946,"copia_anidada_del_proyecto"
"Proyecto Host IA 3.0/Proyecto Host IA 3.0/Proyecto Host IA 3.0/SERVICIOS/historico_inteligente_precios.py",5255,"copia_anidada_del_proyecto"
"Proyecto Host IA 3.0/Proyecto Host IA 3.0/Proyecto Host IA 3.0/SERVICIOS/historico_inteligente_stock.py",5976,"copia_anidada_del_proyecto"
"Proyecto Host IA 3.0/Proyecto Host IA 3.0/Proyecto Host IA 3.0/SERVICIOS/importador_articulos_excel.py",9184,"copia_anidada_del_proyecto"
"Proyecto Host IA 3.0/Proyecto Host IA 3.0/Proyecto Host IA 3.0/SERVICIOS/importador_escandallos_excel.py",8831,"copia_anidada_del_proyecto"
"Proyecto Host IA 3.0/Proyecto Host IA 3.0/Proyecto Host IA 3.0/SERVICIOS/importador_inventario_excel.py",12815,"copia_anidada_del_proyecto"
"Proyecto Host IA 3.0/Proyecto Host IA 3.0/Proyecto Host IA 3.0/SERVICIOS/lector_completo_lineas_factura.py",4470,"copia_anidada_del_proyecto"
"Proyecto Host IA 3.0/Proyecto Host IA 3.0/Proyecto Host IA 3.0/SERVICIOS/lector_excel.py",7064,"copia_anidada_del_proyecto"
"Proyecto Host IA 3.0/Proyecto Host IA 3.0/Proyecto Host IA 3.0/SERVICIOS/lector_facturas_con_ocr.py",4544,"copia_anidada_del_proyecto"
"Proyecto Host IA 3.0/Proyecto Host IA 3.0/Proyecto Host IA 3.0/SERVICIOS/lector_pdf_facturas.py",7842,"copia_anidada_del_proyecto"
"Proyecto Host IA 3.0/Proyecto Host IA 3.0/Proyecto Host IA 3.0/SERVICIOS/mapeador_columnas_excel.py",9930,"copia_anidada_del_proyecto"
"Proyecto Host IA 3.0/Proyecto Host IA 3.0/Proyecto Host IA 3.0/SERVICIOS/memoria_conversacional_308.py",5576,"copia_anidada_del_proyecto"
"Proyecto Host IA 3.0/Proyecto Host IA 3.0/Proyecto Host IA 3.0/SERVICIOS/motor_alertas_escandallos.py",5072,"copia_anidada_del_proyecto"
"Proyecto Host IA 3.0/Proyecto Host IA 3.0/Proyecto Host IA 3.0/SERVICIOS/motor_alertas_produccion.py",5399,"copia_anidada_del_proyecto"
"Proyecto Host IA 3.0/Proyecto Host IA 3.0/Proyecto Host IA 3.0/SERVICIOS/motor_alertas_stock.py",5538,"copia_anidada_del_proyecto"
"Proyecto Host IA 3.0/Proyecto Host IA 3.0/Proyecto Host IA 3.0/SERVICIOS/motor_conversacional_308.py",4819,"copia_anidada_del_proyecto"
"Proyecto Host IA 3.0/Proyecto Host IA 3.0/Proyecto Host IA 3.0/SERVICIOS/motor_inteligente_pedidos.py",7801,"copia_anidada_del_proyecto"
"Proyecto Host IA 3.0/Proyecto Host IA 3.0/Proyecto Host IA 3.0/SERVICIOS/motor_ocr_simulado.py",3654,"copia_anidada_del_proyecto"
"Proyecto Host IA 3.0/Proyecto Host IA 3.0/Proyecto Host IA 3.0/SERVICIOS/motor_optimizacion_carta.py",12392,"copia_anidada_del_proyecto"
"Proyecto Host IA 3.0/Proyecto Host IA 3.0/Proyecto Host IA 3.0/SERVICIOS/motor_recomendaciones_compras.py",2156,"copia_anidada_del_proyecto"
"Proyecto Host IA 3.0/Proyecto Host IA 3.0/Proyecto Host IA 3.0/SERVICIOS/optimizador_inteligente_produccion.py",12726,"copia_anidada_del_proyecto"
"Proyecto Host IA 3.0/Proyecto Host IA 3.0/Proyecto Host IA 3.0/SERVICIOS/optimizador_inteligente_recetas.py",6518,"copia_anidada_del_proyecto"
"Proyecto Host IA 3.0/Proyecto Host IA 3.0/Proyecto Host IA 3.0/SERVICIOS/optimizador_stock.py",5592,"copia_anidada_del_proyecto"
"Proyecto Host IA 3.0/Proyecto Host IA 3.0/Proyecto Host IA 3.0/SERVICIOS/parser_lineas_factura.py",8816,"copia_anidada_del_proyecto"
"Proyecto Host IA 3.0/Proyecto Host IA 3.0/Proyecto Host IA 3.0/SERVICIOS/planificador_inteligente_produccion.py",7259,"copia_anidada_del_proyecto"
"Proyecto Host IA 3.0/Proyecto Host IA 3.0/Proyecto Host IA 3.0/SERVICIOS/prediccion_inteligente_precios.py",5252,"copia_anidada_del_proyecto"
"Proyecto Host IA 3.0/Proyecto Host IA 3.0/Proyecto Host IA 3.0/SERVICIOS/prediccion_inteligente_rentabilidad.py",6703,"copia_anidada_del_proyecto"
"Proyecto Host IA 3.0/Proyecto Host IA 3.0/Proyecto Host IA 3.0/SERVICIOS/prediccion_necesidades_stock.py",7748,"copia_anidada_del_proyecto"
"Proyecto Host IA 3.0/Proyecto Host IA 3.0/Proyecto Host IA 3.0/SERVICIOS/prediccion_roturas_stock.py",4148,"copia_anidada_del_proyecto"
"Proyecto Host IA 3.0/Proyecto Host IA 3.0/Proyecto Host IA 3.0/SERVICIOS/reconciliador_inteligente_stock.py",5673,"copia_anidada_del_proyecto"
"Proyecto Host IA 3.0/Proyecto Host IA 3.0/Proyecto Host IA 3.0/SERVICIOS/reconciliador_stock_factura.py",4123,"copia_anidada_del_proyecto"
"Proyecto Host IA 3.0/Proyecto Host IA 3.0/Proyecto Host IA 3.0/SERVICIOS/relacionador_automatico_articulos_factura.py",9471,"copia_anidada_del_proyecto"
"Proyecto Host IA 3.0/Proyecto Host IA 3.0/Proyecto Host IA 3.0/SERVICIOS/replanificador_inteligente_produccion.py",6568,"copia_anidada_del_proyecto"
"Proyecto Host IA 3.0/Proyecto Host IA 3.0/Proyecto Host IA 3.0/SERVICIOS/resolutor_conflictos_excel.py",14977,"copia_anidada_del_proyecto"
"Proyecto Host IA 3.0/Proyecto Host IA 3.0/Proyecto Host IA 3.0/SERVICIOS/resumen_ejecutivo_importaciones.py",3865,"copia_anidada_del_proyecto"
"Proyecto Host IA 3.0/Proyecto Host IA 3.0/Proyecto Host IA 3.0/SERVICIOS/selector_inteligente_motores.py",4420,"copia_anidada_del_proyecto"
"Proyecto Host IA 3.0/Proyecto Host IA 3.0/Proyecto Host IA 3.0/SERVICIOS/simulador_costes_escandallos.py",6515,"copia_anidada_del_proyecto"
"Proyecto Host IA 3.0/Proyecto Host IA 3.0/Proyecto Host IA 3.0/SERVICIOS/stock_por_ubicaciones.py",7636,"copia_anidada_del_proyecto"
"Proyecto Host IA 3.0/Proyecto Host IA 3.0/Proyecto Host IA 3.0/SERVICIOS/validador_corrector_ocr.py",3464,"copia_anidada_del_proyecto"
"Proyecto Host IA 3.0/Proyecto Host IA 3.0/Proyecto Host IA 3.0/SERVICIOS/validador_lineas_factura.py",8711,"copia_anidada_del_proyecto"
"Proyecto Host IA 3.0/Proyecto Host IA 3.0/Proyecto Host IA 3.0/SERVICIOS/validador_relaciones_articulos_factura.py",4772,"copia_anidada_del_proyecto"
"Proyecto Host IA 3.0/Proyecto Host IA 3.0/Proyecto Host IA 3.0/SERVICIOS/__init__.py",0,"copia_anidada_del_proyecto"
"Proyecto Host IA 3.0/Proyecto Host IA 3.0/Proyecto Host IA 3.0/TESTS/test_actualizador_inteligente_precios_factura.py",2198,"copia_anidada_del_proyecto"
"Proyecto Host IA 3.0/Proyecto Host IA 3.0/Proyecto Host IA 3.0/TESTS/test_actualizador_inteligente_stock_factura.py",1990,"copia_anidada_del_proyecto"
"Proyecto Host IA 3.0/Proyecto Host IA 3.0/Proyecto Host IA 3.0/TESTS/test_alertas_inteligentes_precios.py",1859,"copia_anidada_del_proyecto"
"Proyecto Host IA 3.0/Proyecto Host IA 3.0/Proyecto Host IA 3.0/TESTS/test_alertas_inteligentes_stock.py",1818,"copia_anidada_del_proyecto"
"Proyecto Host IA 3.0/Proyecto Host IA 3.0/Proyecto Host IA 3.0/TESTS/test_analizador_inteligente_compras.py",2407,"copia_anidada_del_proyecto"
"Proyecto Host IA 3.0/Proyecto Host IA 3.0/Proyecto Host IA 3.0/TESTS/test_analizador_inteligente_escandallos.py",1640,"copia_anidada_del_proyecto"
"Proyecto Host IA 3.0/Proyecto Host IA 3.0/Proyecto Host IA 3.0/TESTS/test_analizador_inteligente_produccion.py",1410,"copia_anidada_del_proyecto"
"Proyecto Host IA 3.0/Proyecto Host IA 3.0/Proyecto Host IA 3.0/TESTS/test_analizador_inteligente_stock.py",1544,"copia_anidada_del_proyecto"
"Proyecto Host IA 3.0/Proyecto Host IA 3.0/Proyecto Host IA 3.0/TESTS/test_analizador_lenguaje_natural.py",943,"copia_anidada_del_proyecto"
"Proyecto Host IA 3.0/Proyecto Host IA 3.0/Proyecto Host IA 3.0/TESTS/test_app_base_ejecutable.py",1660,"copia_anidada_del_proyecto"
"Proyecto Host IA 3.0/Proyecto Host IA 3.0/Proyecto Host IA 3.0/TESTS/test_aprendizaje_relacion_proveedor.py",2561,"copia_anidada_del_proyecto"
"Proyecto Host IA 3.0/Proyecto Host IA 3.0/Proyecto Host IA 3.0/TESTS/test_asignador_recursos_produccion.py",1396,"copia_anidada_del_proyecto"
"Proyecto Host IA 3.0/Proyecto Host IA 3.0/Proyecto Host IA 3.0/TESTS/test_asistente_conversacional.py",3119,"copia_anidada_del_proyecto"
"Proyecto Host IA 3.0/Proyecto Host IA 3.0/Proyecto Host IA 3.0/TESTS/test_asistente_importacion_excel.py",3738,"copia_anidada_del_proyecto"
"Proyecto Host IA 3.0/Proyecto Host IA 3.0/Proyecto Host IA 3.0/TESTS/test_asistente_inteligente_host_ai_308.py",996,"copia_anidada_del_proyecto"
"Proyecto Host IA 3.0/Proyecto Host IA 3.0/Proyecto Host IA 3.0/TESTS/test_auditoria_importaciones_universales.py",2375,"copia_anidada_del_proyecto"
"Proyecto Host IA 3.0/Proyecto Host IA 3.0/Proyecto Host IA 3.0/TESTS/test_auditoria_tecnica_host_ai_351.py",986,"copia_anidada_del_proyecto"
"Proyecto Host IA 3.0/Proyecto Host IA 3.0/Proyecto Host IA 3.0/TESTS/test_automatizador_inteligente_308.py",1327,"copia_anidada_del_proyecto"
"Proyecto Host IA 3.0/Proyecto Host IA 3.0/Proyecto Host IA 3.0/TESTS/test_base_actualizacion_precios_factura.py",1859,"copia_anidada_del_proyecto"
"Proyecto Host IA 3.0/Proyecto Host IA 3.0/Proyecto Host IA 3.0/TESTS/test_base_actualizacion_stock_factura.py",1812,"copia_anidada_del_proyecto"
"Proyecto Host IA 3.0/Proyecto Host IA 3.0/Proyecto Host IA 3.0/TESTS/test_base_datos_local.py",2109,"copia_anidada_del_proyecto"
"Proyecto Host IA 3.0/Proyecto Host IA 3.0/Proyecto Host IA 3.0/TESTS/test_base_importador_universal_facturas.py",2372,"copia_anidada_del_proyecto"
"Proyecto Host IA 3.0/Proyecto Host IA 3.0/Proyecto Host IA 3.0/TESTS/test_base_ocr_documentos.py",1785,"copia_anidada_del_proyecto"
"Proyecto Host IA 3.0/Proyecto Host IA 3.0/Proyecto Host IA 3.0/TESTS/test_buscador_articulos_parecidos.py",2642,"copia_anidada_del_proyecto"
"Proyecto Host IA 3.0/Proyecto Host IA 3.0/Proyecto Host IA 3.0/TESTS/test_cierre_escandallos_inteligentes.py",2262,"copia_anidada_del_proyecto"
"Proyecto Host IA 3.0/Proyecto Host IA 3.0/Proyecto Host IA 3.0/TESTS/test_cierre_gestion_inteligente_stock.py",1493,"copia_anidada_del_proyecto"
"Proyecto Host IA 3.0/Proyecto Host IA 3.0/Proyecto Host IA 3.0/TESTS/test_cierre_ia_conversacional_308.py",861,"copia_anidada_del_proyecto"
"Proyecto Host IA 3.0/Proyecto Host IA 3.0/Proyecto Host IA 3.0/TESTS/test_cierre_importador_universal.py",1339,"copia_anidada_del_proyecto"
"Proyecto Host IA 3.0/Proyecto Host IA 3.0/Proyecto Host IA 3.0/TESTS/test_cierre_inteligencia_compras.py",2102,"copia_anidada_del_proyecto"
"Proyecto Host IA 3.0/Proyecto Host IA 3.0/Proyecto Host IA 3.0/TESTS/test_cierre_inteligente_produccion.py",1408,"copia_anidada_del_proyecto"
"Proyecto Host IA 3.0/Proyecto Host IA 3.0/Proyecto Host IA 3.0/TESTS/test_comparador_historico_escandallos.py",2102,"copia_anidada_del_proyecto"
"Proyecto Host IA 3.0/Proyecto Host IA 3.0/Proyecto Host IA 3.0/TESTS/test_comparador_inteligente_proveedores.py",1261,"copia_anidada_del_proyecto"
"Proyecto Host IA 3.0/Proyecto Host IA 3.0/Proyecto Host IA 3.0/TESTS/test_comparador_proveedores_precios.py",1993,"copia_anidada_del_proyecto"
"Proyecto Host IA 3.0/Proyecto Host IA 3.0/Proyecto Host IA 3.0/TESTS/test_control_ejecucion_produccion.py",1954,"copia_anidada_del_proyecto"
"Proyecto Host IA 3.0/Proyecto Host IA 3.0/Proyecto Host IA 3.0/TESTS/test_control_inteligente_movimientos_stock.py",1592,"copia_anidada_del_proyecto"
"Proyecto Host IA 3.0/Proyecto Host IA 3.0/Proyecto Host IA 3.0/TESTS/test_detector_anomalias_compras.py",3235,"copia_anidada_del_proyecto"
"Proyecto Host IA 3.0/Proyecto Host IA 3.0/Proyecto Host IA 3.0/TESTS/test_detector_campos_linea_factura.py",1792,"copia_anidada_del_proyecto"
"Proyecto Host IA 3.0/Proyecto Host IA 3.0/Proyecto Host IA 3.0/TESTS/test_detector_documentos_excel.py",3068,"copia_anidada_del_proyecto"
"Proyecto Host IA 3.0/Proyecto Host IA 3.0/Proyecto Host IA 3.0/TESTS/test_detector_proveedores_pdf.py",2437,"copia_anidada_del_proyecto"
"Proyecto Host IA 3.0/Proyecto Host IA 3.0/Proyecto Host IA 3.0/TESTS/test_ejecutor_importador_universal_facturas.py",2475,"copia_anidada_del_proyecto"
"Proyecto Host IA 3.0/Proyecto Host IA 3.0/Proyecto Host IA 3.0/TESTS/test_escandallos_inteligentes_3071_3072.py",1563,"copia_anidada_del_proyecto"
"Proyecto Host IA 3.0/Proyecto Host IA 3.0/Proyecto Host IA 3.0/TESTS/test_escandallos_inteligentes_3071_3072_3073_3074.py",2712,"copia_anidada_del_proyecto"
"Proyecto Host IA 3.0/Proyecto Host IA 3.0/Proyecto Host IA 3.0/TESTS/test_escandallos_inteligentes_3071_3072_3073_3074_3075_3076.py",2815,"copia_anidada_del_proyecto"
"Proyecto Host IA 3.0/Proyecto Host IA 3.0/Proyecto Host IA 3.0/TESTS/test_escandallos_inteligentes_3071_3072_3073_3074_3075_3076_3077_3078.py",3621,"copia_anidada_del_proyecto"
"Proyecto Host IA 3.0/Proyecto Host IA 3.0/Proyecto Host IA 3.0/TESTS/test_generador_inteligente_respuestas.py",1215,"copia_anidada_del_proyecto"
"Proyecto Host IA 3.0/Proyecto Host IA 3.0/Proyecto Host IA 3.0/TESTS/test_gestion_inteligente_stock_3051_3052.py",1620,"copia_anidada_del_proyecto"
"Proyecto Host IA 3.0/Proyecto Host IA 3.0/Proyecto Host IA 3.0/TESTS/test_gestion_inteligente_stock_3051_3052_3053_3054.py",2331,"copia_anidada_del_proyecto"
"Proyecto Host IA 3.0/Proyecto Host IA 3.0/Proyecto Host IA 3.0/TESTS/test_gestion_inteligente_stock_3051_3052_3053_3054_3055_3056.py",2936,"copia_anidada_del_proyecto"
"Proyecto Host IA 3.0/Proyecto Host IA 3.0/Proyecto Host IA 3.0/TESTS/test_gestion_inteligente_stock_3051_3052_3053_3054_3055_3056_3057_3058.py",2258,"copia_anidada_del_proyecto"
"Proyecto Host IA 3.0/Proyecto Host IA 3.0/Proyecto Host IA 3.0/TESTS/test_historico_inteligente_precios.py",1930,"copia_anidada_del_proyecto"
"Proyecto Host IA 3.0/Proyecto Host IA 3.0/Proyecto Host IA 3.0/TESTS/test_historico_inteligente_stock.py",1758,"copia_anidada_del_proyecto"
"Proyecto Host IA 3.0/Proyecto Host IA 3.0/Proyecto Host IA 3.0/TESTS/test_host_ai_3_0_completo.py",1373,"copia_anidada_del_proyecto"
"Proyecto Host IA 3.0/Proyecto Host IA 3.0/Proyecto Host IA 3.0/TESTS/test_ia_conversacional_3081_3082.py",1169,"copia_anidada_del_proyecto"
"Proyecto Host IA 3.0/Proyecto Host IA 3.0/Proyecto Host IA 3.0/TESTS/test_ia_conversacional_3081_3082_3083_3084.py",1511,"copia_anidada_del_proyecto"
"Proyecto Host IA 3.0/Proyecto Host IA 3.0/Proyecto Host IA 3.0/TESTS/test_ia_conversacional_3081_3082_3083_3084_3085_3086.py",1903,"copia_anidada_del_proyecto"
"Proyecto Host IA 3.0/Proyecto Host IA 3.0/Proyecto Host IA 3.0/TESTS/test_ia_conversacional_3081_3082_3083_3084_3085_3086_3087_3088.py",2361,"copia_anidada_del_proyecto"
"Proyecto Host IA 3.0/Proyecto Host IA 3.0/Proyecto Host IA 3.0/TESTS/test_importador_articulos_excel.py",2714,"copia_anidada_del_proyecto"
"Proyecto Host IA 3.0/Proyecto Host IA 3.0/Proyecto Host IA 3.0/TESTS/test_importador_escandallos_excel.py",2979,"copia_anidada_del_proyecto"
"Proyecto Host IA 3.0/Proyecto Host IA 3.0/Proyecto Host IA 3.0/TESTS/test_importador_inventario_excel.py",3177,"copia_anidada_del_proyecto"
"Proyecto Host IA 3.0/Proyecto Host IA 3.0/Proyecto Host IA 3.0/TESTS/test_inteligencia_compras_3041_3042_3043_3044.py",3177,"copia_anidada_del_proyecto"
"Proyecto Host IA 3.0/Proyecto Host IA 3.0/Proyecto Host IA 3.0/TESTS/test_inteligencia_compras_3041_3042_3043_3044_3045_3046.py",3134,"copia_anidada_del_proyecto"
"Proyecto Host IA 3.0/Proyecto Host IA 3.0/Proyecto Host IA 3.0/TESTS/test_inteligencia_compras_3041_3042_3043_3044_3045_3046_3047_3048.py",3506,"copia_anidada_del_proyecto"
"Proyecto Host IA 3.0/Proyecto Host IA 3.0/Proyecto Host IA 3.0/TESTS/test_lector_completo_lineas_factura.py",1757,"copia_anidada_del_proyecto"
"Proyecto Host IA 3.0/Proyecto Host IA 3.0/Proyecto Host IA 3.0/TESTS/test_lector_excel.py",2828,"copia_anidada_del_proyecto"
"Proyecto Host IA 3.0/Proyecto Host IA 3.0/Proyecto Host IA 3.0/TESTS/test_lector_facturas_con_ocr.py",2373,"copia_anidada_del_proyecto"
"Proyecto Host IA 3.0/Proyecto Host IA 3.0/Proyecto Host IA 3.0/TESTS/test_lector_pdf_facturas.py",2740,"copia_anidada_del_proyecto"
"Proyecto Host IA 3.0/Proyecto Host IA 3.0/Proyecto Host IA 3.0/TESTS/test_mapeador_columnas_excel.py",3201,"copia_anidada_del_proyecto"
"Proyecto Host IA 3.0/Proyecto Host IA 3.0/Proyecto Host IA 3.0/TESTS/test_memoria_conversacional_308.py",1364,"copia_anidada_del_proyecto"
"Proyecto Host IA 3.0/Proyecto Host IA 3.0/Proyecto Host IA 3.0/TESTS/test_modelos_lineas_factura.py",1974,"copia_anidada_del_proyecto"
"Proyecto Host IA 3.0/Proyecto Host IA 3.0/Proyecto Host IA 3.0/TESTS/test_modelos_relacion_articulos_factura.py",2066,"copia_anidada_del_proyecto"
"Proyecto Host IA 3.0/Proyecto Host IA 3.0/Proyecto Host IA 3.0/TESTS/test_modulo_costes_inteligente.py",5217,"copia_anidada_del_proyecto"
"Proyecto Host IA 3.0/Proyecto Host IA 3.0/Proyecto Host IA 3.0/TESTS/test_motor_alertas_escandallos.py",1363,"copia_anidada_del_proyecto"
"Proyecto Host IA 3.0/Proyecto Host IA 3.0/Proyecto Host IA 3.0/TESTS/test_motor_alertas_produccion.py",1390,"copia_anidada_del_proyecto"
"Proyecto Host IA 3.0/Proyecto Host IA 3.0/Proyecto Host IA 3.0/TESTS/test_motor_alertas_stock.py",1524,"copia_anidada_del_proyecto"
"Proyecto Host IA 3.0/Proyecto Host IA 3.0/Proyecto Host IA 3.0/TESTS/test_motor_conversacional_308.py",1236,"copia_anidada_del_proyecto"
"Proyecto Host IA 3.0/Proyecto Host IA 3.0/Proyecto Host IA 3.0/TESTS/test_motor_escandallos_inteligente.py",4246,"copia_anidada_del_proyecto"
"Proyecto Host IA 3.0/Proyecto Host IA 3.0/Proyecto Host IA 3.0/TESTS/test_motor_ia_culinaria.py",3604,"copia_anidada_del_proyecto"
"Proyecto Host IA 3.0/Proyecto Host IA 3.0/Proyecto Host IA 3.0/TESTS/test_motor_inteligente_pedidos.py",1736,"copia_anidada_del_proyecto"
"Proyecto Host IA 3.0/Proyecto Host IA 3.0/Proyecto Host IA 3.0/TESTS/test_motor_ocr_simulado.py",1851,"copia_anidada_del_proyecto"
"Proyecto Host IA 3.0/Proyecto Host IA 3.0/Proyecto Host IA 3.0/TESTS/test_motor_optimizacion_carta.py",2606,"copia_anidada_del_proyecto"
"Proyecto Host IA 3.0/Proyecto Host IA 3.0/Proyecto Host IA 3.0/TESTS/test_motor_produccion_real.py",4225,"copia_anidada_del_proyecto"
"Proyecto Host IA 3.0/Proyecto Host IA 3.0/Proyecto Host IA 3.0/TESTS/test_motor_recomendaciones_compras.py",1019,"copia_anidada_del_proyecto"
"Proyecto Host IA 3.0/Proyecto Host IA 3.0/Proyecto Host IA 3.0/TESTS/test_optimizador_inteligente_produccion.py",2080,"copia_anidada_del_proyecto"
"Proyecto Host IA 3.0/Proyecto Host IA 3.0/Proyecto Host IA 3.0/TESTS/test_optimizador_inteligente_recetas.py",2182,"copia_anidada_del_proyecto"
"Proyecto Host IA 3.0/Proyecto Host IA 3.0/Proyecto Host IA 3.0/TESTS/test_optimizador_stock.py",1546,"copia_anidada_del_proyecto"
"Proyecto Host IA 3.0/Proyecto Host IA 3.0/Proyecto Host IA 3.0/TESTS/test_parser_lineas_factura.py",1997,"copia_anidada_del_proyecto"
"Proyecto Host IA 3.0/Proyecto Host IA 3.0/Proyecto Host IA 3.0/TESTS/test_pipeline_compras.py",2470,"copia_anidada_del_proyecto"
"Proyecto Host IA 3.0/Proyecto Host IA 3.0/Proyecto Host IA 3.0/TESTS/test_pipeline_produccion_completa.py",3301,"copia_anidada_del_proyecto"
"Proyecto Host IA 3.0/Proyecto Host IA 3.0/Proyecto Host IA 3.0/TESTS/test_pipeline_stock.py",2877,"copia_anidada_del_proyecto"
"Proyecto Host IA 3.0/Proyecto Host IA 3.0/Proyecto Host IA 3.0/TESTS/test_planificador_inteligente_produccion.py",1429,"copia_anidada_del_proyecto"
"Proyecto Host IA 3.0/Proyecto Host IA 3.0/Proyecto Host IA 3.0/TESTS/test_prediccion_inteligente_precios.py",2111,"copia_anidada_del_proyecto"
"Proyecto Host IA 3.0/Proyecto Host IA 3.0/Proyecto Host IA 3.0/TESTS/test_prediccion_inteligente_rentabilidad.py",2031,"copia_anidada_del_proyecto"
"Proyecto Host IA 3.0/Proyecto Host IA 3.0/Proyecto Host IA 3.0/TESTS/test_prediccion_necesidades_stock.py",1450,"copia_anidada_del_proyecto"
"Proyecto Host IA 3.0/Proyecto Host IA 3.0/Proyecto Host IA 3.0/TESTS/test_prediccion_roturas_stock.py",1249,"copia_anidada_del_proyecto"
"Proyecto Host IA 3.0/Proyecto Host IA 3.0/Proyecto Host IA 3.0/TESTS/test_produccion_3061_3062.py",1443,"copia_anidada_del_proyecto"
"Proyecto Host IA 3.0/Proyecto Host IA 3.0/Proyecto Host IA 3.0/TESTS/test_produccion_3061_3062_3063_3064.py",1891,"copia_anidada_del_proyecto"
"Proyecto Host IA 3.0/Proyecto Host IA 3.0/Proyecto Host IA 3.0/TESTS/test_produccion_3061_3062_3063_3064_3065_3066.py",2768,"copia_anidada_del_proyecto"
"Proyecto Host IA 3.0/Proyecto Host IA 3.0/Proyecto Host IA 3.0/TESTS/test_produccion_3061_3062_3063_3064_3065_3066_3067_3068.py",3482,"copia_anidada_del_proyecto"
"Proyecto Host IA 3.0/Proyecto Host IA 3.0/Proyecto Host IA 3.0/TESTS/test_reconciliador_inteligente_stock.py",1591,"copia_anidada_del_proyecto"
"Proyecto Host IA 3.0/Proyecto Host IA 3.0/Proyecto Host IA 3.0/TESTS/test_reconciliador_stock_factura.py",1866,"copia_anidada_del_proyecto"
"Proyecto Host IA 3.0/Proyecto Host IA 3.0/Proyecto Host IA 3.0/TESTS/test_registro_pipelines_api.py",2776,"copia_anidada_del_proyecto"
"Proyecto Host IA 3.0/Proyecto Host IA 3.0/Proyecto Host IA 3.0/TESTS/test_relacionador_automatico_articulos_factura.py",2799,"copia_anidada_del_proyecto"
"Proyecto Host IA 3.0/Proyecto Host IA 3.0/Proyecto Host IA 3.0/TESTS/test_replanificador_inteligente_produccion.py",1750,"copia_anidada_del_proyecto"
"Proyecto Host IA 3.0/Proyecto Host IA 3.0/Proyecto Host IA 3.0/TESTS/test_resolucion_conflictos_excel.py",2885,"copia_anidada_del_proyecto"
"Proyecto Host IA 3.0/Proyecto Host IA 3.0/Proyecto Host IA 3.0/TESTS/test_resumen_ejecutivo_importaciones.py",2030,"copia_anidada_del_proyecto"
"Proyecto Host IA 3.0/Proyecto Host IA 3.0/Proyecto Host IA 3.0/TESTS/test_selector_inteligente_motores.py",1106,"copia_anidada_del_proyecto"
"Proyecto Host IA 3.0/Proyecto Host IA 3.0/Proyecto Host IA 3.0/TESTS/test_simulador_costes_escandallos.py",1992,"copia_anidada_del_proyecto"
"Proyecto Host IA 3.0/Proyecto Host IA 3.0/Proyecto Host IA 3.0/TESTS/test_stock_por_ubicaciones.py",1673,"copia_anidada_del_proyecto"
"Proyecto Host IA 3.0/Proyecto Host IA 3.0/Proyecto Host IA 3.0/TESTS/test_validador_corrector_ocr.py",1322,"copia_anidada_del_proyecto"
"Proyecto Host IA 3.0/Proyecto Host IA 3.0/Proyecto Host IA 3.0/TESTS/test_validador_lineas_factura.py",2665,"copia_anidada_del_proyecto"
"Proyecto Host IA 3.0/Proyecto Host IA 3.0/Proyecto Host IA 3.0/TESTS/test_validador_relaciones_articulos_factura.py",2220,"copia_anidada_del_proyecto"
"Proyecto Host IA 3.0/Proyecto Host IA 3.0/Proyecto Host IA 3.0/__pycache__/demo_host_ai_3.cpython-313.pyc",2110,"copia_anidada_del_proyecto"
"Proyecto Host IA 3.0/Proyecto Host IA 3.0/Proyecto Host IA 3.0/__pycache__/main.cpython-313.pyc",713,"copia_anidada_del_proyecto"
"Proyecto Host IA 3.0/Proyecto Host IA 3.0/Proyecto Host IA 3.0/TESTS/__pycache__/test_actualizador_inteligente_precios_factura.cpython-313.pyc",3694,"copia_anidada_del_proyecto"
"Proyecto Host IA 3.0/Proyecto Host IA 3.0/Proyecto Host IA 3.0/TESTS/__pycache__/test_actualizador_inteligente_stock_factura.cpython-313.pyc",3500,"copia_anidada_del_proyecto"
"Proyecto Host IA 3.0/Proyecto Host IA 3.0/Proyecto Host IA 3.0/TESTS/__pycache__/test_alertas_inteligentes_precios.cpython-313.pyc",3327,"copia_anidada_del_proyecto"
"Proyecto Host IA 3.0/Proyecto Host IA 3.0/Proyecto Host IA 3.0/TESTS/__pycache__/test_alertas_inteligentes_stock.cpython-313.pyc",3335,"copia_anidada_del_proyecto"
"Proyecto Host IA 3.0/Proyecto Host IA 3.0/Proyecto Host IA 3.0/TESTS/__pycache__/test_analizador_inteligente_compras.cpython-313.pyc",3689,"copia_anidada_del_proyecto"
"Proyecto Host IA 3.0/Proyecto Host IA 3.0/Proyecto Host IA 3.0/TESTS/__pycache__/test_analizador_inteligente_escandallos.cpython-313.pyc",2795,"copia_anidada_del_proyecto"
"Proyecto Host IA 3.0/Proyecto Host IA 3.0/Proyecto Host IA 3.0/TESTS/__pycache__/test_analizador_inteligente_produccion.cpython-313.pyc",2410,"copia_anidada_del_proyecto"
"Proyecto Host IA 3.0/Proyecto Host IA 3.0/Proyecto Host IA 3.0/TESTS/__pycache__/test_analizador_inteligente_stock.cpython-313.pyc",2651,"copia_anidada_del_proyecto"
"Proyecto Host IA 3.0/Proyecto Host IA 3.0/Proyecto Host IA 3.0/TESTS/__pycache__/test_analizador_lenguaje_natural.cpython-313.pyc",2006,"copia_anidada_del_proyecto"
"Proyecto Host IA 3.0/Proyecto Host IA 3.0/Proyecto Host IA 3.0/TESTS/__pycache__/test_app_base_ejecutable.cpython-313.pyc",2842,"copia_anidada_del_proyecto"
"Proyecto Host IA 3.0/Proyecto Host IA 3.0/Proyecto Host IA 3.0/TESTS/__pycache__/test_aprendizaje_relacion_proveedor.cpython-313.pyc",4015,"copia_anidada_del_proyecto"
"Proyecto Host IA 3.0/Proyecto Host IA 3.0/Proyecto Host IA 3.0/TESTS/__pycache__/test_asignador_recursos_produccion.cpython-313.pyc",2408,"copia_anidada_del_proyecto"
"Proyecto Host IA 3.0/Proyecto Host IA 3.0/Proyecto Host IA 3.0/TESTS/__pycache__/test_asistente_conversacional.cpython-313.pyc",5008,"copia_anidada_del_proyecto"
"Proyecto Host IA 3.0/Proyecto Host IA 3.0/Proyecto Host IA 3.0/TESTS/__pycache__/test_asistente_importacion_excel.cpython-313.pyc",6001,"copia_anidada_del_proyecto"
"Proyecto Host IA 3.0/Proyecto Host IA 3.0/Proyecto Host IA 3.0/TESTS/__pycache__/test_asistente_inteligente_host_ai_308.cpython-313.pyc",2236,"copia_anidada_del_proyecto"
"Proyecto Host IA 3.0/Proyecto Host IA 3.0/Proyecto Host IA 3.0/TESTS/__pycache__/test_auditoria_importaciones_universales.cpython-313.pyc",4210,"copia_anidada_del_proyecto"
"Proyecto Host IA 3.0/Proyecto Host IA 3.0/Proyecto Host IA 3.0/TESTS/__pycache__/test_auditoria_tecnica_host_ai_351.cpython-313.pyc",2277,"copia_anidada_del_proyecto"
"Proyecto Host IA 3.0/Proyecto Host IA 3.0/Proyecto Host IA 3.0/TESTS/__pycache__/test_automatizador_inteligente_308.cpython-313.pyc",2603,"copia_anidada_del_proyecto"
"Proyecto Host IA 3.0/Proyecto Host IA 3.0/Proyecto Host IA 3.0/TESTS/__pycache__/test_base_actualizacion_precios_factura.cpython-313.pyc",3327,"copia_anidada_del_proyecto"
"Proyecto Host IA 3.0/Proyecto Host IA 3.0/Proyecto Host IA 3.0/TESTS/__pycache__/test_base_actualizacion_stock_factura.cpython-313.pyc",3242,"copia_anidada_del_proyecto"
"Proyecto Host IA 3.0/Proyecto Host IA 3.0/Proyecto Host IA 3.0/TESTS/__pycache__/test_base_datos_local.cpython-313.pyc",3824,"copia_anidada_del_proyecto"
"Proyecto Host IA 3.0/Proyecto Host IA 3.0/Proyecto Host IA 3.0/TESTS/__pycache__/test_base_importador_universal_facturas.cpython-313.pyc",4206,"copia_anidada_del_proyecto"
"Proyecto Host IA 3.0/Proyecto Host IA 3.0/Proyecto Host IA 3.0/TESTS/__pycache__/test_base_ocr_documentos.cpython-313.pyc",3487,"copia_anidada_del_proyecto"
"Proyecto Host IA 3.0/Proyecto Host IA 3.0/Proyecto Host IA 3.0/TESTS/__pycache__/test_buscador_articulos_parecidos.cpython-313.pyc",3910,"copia_anidada_del_proyecto"
"Proyecto Host IA 3.0/Proyecto Host IA 3.0/Proyecto Host IA 3.0/TESTS/__pycache__/test_cierre_escandallos_inteligentes.cpython-313.pyc",3139,"copia_anidada_del_proyecto"
"Proyecto Host IA 3.0/Proyecto Host IA 3.0/Proyecto Host IA 3.0/TESTS/__pycache__/test_cierre_gestion_inteligente_stock.cpython-313.pyc",2663,"copia_anidada_del_proyecto"
"Proyecto Host IA 3.0/Proyecto Host IA 3.0/Proyecto Host IA 3.0/TESTS/__pycache__/test_cierre_ia_conversacional_308.cpython-313.pyc",2015,"copia_anidada_del_proyecto"
"Proyecto Host IA 3.0/Proyecto Host IA 3.0/Proyecto Host IA 3.0/TESTS/__pycache__/test_cierre_importador_universal.cpython-313.pyc",2753,"copia_anidada_del_proyecto"
"Proyecto Host IA 3.0/Proyecto Host IA 3.0/Proyecto Host IA 3.0/TESTS/__pycache__/test_cierre_inteligencia_compras.cpython-313.pyc",3481,"copia_anidada_del_proyecto"
"Proyecto Host IA 3.0/Proyecto Host IA 3.0/Proyecto Host IA 3.0/TESTS/__pycache__/test_cierre_inteligente_produccion.cpython-313.pyc",2412,"copia_anidada_del_proyecto"
"Proyecto Host IA 3.0/Proyecto Host IA 3.0/Proyecto Host IA 3.0/TESTS/__pycache__/test_comparador_historico_escandallos.cpython-313.pyc",2941,"copia_anidada_del_proyecto"
"Proyecto Host IA 3.0/Proyecto Host IA 3.0/Proyecto Host IA 3.0/TESTS/__pycache__/test_comparador_inteligente_proveedores.cpython-313.pyc",2411,"copia_anidada_del_proyecto"
"Proyecto Host IA 3.0/Proyecto Host IA 3.0/Proyecto Host IA 3.0/TESTS/__pycache__/test_comparador_proveedores_precios.cpython-313.pyc",3446,"copia_anidada_del_proyecto"
"Proyecto Host IA 3.0/Proyecto Host IA 3.0/Proyecto Host IA 3.0/TESTS/__pycache__/test_control_ejecucion_produccion.cpython-313.pyc",3143,"copia_anidada_del_proyecto"
"Proyecto Host IA 3.0/Proyecto Host IA 3.0/Proyecto Host IA 3.0/TESTS/__pycache__/test_control_inteligente_movimientos_stock.cpython-313.pyc",2679,"copia_anidada_del_proyecto"
"Proyecto Host IA 3.0/Proyecto Host IA 3.0/Proyecto Host IA 3.0/TESTS/__pycache__/test_detector_anomalias_compras.cpython-313.pyc",4456,"copia_anidada_del_proyecto"
"Proyecto Host IA 3.0/Proyecto Host IA 3.0/Proyecto Host IA 3.0/TESTS/__pycache__/test_detector_campos_linea_factura.cpython-313.pyc",3389,"copia_anidada_del_proyecto"
"Proyecto Host IA 3.0/Proyecto Host IA 3.0/Proyecto Host IA 3.0/TESTS/__pycache__/test_detector_documentos_excel.cpython-313.pyc",5085,"copia_anidada_del_proyecto"
"Proyecto Host IA 3.0/Proyecto Host IA 3.0/Proyecto Host IA 3.0/TESTS/__pycache__/test_detector_proveedores_pdf.cpython-313.pyc",4135,"copia_anidada_del_proyecto"
"Proyecto Host IA 3.0/Proyecto Host IA 3.0/Proyecto Host IA 3.0/TESTS/__pycache__/test_ejecutor_importador_universal_facturas.cpython-313.pyc",4116,"copia_anidada_del_proyecto"
"Proyecto Host IA 3.0/Proyecto Host IA 3.0/Proyecto Host IA 3.0/TESTS/__pycache__/test_escandallos_inteligentes_3071_3072.cpython-313.pyc",2797,"copia_anidada_del_proyecto"
"Proyecto Host IA 3.0/Proyecto Host IA 3.0/Proyecto Host IA 3.0/TESTS/__pycache__/test_escandallos_inteligentes_3071_3072_3073_3074.cpython-313.pyc",4121,"copia_anidada_del_proyecto"
"Proyecto Host IA 3.0/Proyecto Host IA 3.0/Proyecto Host IA 3.0/TESTS/__pycache__/test_escandallos_inteligentes_3071_3072_3073_3074_3075_3076.cpython-313.pyc",4617,"copia_anidada_del_proyecto"
"Proyecto Host IA 3.0/Proyecto Host IA 3.0/Proyecto Host IA 3.0/TESTS/__pycache__/test_escandallos_inteligentes_3071_3072_3073_3074_3075_3076_3077_3078.cpython-313.pyc",5787,"copia_anidada_del_proyecto"
"Proyecto Host IA 3.0/Proyecto Host IA 3.0/Proyecto Host IA 3.0/TESTS/__pycache__/test_generador_inteligente_respuestas.cpython-313.pyc",2400,"copia_anidada_del_proyecto"
"Proyecto Host IA 3.0/Proyecto Host IA 3.0/Proyecto Host IA 3.0/TESTS/__pycache__/test_gestion_inteligente_stock_3051_3052.cpython-313.pyc",2933,"copia_anidada_del_proyecto"
"Proyecto Host IA 3.0/Proyecto Host IA 3.0/Proyecto Host IA 3.0/TESTS/__pycache__/test_gestion_inteligente_stock_3051_3052_3053_3054.cpython-313.pyc",3771,"copia_anidada_del_proyecto"
"Proyecto Host IA 3.0/Proyecto Host IA 3.0/Proyecto Host IA 3.0/TESTS/__pycache__/test_gestion_inteligente_stock_3051_3052_3053_3054_3055_3056.cpython-313.pyc",4658,"copia_anidada_del_proyecto"
"Proyecto Host IA 3.0/Proyecto Host IA 3.0/Proyecto Host IA 3.0/TESTS/__pycache__/test_gestion_inteligente_stock_3051_3052_3053_3054_3055_3056_3057_3058.cpython-313.pyc",3562,"copia_anidada_del_proyecto"
"Proyecto Host IA 3.0/Proyecto Host IA 3.0/Proyecto Host IA 3.0/TESTS/__pycache__/test_historico_inteligente_precios.cpython-313.pyc",3410,"copia_anidada_del_proyecto"
"Proyecto Host IA 3.0/Proyecto Host IA 3.0/Proyecto Host IA 3.0/TESTS/__pycache__/test_historico_inteligente_stock.cpython-313.pyc",3254,"copia_anidada_del_proyecto"
"Proyecto Host IA 3.0/Proyecto Host IA 3.0/Proyecto Host IA 3.0/TESTS/__pycache__/test_host_ai_3_0_completo.cpython-313.pyc",2132,"copia_anidada_del_proyecto"
"Proyecto Host IA 3.0/Proyecto Host IA 3.0/Proyecto Host IA 3.0/TESTS/__pycache__/test_ia_conversacional_3081_3082.cpython-313.pyc",2468,"copia_anidada_del_proyecto"
"Proyecto Host IA 3.0/Proyecto Host IA 3.0/Proyecto Host IA 3.0/TESTS/__pycache__/test_ia_conversacional_3081_3082_3083_3084.cpython-313.pyc",3161,"copia_anidada_del_proyecto"
"Proyecto Host IA 3.0/Proyecto Host IA 3.0/Proyecto Host IA 3.0/TESTS/__pycache__/test_ia_conversacional_3081_3082_3083_3084_3085_3086.cpython-313.pyc",3654,"copia_anidada_del_proyecto"
"Proyecto Host IA 3.0/Proyecto Host IA 3.0/Proyecto Host IA 3.0/TESTS/__pycache__/test_ia_conversacional_3081_3082_3083_3084_3085_3086_3087_3088.cpython-313.pyc",4449,"copia_anidada_del_proyecto"
"Proyecto Host IA 3.0/Proyecto Host IA 3.0/Proyecto Host IA 3.0/TESTS/__pycache__/test_importador_articulos_excel.cpython-313.pyc",4787,"copia_anidada_del_proyecto"
"Proyecto Host IA 3.0/Proyecto Host IA 3.0/Proyecto Host IA 3.0/TESTS/__pycache__/test_importador_escandallos_excel.cpython-313.pyc",5213,"copia_anidada_del_proyecto"
"Proyecto Host IA 3.0/Proyecto Host IA 3.0/Proyecto Host IA 3.0/TESTS/__pycache__/test_importador_inventario_excel.cpython-313.pyc",5678,"copia_anidada_del_proyecto"
"Proyecto Host IA 3.0/Proyecto Host IA 3.0/Proyecto Host IA 3.0/TESTS/__pycache__/test_inteligencia_compras_3041_3042_3043_3044.cpython-313.pyc",4526,"copia_anidada_del_proyecto"
"Proyecto Host IA 3.0/Proyecto Host IA 3.0/Proyecto Host IA 3.0/TESTS/__pycache__/test_inteligencia_compras_3041_3042_3043_3044_3045_3046.cpython-313.pyc",4988,"copia_anidada_del_proyecto"
"Proyecto Host IA 3.0/Proyecto Host IA 3.0/Proyecto Host IA 3.0/TESTS/__pycache__/test_inteligencia_compras_3041_3042_3043_3044_3045_3046_3047_3048.cpython-313.pyc",5734,"copia_anidada_del_proyecto"
"Proyecto Host IA 3.0/Proyecto Host IA 3.0/Proyecto Host IA 3.0/TESTS/__pycache__/test_lector_completo_lineas_factura.cpython-313.pyc",3105,"copia_anidada_del_proyecto"
"Proyecto Host IA 3.0/Proyecto Host IA 3.0/Proyecto Host IA 3.0/TESTS/__pycache__/test_lector_excel.cpython-313.pyc",4892,"copia_anidada_del_proyecto"
"Proyecto Host IA 3.0/Proyecto Host IA 3.0/Proyecto Host IA 3.0/TESTS/__pycache__/test_lector_facturas_con_ocr.cpython-313.pyc",4125,"copia_anidada_del_proyecto"
"Proyecto Host IA 3.0/Proyecto Host IA 3.0/Proyecto Host IA 3.0/TESTS/__pycache__/test_lector_pdf_facturas.cpython-313.pyc",4696,"copia_anidada_del_proyecto"
"Proyecto Host IA 3.0/Proyecto Host IA 3.0/Proyecto Host IA 3.0/TESTS/__pycache__/test_mapeador_columnas_excel.cpython-313.pyc",5510,"copia_anidada_del_proyecto"
"Proyecto Host IA 3.0/Proyecto Host IA 3.0/Proyecto Host IA 3.0/TESTS/__pycache__/test_memoria_conversacional_308.cpython-313.pyc",2625,"copia_anidada_del_proyecto"
"Proyecto Host IA 3.0/Proyecto Host IA 3.0/Proyecto Host IA 3.0/TESTS/__pycache__/test_modelos_lineas_factura.cpython-313.pyc",3391,"copia_anidada_del_proyecto"
"Proyecto Host IA 3.0/Proyecto Host IA 3.0/Proyecto Host IA 3.0/TESTS/__pycache__/test_modelos_relacion_articulos_factura.cpython-313.pyc",3441,"copia_anidada_del_proyecto"
"Proyecto Host IA 3.0/Proyecto Host IA 3.0/Proyecto Host IA 3.0/TESTS/__pycache__/test_modulo_costes_inteligente.cpython-313.pyc",6785,"copia_anidada_del_proyecto"
"Proyecto Host IA 3.0/Proyecto Host IA 3.0/Proyecto Host IA 3.0/TESTS/__pycache__/test_motor_alertas_escandallos.cpython-313.pyc",2425,"copia_anidada_del_proyecto"
"Proyecto Host IA 3.0/Proyecto Host IA 3.0/Proyecto Host IA 3.0/TESTS/__pycache__/test_motor_alertas_produccion.cpython-313.pyc",2565,"copia_anidada_del_proyecto"
"Proyecto Host IA 3.0/Proyecto Host IA 3.0/Proyecto Host IA 3.0/TESTS/__pycache__/test_motor_alertas_stock.cpython-313.pyc",2871,"copia_anidada_del_proyecto"
"Proyecto Host IA 3.0/Proyecto Host IA 3.0/Proyecto Host IA 3.0/TESTS/__pycache__/test_motor_conversacional_308.cpython-313.pyc",2593,"copia_anidada_del_proyecto"
"Proyecto Host IA 3.0/Proyecto Host IA 3.0/Proyecto Host IA 3.0/TESTS/__pycache__/test_motor_escandallos_inteligente.cpython-313.pyc",5939,"copia_anidada_del_proyecto"
"Proyecto Host IA 3.0/Proyecto Host IA 3.0/Proyecto Host IA 3.0/TESTS/__pycache__/test_motor_ia_culinaria.cpython-313.pyc",5187,"copia_anidada_del_proyecto"
"Proyecto Host IA 3.0/Proyecto Host IA 3.0/Proyecto Host IA 3.0/TESTS/__pycache__/test_motor_inteligente_pedidos.cpython-313.pyc",3304,"copia_anidada_del_proyecto"
"Proyecto Host IA 3.0/Proyecto Host IA 3.0/Proyecto Host IA 3.0/TESTS/__pycache__/test_motor_ocr_simulado.cpython-313.pyc",3536,"copia_anidada_del_proyecto"
"Proyecto Host IA 3.0/Proyecto Host IA 3.0/Proyecto Host IA 3.0/TESTS/__pycache__/test_motor_optimizacion_carta.cpython-313.pyc",3879,"copia_anidada_del_proyecto"
"Proyecto Host IA 3.0/Proyecto Host IA 3.0/Proyecto Host IA 3.0/TESTS/__pycache__/test_motor_produccion_real.cpython-313.pyc",6148,"copia_anidada_del_proyecto"
"Proyecto Host IA 3.0/Proyecto Host IA 3.0/Proyecto Host IA 3.0/TESTS/__pycache__/test_motor_recomendaciones_compras.cpython-313.pyc",2161,"copia_anidada_del_proyecto"
"Proyecto Host IA 3.0/Proyecto Host IA 3.0/Proyecto Host IA 3.0/TESTS/__pycache__/test_optimizador_inteligente_produccion.cpython-313.pyc",3495,"copia_anidada_del_proyecto"
"Proyecto Host IA 3.0/Proyecto Host IA 3.0/Proyecto Host IA 3.0/TESTS/__pycache__/test_optimizador_inteligente_recetas.cpython-313.pyc",3139,"copia_anidada_del_proyecto"
"Proyecto Host IA 3.0/Proyecto Host IA 3.0/Proyecto Host IA 3.0/TESTS/__pycache__/test_optimizador_stock.cpython-313.pyc",3025,"copia_anidada_del_proyecto"
"Proyecto Host IA 3.0/Proyecto Host IA 3.0/Proyecto Host IA 3.0/TESTS/__pycache__/test_parser_lineas_factura.cpython-313.pyc",3508,"copia_anidada_del_proyecto"
"Proyecto Host IA 3.0/Proyecto Host IA 3.0/Proyecto Host IA 3.0/TESTS/__pycache__/test_pipeline_compras.cpython-313.pyc",3956,"copia_anidada_del_proyecto"
"Proyecto Host IA 3.0/Proyecto Host IA 3.0/Proyecto Host IA 3.0/TESTS/__pycache__/test_pipeline_produccion_completa.cpython-313.pyc",5313,"copia_anidada_del_proyecto"
"Proyecto Host IA 3.0/Proyecto Host IA 3.0/Proyecto Host IA 3.0/TESTS/__pycache__/test_pipeline_stock.cpython-313.pyc",4790,"copia_anidada_del_proyecto"
"Proyecto Host IA 3.0/Proyecto Host IA 3.0/Proyecto Host IA 3.0/TESTS/__pycache__/test_planificador_inteligente_produccion.cpython-313.pyc",2469,"copia_anidada_del_proyecto"
"Proyecto Host IA 3.0/Proyecto Host IA 3.0/Proyecto Host IA 3.0/TESTS/__pycache__/test_prediccion_inteligente_precios.cpython-313.pyc",3855,"copia_anidada_del_proyecto"
"Proyecto Host IA 3.0/Proyecto Host IA 3.0/Proyecto Host IA 3.0/TESTS/__pycache__/test_prediccion_inteligente_rentabilidad.cpython-313.pyc",3009,"copia_anidada_del_proyecto"
"Proyecto Host IA 3.0/Proyecto Host IA 3.0/Proyecto Host IA 3.0/TESTS/__pycache__/test_prediccion_necesidades_stock.cpython-313.pyc",2587,"copia_anidada_del_proyecto"
"Proyecto Host IA 3.0/Proyecto Host IA 3.0/Proyecto Host IA 3.0/TESTS/__pycache__/test_prediccion_roturas_stock.cpython-313.pyc",2467,"copia_anidada_del_proyecto"
"Proyecto Host IA 3.0/Proyecto Host IA 3.0/Proyecto Host IA 3.0/TESTS/__pycache__/test_produccion_3061_3062.cpython-313.pyc",2468,"copia_anidada_del_proyecto"
"Proyecto Host IA 3.0/Proyecto Host IA 3.0/Proyecto Host IA 3.0/TESTS/__pycache__/test_produccion_3061_3062_3063_3064.cpython-313.pyc",3110,"copia_anidada_del_proyecto"
"Proyecto Host IA 3.0/Proyecto Host IA 3.0/Proyecto Host IA 3.0/TESTS/__pycache__/test_produccion_3061_3062_3063_3064_3065_3066.cpython-313.pyc",4457,"copia_anidada_del_proyecto"
"Proyecto Host IA 3.0/Proyecto Host IA 3.0/Proyecto Host IA 3.0/TESTS/__pycache__/test_produccion_3061_3062_3063_3064_3065_3066_3067_3068.cpython-313.pyc",5729,"copia_anidada_del_proyecto"
"Proyecto Host IA 3.0/Proyecto Host IA 3.0/Proyecto Host IA 3.0/TESTS/__pycache__/test_reconciliador_inteligente_stock.cpython-313.pyc",2888,"copia_anidada_del_proyecto"
"Proyecto Host IA 3.0/Proyecto Host IA 3.0/Proyecto Host IA 3.0/TESTS/__pycache__/test_reconciliador_stock_factura.cpython-313.pyc",3336,"copia_anidada_del_proyecto"
"Proyecto Host IA 3.0/Proyecto Host IA 3.0/Proyecto Host IA 3.0/TESTS/__pycache__/test_registro_pipelines_api.cpython-313.pyc",3939,"copia_anidada_del_proyecto"
"Proyecto Host IA 3.0/Proyecto Host IA 3.0/Proyecto Host IA 3.0/TESTS/__pycache__/test_relacionador_automatico_articulos_factura.cpython-313.pyc",4113,"copia_anidada_del_proyecto"
"Proyecto Host IA 3.0/Proyecto Host IA 3.0/Proyecto Host IA 3.0/TESTS/__pycache__/test_replanificador_inteligente_produccion.cpython-313.pyc",3016,"copia_anidada_del_proyecto"
"Proyecto Host IA 3.0/Proyecto Host IA 3.0/Proyecto Host IA 3.0/TESTS/__pycache__/test_resolucion_conflictos_excel.cpython-313.pyc",4523,"copia_anidada_del_proyecto"
"Proyecto Host IA 3.0/Proyecto Host IA 3.0/Proyecto Host IA 3.0/TESTS/__pycache__/test_resumen_ejecutivo_importaciones.cpython-313.pyc",3266,"copia_anidada_del_proyecto"
"Proyecto Host IA 3.0/Proyecto Host IA 3.0/Proyecto Host IA 3.0/TESTS/__pycache__/test_selector_inteligente_motores.cpython-313.pyc",2153,"copia_anidada_del_proyecto"
"Proyecto Host IA 3.0/Proyecto Host IA 3.0/Proyecto Host IA 3.0/TESTS/__pycache__/test_simulador_costes_escandallos.cpython-313.pyc",2938,"copia_anidada_del_proyecto"
"Proyecto Host IA 3.0/Proyecto Host IA 3.0/Proyecto Host IA 3.0/TESTS/__pycache__/test_stock_por_ubicaciones.cpython-313.pyc",3052,"copia_anidada_del_proyecto"
"Proyecto Host IA 3.0/Proyecto Host IA 3.0/Proyecto Host IA 3.0/TESTS/__pycache__/test_validador_corrector_ocr.cpython-313.pyc",2720,"copia_anidada_del_proyecto"
"Proyecto Host IA 3.0/Proyecto Host IA 3.0/Proyecto Host IA 3.0/TESTS/__pycache__/test_validador_lineas_factura.cpython-313.pyc",4192,"copia_anidada_del_proyecto"
"Proyecto Host IA 3.0/Proyecto Host IA 3.0/Proyecto Host IA 3.0/TESTS/__pycache__/test_validador_relaciones_articulos_factura.cpython-313.pyc",3740,"copia_anidada_del_proyecto"
"Proyecto Host IA 3.0/Proyecto Host IA 3.0/Proyecto Host IA 3.0/SERVICIOS/__pycache__/actualizador_inteligente_precios_factura.cpython-313.pyc",9191,"copia_anidada_del_proyecto"
"Proyecto Host IA 3.0/Proyecto Host IA 3.0/Proyecto Host IA 3.0/SERVICIOS/__pycache__/actualizador_inteligente_stock_factura.cpython-313.pyc",9994,"copia_anidada_del_proyecto"
"Proyecto Host IA 3.0/Proyecto Host IA 3.0/Proyecto Host IA 3.0/SERVICIOS/__pycache__/alertas_inteligentes_precios.cpython-313.pyc",7518,"copia_anidada_del_proyecto"
"Proyecto Host IA 3.0/Proyecto Host IA 3.0/Proyecto Host IA 3.0/SERVICIOS/__pycache__/alertas_inteligentes_stock.cpython-313.pyc",7671,"copia_anidada_del_proyecto"
"Proyecto Host IA 3.0/Proyecto Host IA 3.0/Proyecto Host IA 3.0/SERVICIOS/__pycache__/analizador_inteligente_compras.cpython-313.pyc",5717,"copia_anidada_del_proyecto"
"Proyecto Host IA 3.0/Proyecto Host IA 3.0/Proyecto Host IA 3.0/SERVICIOS/__pycache__/analizador_inteligente_escandallos.cpython-313.pyc",15017,"copia_anidada_del_proyecto"
"Proyecto Host IA 3.0/Proyecto Host IA 3.0/Proyecto Host IA 3.0/SERVICIOS/__pycache__/analizador_inteligente_produccion.cpython-313.pyc",10843,"copia_anidada_del_proyecto"
"Proyecto Host IA 3.0/Proyecto Host IA 3.0/Proyecto Host IA 3.0/SERVICIOS/__pycache__/analizador_inteligente_stock.cpython-313.pyc",9979,"copia_anidada_del_proyecto"
"Proyecto Host IA 3.0/Proyecto Host IA 3.0/Proyecto Host IA 3.0/SERVICIOS/__pycache__/analizador_lenguaje_natural.cpython-313.pyc",7318,"copia_anidada_del_proyecto"
"Proyecto Host IA 3.0/Proyecto Host IA 3.0/Proyecto Host IA 3.0/SERVICIOS/__pycache__/aprendizaje_relacion_proveedor.cpython-313.pyc",9076,"copia_anidada_del_proyecto"
"Proyecto Host IA 3.0/Proyecto Host IA 3.0/Proyecto Host IA 3.0/SERVICIOS/__pycache__/asignador_recursos_produccion.cpython-313.pyc",8648,"copia_anidada_del_proyecto"
"Proyecto Host IA 3.0/Proyecto Host IA 3.0/Proyecto Host IA 3.0/SERVICIOS/__pycache__/asistente_importacion_excel.cpython-313.pyc",14609,"copia_anidada_del_proyecto"
"Proyecto Host IA 3.0/Proyecto Host IA 3.0/Proyecto Host IA 3.0/SERVICIOS/__pycache__/asistente_inteligente_host_ai_308.cpython-313.pyc",9748,"copia_anidada_del_proyecto"
"Proyecto Host IA 3.0/Proyecto Host IA 3.0/Proyecto Host IA 3.0/SERVICIOS/__pycache__/auditoria_importaciones_universales.cpython-313.pyc",6917,"copia_anidada_del_proyecto"
"Proyecto Host IA 3.0/Proyecto Host IA 3.0/Proyecto Host IA 3.0/SERVICIOS/__pycache__/auditoria_tecnica_host_ai_351.cpython-313.pyc",14065,"copia_anidada_del_proyecto"
"Proyecto Host IA 3.0/Proyecto Host IA 3.0/Proyecto Host IA 3.0/SERVICIOS/__pycache__/automatizador_inteligente_308.cpython-313.pyc",7790,"copia_anidada_del_proyecto"
"Proyecto Host IA 3.0/Proyecto Host IA 3.0/Proyecto Host IA 3.0/SERVICIOS/__pycache__/base_actualizacion_precios_factura.cpython-313.pyc",5988,"copia_anidada_del_proyecto"
"Proyecto Host IA 3.0/Proyecto Host IA 3.0/Proyecto Host IA 3.0/SERVICIOS/__pycache__/base_actualizacion_stock_factura.cpython-313.pyc",4866,"copia_anidada_del_proyecto"
"Proyecto Host IA 3.0/Proyecto Host IA 3.0/Proyecto Host IA 3.0/SERVICIOS/__pycache__/base_datos_local.cpython-313.pyc",6832,"copia_anidada_del_proyecto"
"Proyecto Host IA 3.0/Proyecto Host IA 3.0/Proyecto Host IA 3.0/SERVICIOS/__pycache__/base_importador_universal_facturas.cpython-313.pyc",7116,"copia_anidada_del_proyecto"
"Proyecto Host IA 3.0/Proyecto Host IA 3.0/Proyecto Host IA 3.0/SERVICIOS/__pycache__/base_lineas_factura.cpython-313.pyc",4287,"copia_anidada_del_proyecto"
"Proyecto Host IA 3.0/Proyecto Host IA 3.0/Proyecto Host IA 3.0/SERVICIOS/__pycache__/base_ocr_documentos.cpython-313.pyc",6799,"copia_anidada_del_proyecto"
"Proyecto Host IA 3.0/Proyecto Host IA 3.0/Proyecto Host IA 3.0/SERVICIOS/__pycache__/base_relacion_articulos_factura.cpython-313.pyc",4628,"copia_anidada_del_proyecto"
"Proyecto Host IA 3.0/Proyecto Host IA 3.0/Proyecto Host IA 3.0/SERVICIOS/__pycache__/buscador_articulos_parecidos.cpython-313.pyc",11196,"copia_anidada_del_proyecto"
"Proyecto Host IA 3.0/Proyecto Host IA 3.0/Proyecto Host IA 3.0/SERVICIOS/__pycache__/cierre_escandallos_inteligentes.cpython-313.pyc",11446,"copia_anidada_del_proyecto"
"Proyecto Host IA 3.0/Proyecto Host IA 3.0/Proyecto Host IA 3.0/SERVICIOS/__pycache__/cierre_gestion_inteligente_stock.cpython-313.pyc",9542,"copia_anidada_del_proyecto"
"Proyecto Host IA 3.0/Proyecto Host IA 3.0/Proyecto Host IA 3.0/SERVICIOS/__pycache__/cierre_ia_conversacional_308.cpython-313.pyc",5446,"copia_anidada_del_proyecto"
"Proyecto Host IA 3.0/Proyecto Host IA 3.0/Proyecto Host IA 3.0/SERVICIOS/__pycache__/cierre_importador_universal.cpython-313.pyc",5008,"copia_anidada_del_proyecto"
"Proyecto Host IA 3.0/Proyecto Host IA 3.0/Proyecto Host IA 3.0/SERVICIOS/__pycache__/cierre_inteligencia_compras.cpython-313.pyc",7740,"copia_anidada_del_proyecto"
"Proyecto Host IA 3.0/Proyecto Host IA 3.0/Proyecto Host IA 3.0/SERVICIOS/__pycache__/cierre_inteligente_produccion.cpython-313.pyc",14160,"copia_anidada_del_proyecto"
"Proyecto Host IA 3.0/Proyecto Host IA 3.0/Proyecto Host IA 3.0/SERVICIOS/__pycache__/comparador_historico_escandallos.cpython-313.pyc",11245,"copia_anidada_del_proyecto"
"Proyecto Host IA 3.0/Proyecto Host IA 3.0/Proyecto Host IA 3.0/SERVICIOS/__pycache__/comparador_inteligente_proveedores.cpython-313.pyc",8666,"copia_anidada_del_proyecto"
"Proyecto Host IA 3.0/Proyecto Host IA 3.0/Proyecto Host IA 3.0/SERVICIOS/__pycache__/comparador_proveedores_precios.cpython-313.pyc",5213,"copia_anidada_del_proyecto"
"Proyecto Host IA 3.0/Proyecto Host IA 3.0/Proyecto Host IA 3.0/SERVICIOS/__pycache__/control_ejecucion_produccion.cpython-313.pyc",10570,"copia_anidada_del_proyecto"
"Proyecto Host IA 3.0/Proyecto Host IA 3.0/Proyecto Host IA 3.0/SERVICIOS/__pycache__/control_inteligente_movimientos_stock.cpython-313.pyc",6870,"copia_anidada_del_proyecto"
"Proyecto Host IA 3.0/Proyecto Host IA 3.0/Proyecto Host IA 3.0/SERVICIOS/__pycache__/detector_anomalias_compras.cpython-313.pyc",17241,"copia_anidada_del_proyecto"
"Proyecto Host IA 3.0/Proyecto Host IA 3.0/Proyecto Host IA 3.0/SERVICIOS/__pycache__/detector_campos_linea_factura.cpython-313.pyc",9453,"copia_anidada_del_proyecto"
"Proyecto Host IA 3.0/Proyecto Host IA 3.0/Proyecto Host IA 3.0/SERVICIOS/__pycache__/detector_documentos_excel.cpython-313.pyc",11374,"copia_anidada_del_proyecto"
"Proyecto Host IA 3.0/Proyecto Host IA 3.0/Proyecto Host IA 3.0/SERVICIOS/__pycache__/detector_proveedores_pdf.cpython-313.pyc",15143,"copia_anidada_del_proyecto"
"Proyecto Host IA 3.0/Proyecto Host IA 3.0/Proyecto Host IA 3.0/SERVICIOS/__pycache__/ejecutor_importador_universal_facturas.cpython-313.pyc",5271,"copia_anidada_del_proyecto"
"Proyecto Host IA 3.0/Proyecto Host IA 3.0/Proyecto Host IA 3.0/SERVICIOS/__pycache__/generador_inteligente_respuestas.cpython-313.pyc",6204,"copia_anidada_del_proyecto"
"Proyecto Host IA 3.0/Proyecto Host IA 3.0/Proyecto Host IA 3.0/SERVICIOS/__pycache__/historico_inteligente_precios.cpython-313.pyc",8461,"copia_anidada_del_proyecto"
"Proyecto Host IA 3.0/Proyecto Host IA 3.0/Proyecto Host IA 3.0/SERVICIOS/__pycache__/historico_inteligente_stock.cpython-313.pyc",9258,"copia_anidada_del_proyecto"
"Proyecto Host IA 3.0/Proyecto Host IA 3.0/Proyecto Host IA 3.0/SERVICIOS/__pycache__/importador_articulos_excel.cpython-313.pyc",11946,"copia_anidada_del_proyecto"
"Proyecto Host IA 3.0/Proyecto Host IA 3.0/Proyecto Host IA 3.0/SERVICIOS/__pycache__/importador_escandallos_excel.cpython-313.pyc",11599,"copia_anidada_del_proyecto"
"Proyecto Host IA 3.0/Proyecto Host IA 3.0/Proyecto Host IA 3.0/SERVICIOS/__pycache__/importador_inventario_excel.cpython-313.pyc",16073,"copia_anidada_del_proyecto"
"Proyecto Host IA 3.0/Proyecto Host IA 3.0/Proyecto Host IA 3.0/SERVICIOS/__pycache__/lector_completo_lineas_factura.cpython-313.pyc",6076,"copia_anidada_del_proyecto"
"Proyecto Host IA 3.0/Proyecto Host IA 3.0/Proyecto Host IA 3.0/SERVICIOS/__pycache__/lector_excel.cpython-313.pyc",11033,"copia_anidada_del_proyecto"
"Proyecto Host IA 3.0/Proyecto Host IA 3.0/Proyecto Host IA 3.0/SERVICIOS/__pycache__/lector_facturas_con_ocr.cpython-313.pyc",5689,"copia_anidada_del_proyecto"
"Proyecto Host IA 3.0/Proyecto Host IA 3.0/Proyecto Host IA 3.0/SERVICIOS/__pycache__/lector_pdf_facturas.cpython-313.pyc",11640,"copia_anidada_del_proyecto"
"Proyecto Host IA 3.0/Proyecto Host IA 3.0/Proyecto Host IA 3.0/SERVICIOS/__pycache__/mapeador_columnas_excel.cpython-313.pyc",13670,"copia_anidada_del_proyecto"
"Proyecto Host IA 3.0/Proyecto Host IA 3.0/Proyecto Host IA 3.0/SERVICIOS/__pycache__/memoria_conversacional_308.cpython-313.pyc",10255,"copia_anidada_del_proyecto"
"Proyecto Host IA 3.0/Proyecto Host IA 3.0/Proyecto Host IA 3.0/SERVICIOS/__pycache__/motor_alertas_escandallos.cpython-313.pyc",8657,"copia_anidada_del_proyecto"
"Proyecto Host IA 3.0/Proyecto Host IA 3.0/Proyecto Host IA 3.0/SERVICIOS/__pycache__/motor_alertas_produccion.cpython-313.pyc",9542,"copia_anidada_del_proyecto"
"Proyecto Host IA 3.0/Proyecto Host IA 3.0/Proyecto Host IA 3.0/SERVICIOS/__pycache__/motor_alertas_stock.cpython-313.pyc",10918,"copia_anidada_del_proyecto"
"Proyecto Host IA 3.0/Proyecto Host IA 3.0/Proyecto Host IA 3.0/SERVICIOS/__pycache__/motor_conversacional_308.cpython-313.pyc",7888,"copia_anidada_del_proyecto"
"Proyecto Host IA 3.0/Proyecto Host IA 3.0/Proyecto Host IA 3.0/SERVICIOS/__pycache__/motor_inteligente_pedidos.cpython-313.pyc",11214,"copia_anidada_del_proyecto"
"Proyecto Host IA 3.0/Proyecto Host IA 3.0/Proyecto Host IA 3.0/SERVICIOS/__pycache__/motor_ocr_simulado.cpython-313.pyc",5817,"copia_anidada_del_proyecto"
"Proyecto Host IA 3.0/Proyecto Host IA 3.0/Proyecto Host IA 3.0/SERVICIOS/__pycache__/motor_optimizacion_carta.cpython-313.pyc",16401,"copia_anidada_del_proyecto"
"Proyecto Host IA 3.0/Proyecto Host IA 3.0/Proyecto Host IA 3.0/SERVICIOS/__pycache__/motor_recomendaciones_compras.cpython-313.pyc",3879,"copia_anidada_del_proyecto"
"Proyecto Host IA 3.0/Proyecto Host IA 3.0/Proyecto Host IA 3.0/SERVICIOS/__pycache__/optimizador_inteligente_produccion.cpython-313.pyc",20649,"copia_anidada_del_proyecto"
"Proyecto Host IA 3.0/Proyecto Host IA 3.0/Proyecto Host IA 3.0/SERVICIOS/__pycache__/optimizador_inteligente_recetas.cpython-313.pyc",9162,"copia_anidada_del_proyecto"
"Proyecto Host IA 3.0/Proyecto Host IA 3.0/Proyecto Host IA 3.0/SERVICIOS/__pycache__/optimizador_stock.cpython-313.pyc",10422,"copia_anidada_del_proyecto"
"Proyecto Host IA 3.0/Proyecto Host IA 3.0/Proyecto Host IA 3.0/SERVICIOS/__pycache__/parser_lineas_factura.cpython-313.pyc",11937,"copia_anidada_del_proyecto"
"Proyecto Host IA 3.0/Proyecto Host IA 3.0/Proyecto Host IA 3.0/SERVICIOS/__pycache__/planificador_inteligente_produccion.cpython-313.pyc",12666,"copia_anidada_del_proyecto"
"Proyecto Host IA 3.0/Proyecto Host IA 3.0/Proyecto Host IA 3.0/SERVICIOS/__pycache__/prediccion_inteligente_precios.cpython-313.pyc",7376,"copia_anidada_del_proyecto"
"Proyecto Host IA 3.0/Proyecto Host IA 3.0/Proyecto Host IA 3.0/SERVICIOS/__pycache__/prediccion_inteligente_rentabilidad.cpython-313.pyc",10710,"copia_anidada_del_proyecto"
"Proyecto Host IA 3.0/Proyecto Host IA 3.0/Proyecto Host IA 3.0/SERVICIOS/__pycache__/prediccion_necesidades_stock.cpython-313.pyc",12922,"copia_anidada_del_proyecto"
"Proyecto Host IA 3.0/Proyecto Host IA 3.0/Proyecto Host IA 3.0/SERVICIOS/__pycache__/prediccion_roturas_stock.cpython-313.pyc",6328,"copia_anidada_del_proyecto"
"Proyecto Host IA 3.0/Proyecto Host IA 3.0/Proyecto Host IA 3.0/SERVICIOS/__pycache__/reconciliador_inteligente_stock.cpython-313.pyc",10636,"copia_anidada_del_proyecto"
"Proyecto Host IA 3.0/Proyecto Host IA 3.0/Proyecto Host IA 3.0/SERVICIOS/__pycache__/reconciliador_stock_factura.cpython-313.pyc",5303,"copia_anidada_del_proyecto"
"Proyecto Host IA 3.0/Proyecto Host IA 3.0/Proyecto Host IA 3.0/SERVICIOS/__pycache__/relacionador_automatico_articulos_factura.cpython-313.pyc",11113,"copia_anidada_del_proyecto"
"Proyecto Host IA 3.0/Proyecto Host IA 3.0/Proyecto Host IA 3.0/SERVICIOS/__pycache__/replanificador_inteligente_produccion.cpython-313.pyc",11749,"copia_anidada_del_proyecto"
"Proyecto Host IA 3.0/Proyecto Host IA 3.0/Proyecto Host IA 3.0/SERVICIOS/__pycache__/resolutor_conflictos_excel.cpython-313.pyc",16532,"copia_anidada_del_proyecto"
"Proyecto Host IA 3.0/Proyecto Host IA 3.0/Proyecto Host IA 3.0/SERVICIOS/__pycache__/resumen_ejecutivo_importaciones.cpython-313.pyc",6441,"copia_anidada_del_proyecto"
"Proyecto Host IA 3.0/Proyecto Host IA 3.0/Proyecto Host IA 3.0/SERVICIOS/__pycache__/selector_inteligente_motores.cpython-313.pyc",5990,"copia_anidada_del_proyecto"
"Proyecto Host IA 3.0/Proyecto Host IA 3.0/Proyecto Host IA 3.0/SERVICIOS/__pycache__/simulador_costes_escandallos.cpython-313.pyc",9188,"copia_anidada_del_proyecto"
"Proyecto Host IA 3.0/Proyecto Host IA 3.0/Proyecto Host IA 3.0/SERVICIOS/__pycache__/stock_por_ubicaciones.cpython-313.pyc",11426,"copia_anidada_del_proyecto"
"Proyecto Host IA 3.0/Proyecto Host IA 3.0/Proyecto Host IA 3.0/SERVICIOS/__pycache__/validador_corrector_ocr.cpython-313.pyc",4912,"copia_anidada_del_proyecto"
"Proyecto Host IA 3.0/Proyecto Host IA 3.0/Proyecto Host IA 3.0/SERVICIOS/__pycache__/validador_lineas_factura.cpython-313.pyc",11391,"copia_anidada_del_proyecto"
"Proyecto Host IA 3.0/Proyecto Host IA 3.0/Proyecto Host IA 3.0/SERVICIOS/__pycache__/validador_relaciones_articulos_factura.cpython-313.pyc",6357,"copia_anidada_del_proyecto"
"Proyecto Host IA 3.0/Proyecto Host IA 3.0/Proyecto Host IA 3.0/SERVICIOS/__pycache__/__init__.cpython-313.pyc",141,"copia_anidada_del_proyecto"
"Proyecto Host IA 3.0/Proyecto Host IA 3.0/Proyecto Host IA 3.0/PIPELINES/__pycache__/base_pipeline.cpython-313.pyc",2342,"copia_anidada_del_proyecto"
"Proyecto Host IA 3.0/Proyecto Host IA 3.0/Proyecto Host IA 3.0/PIPELINES/__pycache__/pipeline_actualizador_inteligente_precios_factura.cpython-313.pyc",3313,"copia_anidada_del_proyecto"
"Proyecto Host IA 3.0/Proyecto Host IA 3.0/Proyecto Host IA 3.0/PIPELINES/__pycache__/pipeline_actualizador_inteligente_stock_factura.cpython-313.pyc",3646,"copia_anidada_del_proyecto"
"Proyecto Host IA 3.0/Proyecto Host IA 3.0/Proyecto Host IA 3.0/PIPELINES/__pycache__/pipeline_alertas_inteligentes_precios.cpython-313.pyc",2721,"copia_anidada_del_proyecto"
"Proyecto Host IA 3.0/Proyecto Host IA 3.0/Proyecto Host IA 3.0/PIPELINES/__pycache__/pipeline_alertas_inteligentes_stock.cpython-313.pyc",2944,"copia_anidada_del_proyecto"
"Proyecto Host IA 3.0/Proyecto Host IA 3.0/Proyecto Host IA 3.0/PIPELINES/__pycache__/pipeline_analizador_inteligente_compras.cpython-313.pyc",2093,"copia_anidada_del_proyecto"
"Proyecto Host IA 3.0/Proyecto Host IA 3.0/Proyecto Host IA 3.0/PIPELINES/__pycache__/pipeline_analizador_inteligente_escandallos.cpython-313.pyc",2332,"copia_anidada_del_proyecto"
"Proyecto Host IA 3.0/Proyecto Host IA 3.0/Proyecto Host IA 3.0/PIPELINES/__pycache__/pipeline_analizador_inteligente_produccion.cpython-313.pyc",2312,"copia_anidada_del_proyecto"
"Proyecto Host IA 3.0/Proyecto Host IA 3.0/Proyecto Host IA 3.0/PIPELINES/__pycache__/pipeline_analizador_inteligente_stock.cpython-313.pyc",2134,"copia_anidada_del_proyecto"
"Proyecto Host IA 3.0/Proyecto Host IA 3.0/Proyecto Host IA 3.0/PIPELINES/__pycache__/pipeline_analizador_lenguaje_natural.cpython-313.pyc",2175,"copia_anidada_del_proyecto"
"Proyecto Host IA 3.0/Proyecto Host IA 3.0/Proyecto Host IA 3.0/PIPELINES/__pycache__/pipeline_aprendizaje_relacion_proveedor.cpython-313.pyc",3720,"copia_anidada_del_proyecto"
"Proyecto Host IA 3.0/Proyecto Host IA 3.0/Proyecto Host IA 3.0/PIPELINES/__pycache__/pipeline_asignador_recursos_produccion.cpython-313.pyc",2355,"copia_anidada_del_proyecto"
"Proyecto Host IA 3.0/Proyecto Host IA 3.0/Proyecto Host IA 3.0/PIPELINES/__pycache__/pipeline_asistente_conversacional.cpython-313.pyc",2816,"copia_anidada_del_proyecto"
"Proyecto Host IA 3.0/Proyecto Host IA 3.0/Proyecto Host IA 3.0/PIPELINES/__pycache__/pipeline_asistente_importacion_excel.cpython-313.pyc",2998,"copia_anidada_del_proyecto"
"Proyecto Host IA 3.0/Proyecto Host IA 3.0/Proyecto Host IA 3.0/PIPELINES/__pycache__/pipeline_asistente_inteligente_host_ai_308.cpython-313.pyc",2502,"copia_anidada_del_proyecto"
"Proyecto Host IA 3.0/Proyecto Host IA 3.0/Proyecto Host IA 3.0/PIPELINES/__pycache__/pipeline_auditoria_importaciones_universales.cpython-313.pyc",2601,"copia_anidada_del_proyecto"
"Proyecto Host IA 3.0/Proyecto Host IA 3.0/Proyecto Host IA 3.0/PIPELINES/__pycache__/pipeline_auditoria_tecnica_host_ai_351.cpython-313.pyc",2312,"copia_anidada_del_proyecto"
"Proyecto Host IA 3.0/Proyecto Host IA 3.0/Proyecto Host IA 3.0/PIPELINES/__pycache__/pipeline_automatizador_inteligente_308.cpython-313.pyc",2770,"copia_anidada_del_proyecto"
"Proyecto Host IA 3.0/Proyecto Host IA 3.0/Proyecto Host IA 3.0/PIPELINES/__pycache__/pipeline_base_actualizacion_precios_factura.cpython-313.pyc",2704,"copia_anidada_del_proyecto"
"Proyecto Host IA 3.0/Proyecto Host IA 3.0/Proyecto Host IA 3.0/PIPELINES/__pycache__/pipeline_base_actualizacion_stock_factura.cpython-313.pyc",2621,"copia_anidada_del_proyecto"
"Proyecto Host IA 3.0/Proyecto Host IA 3.0/Proyecto Host IA 3.0/PIPELINES/__pycache__/pipeline_base_importador_universal_facturas.cpython-313.pyc",2658,"copia_anidada_del_proyecto"
"Proyecto Host IA 3.0/Proyecto Host IA 3.0/Proyecto Host IA 3.0/PIPELINES/__pycache__/pipeline_base_lineas_factura.cpython-313.pyc",2729,"copia_anidada_del_proyecto"
"Proyecto Host IA 3.0/Proyecto Host IA 3.0/Proyecto Host IA 3.0/PIPELINES/__pycache__/pipeline_base_ocr_documentos.cpython-313.pyc",2494,"copia_anidada_del_proyecto"
"Proyecto Host IA 3.0/Proyecto Host IA 3.0/Proyecto Host IA 3.0/PIPELINES/__pycache__/pipeline_base_relacion_articulos_factura.cpython-313.pyc",2745,"copia_anidada_del_proyecto"
"Proyecto Host IA 3.0/Proyecto Host IA 3.0/Proyecto Host IA 3.0/PIPELINES/__pycache__/pipeline_buscador_articulos_parecidos.cpython-313.pyc",2931,"copia_anidada_del_proyecto"
"Proyecto Host IA 3.0/Proyecto Host IA 3.0/Proyecto Host IA 3.0/PIPELINES/__pycache__/pipeline_cierre_escandallos_inteligentes.cpython-313.pyc",2386,"copia_anidada_del_proyecto"
"Proyecto Host IA 3.0/Proyecto Host IA 3.0/Proyecto Host IA 3.0/PIPELINES/__pycache__/pipeline_cierre_gestion_inteligente_stock.cpython-313.pyc",2119,"copia_anidada_del_proyecto"
"Proyecto Host IA 3.0/Proyecto Host IA 3.0/Proyecto Host IA 3.0/PIPELINES/__pycache__/pipeline_cierre_ia_conversacional_308.cpython-313.pyc",2240,"copia_anidada_del_proyecto"
"Proyecto Host IA 3.0/Proyecto Host IA 3.0/Proyecto Host IA 3.0/PIPELINES/__pycache__/pipeline_cierre_importador_universal.cpython-313.pyc",2237,"copia_anidada_del_proyecto"
"Proyecto Host IA 3.0/Proyecto Host IA 3.0/Proyecto Host IA 3.0/PIPELINES/__pycache__/pipeline_cierre_inteligencia_compras.cpython-313.pyc",2207,"copia_anidada_del_proyecto"
"Proyecto Host IA 3.0/Proyecto Host IA 3.0/Proyecto Host IA 3.0/PIPELINES/__pycache__/pipeline_cierre_inteligente_produccion.cpython-313.pyc",2606,"copia_anidada_del_proyecto"
"Proyecto Host IA 3.0/Proyecto Host IA 3.0/Proyecto Host IA 3.0/PIPELINES/__pycache__/pipeline_comparador_historico_escandallos.cpython-313.pyc",2406,"copia_anidada_del_proyecto"
"Proyecto Host IA 3.0/Proyecto Host IA 3.0/Proyecto Host IA 3.0/PIPELINES/__pycache__/pipeline_comparador_inteligente_proveedores.cpython-313.pyc",2498,"copia_anidada_del_proyecto"
"Proyecto Host IA 3.0/Proyecto Host IA 3.0/Proyecto Host IA 3.0/PIPELINES/__pycache__/pipeline_comparador_proveedores_precios.cpython-313.pyc",2488,"copia_anidada_del_proyecto"
"Proyecto Host IA 3.0/Proyecto Host IA 3.0/Proyecto Host IA 3.0/PIPELINES/__pycache__/pipeline_compras.cpython-313.pyc",3564,"copia_anidada_del_proyecto"
"Proyecto Host IA 3.0/Proyecto Host IA 3.0/Proyecto Host IA 3.0/PIPELINES/__pycache__/pipeline_conflictos_excel.cpython-313.pyc",2780,"copia_anidada_del_proyecto"
"Proyecto Host IA 3.0/Proyecto Host IA 3.0/Proyecto Host IA 3.0/PIPELINES/__pycache__/pipeline_control_ejecucion_produccion.cpython-313.pyc",2327,"copia_anidada_del_proyecto"
"Proyecto Host IA 3.0/Proyecto Host IA 3.0/Proyecto Host IA 3.0/PIPELINES/__pycache__/pipeline_control_inteligente_movimientos_stock.cpython-313.pyc",2080,"copia_anidada_del_proyecto"
"Proyecto Host IA 3.0/Proyecto Host IA 3.0/Proyecto Host IA 3.0/PIPELINES/__pycache__/pipeline_costes.cpython-313.pyc",4682,"copia_anidada_del_proyecto"
"Proyecto Host IA 3.0/Proyecto Host IA 3.0/Proyecto Host IA 3.0/PIPELINES/__pycache__/pipeline_detector_anomalias_compras.cpython-313.pyc",2117,"copia_anidada_del_proyecto"
"Proyecto Host IA 3.0/Proyecto Host IA 3.0/Proyecto Host IA 3.0/PIPELINES/__pycache__/pipeline_detector_campos_linea_factura.cpython-313.pyc",2525,"copia_anidada_del_proyecto"
"Proyecto Host IA 3.0/Proyecto Host IA 3.0/Proyecto Host IA 3.0/PIPELINES/__pycache__/pipeline_detector_excel.cpython-313.pyc",2683,"copia_anidada_del_proyecto"
"Proyecto Host IA 3.0/Proyecto Host IA 3.0/Proyecto Host IA 3.0/PIPELINES/__pycache__/pipeline_ejecutor_importador_universal_facturas.cpython-313.pyc",2908,"copia_anidada_del_proyecto"
"Proyecto Host IA 3.0/Proyecto Host IA 3.0/Proyecto Host IA 3.0/PIPELINES/__pycache__/pipeline_escandallos.cpython-313.pyc",3643,"copia_anidada_del_proyecto"
"Proyecto Host IA 3.0/Proyecto Host IA 3.0/Proyecto Host IA 3.0/PIPELINES/__pycache__/pipeline_evento.cpython-313.pyc",4590,"copia_anidada_del_proyecto"
"Proyecto Host IA 3.0/Proyecto Host IA 3.0/Proyecto Host IA 3.0/PIPELINES/__pycache__/pipeline_evento_api.cpython-313.pyc",9012,"copia_anidada_del_proyecto"
"Proyecto Host IA 3.0/Proyecto Host IA 3.0/Proyecto Host IA 3.0/PIPELINES/__pycache__/pipeline_excel.cpython-313.pyc",2309,"copia_anidada_del_proyecto"
"Proyecto Host IA 3.0/Proyecto Host IA 3.0/Proyecto Host IA 3.0/PIPELINES/__pycache__/pipeline_generador_inteligente_respuestas.cpython-313.pyc",2420,"copia_anidada_del_proyecto"
"Proyecto Host IA 3.0/Proyecto Host IA 3.0/Proyecto Host IA 3.0/PIPELINES/__pycache__/pipeline_historico_inteligente_precios.cpython-313.pyc",3334,"copia_anidada_del_proyecto"
"Proyecto Host IA 3.0/Proyecto Host IA 3.0/Proyecto Host IA 3.0/PIPELINES/__pycache__/pipeline_historico_inteligente_stock.cpython-313.pyc",3331,"copia_anidada_del_proyecto"
"Proyecto Host IA 3.0/Proyecto Host IA 3.0/Proyecto Host IA 3.0/PIPELINES/__pycache__/pipeline_ia_culinaria.cpython-313.pyc",3847,"copia_anidada_del_proyecto"
"Proyecto Host IA 3.0/Proyecto Host IA 3.0/Proyecto Host IA 3.0/PIPELINES/__pycache__/pipeline_importador_articulos_excel.cpython-313.pyc",2825,"copia_anidada_del_proyecto"
"Proyecto Host IA 3.0/Proyecto Host IA 3.0/Proyecto Host IA 3.0/PIPELINES/__pycache__/pipeline_importador_escandallos_excel.cpython-313.pyc",2511,"copia_anidada_del_proyecto"
"Proyecto Host IA 3.0/Proyecto Host IA 3.0/Proyecto Host IA 3.0/PIPELINES/__pycache__/pipeline_importador_inventario_excel.cpython-313.pyc",2986,"copia_anidada_del_proyecto"
"Proyecto Host IA 3.0/Proyecto Host IA 3.0/Proyecto Host IA 3.0/PIPELINES/__pycache__/pipeline_lector_completo_lineas_factura.cpython-313.pyc",3193,"copia_anidada_del_proyecto"
"Proyecto Host IA 3.0/Proyecto Host IA 3.0/Proyecto Host IA 3.0/PIPELINES/__pycache__/pipeline_lector_facturas_con_ocr.cpython-313.pyc",2824,"copia_anidada_del_proyecto"
"Proyecto Host IA 3.0/Proyecto Host IA 3.0/Proyecto Host IA 3.0/PIPELINES/__pycache__/pipeline_mapeador_columnas_excel.cpython-313.pyc",3854,"copia_anidada_del_proyecto"
"Proyecto Host IA 3.0/Proyecto Host IA 3.0/Proyecto Host IA 3.0/PIPELINES/__pycache__/pipeline_memoria_conversacional_308.cpython-313.pyc",3181,"copia_anidada_del_proyecto"
"Proyecto Host IA 3.0/Proyecto Host IA 3.0/Proyecto Host IA 3.0/PIPELINES/__pycache__/pipeline_motor_alertas_escandallos.cpython-313.pyc",2165,"copia_anidada_del_proyecto"
"Proyecto Host IA 3.0/Proyecto Host IA 3.0/Proyecto Host IA 3.0/PIPELINES/__pycache__/pipeline_motor_alertas_produccion.cpython-313.pyc",2256,"copia_anidada_del_proyecto"
"Proyecto Host IA 3.0/Proyecto Host IA 3.0/Proyecto Host IA 3.0/PIPELINES/__pycache__/pipeline_motor_alertas_stock.cpython-313.pyc",2622,"copia_anidada_del_proyecto"
"Proyecto Host IA 3.0/Proyecto Host IA 3.0/Proyecto Host IA 3.0/PIPELINES/__pycache__/pipeline_motor_conversacional_308.cpython-313.pyc",2937,"copia_anidada_del_proyecto"
"Proyecto Host IA 3.0/Proyecto Host IA 3.0/Proyecto Host IA 3.0/PIPELINES/__pycache__/pipeline_motor_inteligente_pedidos.cpython-313.pyc",2770,"copia_anidada_del_proyecto"
"Proyecto Host IA 3.0/Proyecto Host IA 3.0/Proyecto Host IA 3.0/PIPELINES/__pycache__/pipeline_motor_ocr_simulado.cpython-313.pyc",2584,"copia_anidada_del_proyecto"
"Proyecto Host IA 3.0/Proyecto Host IA 3.0/Proyecto Host IA 3.0/PIPELINES/__pycache__/pipeline_motor_optimizacion_carta.cpython-313.pyc",2361,"copia_anidada_del_proyecto"
"Proyecto Host IA 3.0/Proyecto Host IA 3.0/Proyecto Host IA 3.0/PIPELINES/__pycache__/pipeline_motor_recomendaciones_compras.cpython-313.pyc",1926,"copia_anidada_del_proyecto"
"Proyecto Host IA 3.0/Proyecto Host IA 3.0/Proyecto Host IA 3.0/PIPELINES/__pycache__/pipeline_optimizador_inteligente_produccion.cpython-313.pyc",2439,"copia_anidada_del_proyecto"
"Proyecto Host IA 3.0/Proyecto Host IA 3.0/Proyecto Host IA 3.0/PIPELINES/__pycache__/pipeline_optimizador_inteligente_recetas.cpython-313.pyc",2408,"copia_anidada_del_proyecto"
"Proyecto Host IA 3.0/Proyecto Host IA 3.0/Proyecto Host IA 3.0/PIPELINES/__pycache__/pipeline_optimizador_stock.cpython-313.pyc",2090,"copia_anidada_del_proyecto"
"Proyecto Host IA 3.0/Proyecto Host IA 3.0/Proyecto Host IA 3.0/PIPELINES/__pycache__/pipeline_parser_lineas_factura.cpython-313.pyc",2915,"copia_anidada_del_proyecto"
"Proyecto Host IA 3.0/Proyecto Host IA 3.0/Proyecto Host IA 3.0/PIPELINES/__pycache__/pipeline_pdf_facturas.cpython-313.pyc",2917,"copia_anidada_del_proyecto"
"Proyecto Host IA 3.0/Proyecto Host IA 3.0/Proyecto Host IA 3.0/PIPELINES/__pycache__/pipeline_persistencia.cpython-313.pyc",2538,"copia_anidada_del_proyecto"
"Proyecto Host IA 3.0/Proyecto Host IA 3.0/Proyecto Host IA 3.0/PIPELINES/__pycache__/pipeline_planificador_inteligente_produccion.cpython-313.pyc",2436,"copia_anidada_del_proyecto"
"Proyecto Host IA 3.0/Proyecto Host IA 3.0/Proyecto Host IA 3.0/PIPELINES/__pycache__/pipeline_prediccion_inteligente_precios.cpython-313.pyc",2573,"copia_anidada_del_proyecto"
"Proyecto Host IA 3.0/Proyecto Host IA 3.0/Proyecto Host IA 3.0/PIPELINES/__pycache__/pipeline_prediccion_inteligente_rentabilidad.cpython-313.pyc",2391,"copia_anidada_del_proyecto"
"Proyecto Host IA 3.0/Proyecto Host IA 3.0/Proyecto Host IA 3.0/PIPELINES/__pycache__/pipeline_prediccion_necesidades_stock.cpython-313.pyc",2289,"copia_anidada_del_proyecto"
"Proyecto Host IA 3.0/Proyecto Host IA 3.0/Proyecto Host IA 3.0/PIPELINES/__pycache__/pipeline_prediccion_roturas_stock.cpython-313.pyc",2555,"copia_anidada_del_proyecto"
"Proyecto Host IA 3.0/Proyecto Host IA 3.0/Proyecto Host IA 3.0/PIPELINES/__pycache__/pipeline_produccion_completa.cpython-313.pyc",2915,"copia_anidada_del_proyecto"
"Proyecto Host IA 3.0/Proyecto Host IA 3.0/Proyecto Host IA 3.0/PIPELINES/__pycache__/pipeline_produccion_real.cpython-313.pyc",3315,"copia_anidada_del_proyecto"
"Proyecto Host IA 3.0/Proyecto Host IA 3.0/Proyecto Host IA 3.0/PIPELINES/__pycache__/pipeline_proveedores_pdf.cpython-313.pyc",3748,"copia_anidada_del_proyecto"
"Proyecto Host IA 3.0/Proyecto Host IA 3.0/Proyecto Host IA 3.0/PIPELINES/__pycache__/pipeline_reconciliador_inteligente_stock.cpython-313.pyc",2212,"copia_anidada_del_proyecto"
"Proyecto Host IA 3.0/Proyecto Host IA 3.0/Proyecto Host IA 3.0/PIPELINES/__pycache__/pipeline_reconciliador_stock_factura.cpython-313.pyc",2555,"copia_anidada_del_proyecto"
"Proyecto Host IA 3.0/Proyecto Host IA 3.0/Proyecto Host IA 3.0/PIPELINES/__pycache__/pipeline_relacionador_automatico_articulos_factura.cpython-313.pyc",4415,"copia_anidada_del_proyecto"
"Proyecto Host IA 3.0/Proyecto Host IA 3.0/Proyecto Host IA 3.0/PIPELINES/__pycache__/pipeline_replanificador_inteligente_produccion.cpython-313.pyc",2417,"copia_anidada_del_proyecto"
"Proyecto Host IA 3.0/Proyecto Host IA 3.0/Proyecto Host IA 3.0/PIPELINES/__pycache__/pipeline_resumen_ejecutivo_importaciones.cpython-313.pyc",2162,"copia_anidada_del_proyecto"
"Proyecto Host IA 3.0/Proyecto Host IA 3.0/Proyecto Host IA 3.0/PIPELINES/__pycache__/pipeline_selector_inteligente_motores.cpython-313.pyc",2396,"copia_anidada_del_proyecto"
"Proyecto Host IA 3.0/Proyecto Host IA 3.0/Proyecto Host IA 3.0/PIPELINES/__pycache__/pipeline_simulador_costes_escandallos.cpython-313.pyc",2225,"copia_anidada_del_proyecto"
"Proyecto Host IA 3.0/Proyecto Host IA 3.0/Proyecto Host IA 3.0/PIPELINES/__pycache__/pipeline_stock.cpython-313.pyc",5606,"copia_anidada_del_proyecto"
"Proyecto Host IA 3.0/Proyecto Host IA 3.0/Proyecto Host IA 3.0/PIPELINES/__pycache__/pipeline_stock_por_ubicaciones.cpython-313.pyc",3111,"copia_anidada_del_proyecto"
"Proyecto Host IA 3.0/Proyecto Host IA 3.0/Proyecto Host IA 3.0/PIPELINES/__pycache__/pipeline_validador_corrector_ocr.cpython-313.pyc",2430,"copia_anidada_del_proyecto"
"Proyecto Host IA 3.0/Proyecto Host IA 3.0/Proyecto Host IA 3.0/PIPELINES/__pycache__/pipeline_validador_lineas_factura.cpython-313.pyc",4080,"copia_anidada_del_proyecto"
"Proyecto Host IA 3.0/Proyecto Host IA 3.0/Proyecto Host IA 3.0/PIPELINES/__pycache__/pipeline_validador_relaciones_articulos_factura.cpython-313.pyc",3344,"copia_anidada_del_proyecto"
"Proyecto Host IA 3.0/Proyecto Host IA 3.0/Proyecto Host IA 3.0/PIPELINES/__pycache__/__init__.cpython-313.pyc",141,"copia_anidada_del_proyecto"
"Proyecto Host IA 3.0/Proyecto Host IA 3.0/Proyecto Host IA 3.0/MOTORES/__pycache__/motor_asistente_conversacional.cpython-313.pyc",11951,"copia_anidada_del_proyecto"
"Proyecto Host IA 3.0/Proyecto Host IA 3.0/Proyecto Host IA 3.0/MOTORES/__pycache__/motor_compras.cpython-313.pyc",5961,"copia_anidada_del_proyecto"
"Proyecto Host IA 3.0/Proyecto Host IA 3.0/Proyecto Host IA 3.0/MOTORES/__pycache__/motor_costes_inteligente.cpython-313.pyc",16433,"copia_anidada_del_proyecto"
"Proyecto Host IA 3.0/Proyecto Host IA 3.0/Proyecto Host IA 3.0/MOTORES/__pycache__/motor_escandallos_inteligente.cpython-313.pyc",8552,"copia_anidada_del_proyecto"
"Proyecto Host IA 3.0/Proyecto Host IA 3.0/Proyecto Host IA 3.0/MOTORES/__pycache__/motor_eventos.cpython-313.pyc",7308,"copia_anidada_del_proyecto"
"Proyecto Host IA 3.0/Proyecto Host IA 3.0/Proyecto Host IA 3.0/MOTORES/__pycache__/motor_ia_culinaria.cpython-313.pyc",14539,"copia_anidada_del_proyecto"
"Proyecto Host IA 3.0/Proyecto Host IA 3.0/Proyecto Host IA 3.0/MOTORES/__pycache__/motor_memoria_operacional.cpython-313.pyc",1100,"copia_anidada_del_proyecto"
"Proyecto Host IA 3.0/Proyecto Host IA 3.0/Proyecto Host IA 3.0/MOTORES/__pycache__/motor_persistencia.cpython-313.pyc",5984,"copia_anidada_del_proyecto"
"Proyecto Host IA 3.0/Proyecto Host IA 3.0/Proyecto Host IA 3.0/MOTORES/__pycache__/motor_produccion_completa.cpython-313.pyc",7847,"copia_anidada_del_proyecto"
"Proyecto Host IA 3.0/Proyecto Host IA 3.0/Proyecto Host IA 3.0/MOTORES/__pycache__/motor_produccion_real.cpython-313.pyc",13927,"copia_anidada_del_proyecto"
"Proyecto Host IA 3.0/Proyecto Host IA 3.0/Proyecto Host IA 3.0/MOTORES/__pycache__/motor_simulador_produccion_evento.cpython-313.pyc",1590,"copia_anidada_del_proyecto"
"Proyecto Host IA 3.0/Proyecto Host IA 3.0/Proyecto Host IA 3.0/MOTORES/__pycache__/motor_stock.cpython-313.pyc",11112,"copia_anidada_del_proyecto"
"Proyecto Host IA 3.0/Proyecto Host IA 3.0/Proyecto Host IA 3.0/MOTORES/__pycache__/__init__.cpython-313.pyc",139,"copia_anidada_del_proyecto"
"Proyecto Host IA 3.0/Proyecto Host IA 3.0/Proyecto Host IA 3.0/MODELOS/__pycache__/actualizacion_precios_factura.cpython-313.pyc",5855,"copia_anidada_del_proyecto"
"Proyecto Host IA 3.0/Proyecto Host IA 3.0/Proyecto Host IA 3.0/MODELOS/__pycache__/actualizacion_stock_factura.cpython-313.pyc",5737,"copia_anidada_del_proyecto"
"Proyecto Host IA 3.0/Proyecto Host IA 3.0/Proyecto Host IA 3.0/MODELOS/__pycache__/alertas_inteligentes_stock_305.cpython-313.pyc",2950,"copia_anidada_del_proyecto"
"Proyecto Host IA 3.0/Proyecto Host IA 3.0/Proyecto Host IA 3.0/MODELOS/__pycache__/alertas_precios.cpython-313.pyc",2179,"copia_anidada_del_proyecto"
"Proyecto Host IA 3.0/Proyecto Host IA 3.0/Proyecto Host IA 3.0/MODELOS/__pycache__/alertas_produccion_306.cpython-313.pyc",1736,"copia_anidada_del_proyecto"
"Proyecto Host IA 3.0/Proyecto Host IA 3.0/Proyecto Host IA 3.0/MODELOS/__pycache__/alertas_stock.cpython-313.pyc",2092,"copia_anidada_del_proyecto"
"Proyecto Host IA 3.0/Proyecto Host IA 3.0/Proyecto Host IA 3.0/MODELOS/__pycache__/analisis_compras.cpython-313.pyc",2466,"copia_anidada_del_proyecto"
"Proyecto Host IA 3.0/Proyecto Host IA 3.0/Proyecto Host IA 3.0/MODELOS/__pycache__/analisis_inteligente_stock.cpython-313.pyc",3506,"copia_anidada_del_proyecto"
"Proyecto Host IA 3.0/Proyecto Host IA 3.0/Proyecto Host IA 3.0/MODELOS/__pycache__/analisis_produccion_306.cpython-313.pyc",2373,"copia_anidada_del_proyecto"
"Proyecto Host IA 3.0/Proyecto Host IA 3.0/Proyecto Host IA 3.0/MODELOS/__pycache__/anomalias_compras.cpython-313.pyc",3037,"copia_anidada_del_proyecto"
"Proyecto Host IA 3.0/Proyecto Host IA 3.0/Proyecto Host IA 3.0/MODELOS/__pycache__/api_interna.cpython-313.pyc",2938,"copia_anidada_del_proyecto"
"Proyecto Host IA 3.0/Proyecto Host IA 3.0/Proyecto Host IA 3.0/MODELOS/__pycache__/asistente_conversacional.cpython-313.pyc",3223,"copia_anidada_del_proyecto"
"Proyecto Host IA 3.0/Proyecto Host IA 3.0/Proyecto Host IA 3.0/MODELOS/__pycache__/asistente_importacion_excel.cpython-313.pyc",2949,"copia_anidada_del_proyecto"
"Proyecto Host IA 3.0/Proyecto Host IA 3.0/Proyecto Host IA 3.0/MODELOS/__pycache__/auditoria_host_ai_351.cpython-313.pyc",1168,"copia_anidada_del_proyecto"
"Proyecto Host IA 3.0/Proyecto Host IA 3.0/Proyecto Host IA 3.0/MODELOS/__pycache__/auditoria_importaciones.cpython-313.pyc",2399,"copia_anidada_del_proyecto"
"Proyecto Host IA 3.0/Proyecto Host IA 3.0/Proyecto Host IA 3.0/MODELOS/__pycache__/cierre_gestion_stock.cpython-313.pyc",1239,"copia_anidada_del_proyecto"
"Proyecto Host IA 3.0/Proyecto Host IA 3.0/Proyecto Host IA 3.0/MODELOS/__pycache__/cierre_importador_universal.cpython-313.pyc",2353,"copia_anidada_del_proyecto"
"Proyecto Host IA 3.0/Proyecto Host IA 3.0/Proyecto Host IA 3.0/MODELOS/__pycache__/cierre_inteligencia_compras.cpython-313.pyc",3407,"copia_anidada_del_proyecto"
"Proyecto Host IA 3.0/Proyecto Host IA 3.0/Proyecto Host IA 3.0/MODELOS/__pycache__/comparador_proveedores_inteligente.cpython-313.pyc",2912,"copia_anidada_del_proyecto"
"Proyecto Host IA 3.0/Proyecto Host IA 3.0/Proyecto Host IA 3.0/MODELOS/__pycache__/compras.cpython-313.pyc",3444,"copia_anidada_del_proyecto"
"Proyecto Host IA 3.0/Proyecto Host IA 3.0/Proyecto Host IA 3.0/MODELOS/__pycache__/conflictos_excel.cpython-313.pyc",3479,"copia_anidada_del_proyecto"
"Proyecto Host IA 3.0/Proyecto Host IA 3.0/Proyecto Host IA 3.0/MODELOS/__pycache__/control_movimientos_stock_305.cpython-313.pyc",3273,"copia_anidada_del_proyecto"
"Proyecto Host IA 3.0/Proyecto Host IA 3.0/Proyecto Host IA 3.0/MODELOS/__pycache__/costes_inteligentes.cpython-313.pyc",7214,"copia_anidada_del_proyecto"
"Proyecto Host IA 3.0/Proyecto Host IA 3.0/Proyecto Host IA 3.0/MODELOS/__pycache__/deteccion_excel.cpython-313.pyc",3632,"copia_anidada_del_proyecto"
"Proyecto Host IA 3.0/Proyecto Host IA 3.0/Proyecto Host IA 3.0/MODELOS/__pycache__/ejecucion_produccion_306.cpython-313.pyc",3294,"copia_anidada_del_proyecto"
"Proyecto Host IA 3.0/Proyecto Host IA 3.0/Proyecto Host IA 3.0/MODELOS/__pycache__/escandallos_inteligentes.cpython-313.pyc",6097,"copia_anidada_del_proyecto"
"Proyecto Host IA 3.0/Proyecto Host IA 3.0/Proyecto Host IA 3.0/MODELOS/__pycache__/escandallos_inteligentes_307.cpython-313.pyc",6933,"copia_anidada_del_proyecto"
"Proyecto Host IA 3.0/Proyecto Host IA 3.0/Proyecto Host IA 3.0/MODELOS/__pycache__/excel_importacion.cpython-313.pyc",3823,"copia_anidada_del_proyecto"
"Proyecto Host IA 3.0/Proyecto Host IA 3.0/Proyecto Host IA 3.0/MODELOS/__pycache__/historico_precios.cpython-313.pyc",3118,"copia_anidada_del_proyecto"
"Proyecto Host IA 3.0/Proyecto Host IA 3.0/Proyecto Host IA 3.0/MODELOS/__pycache__/historico_stock.cpython-313.pyc",3061,"copia_anidada_del_proyecto"
"Proyecto Host IA 3.0/Proyecto Host IA 3.0/Proyecto Host IA 3.0/MODELOS/__pycache__/ia_conversacional_308.cpython-313.pyc",7826,"copia_anidada_del_proyecto"
"Proyecto Host IA 3.0/Proyecto Host IA 3.0/Proyecto Host IA 3.0/MODELOS/__pycache__/ia_culinaria.cpython-313.pyc",4415,"copia_anidada_del_proyecto"
"Proyecto Host IA 3.0/Proyecto Host IA 3.0/Proyecto Host IA 3.0/MODELOS/__pycache__/importacion_articulos_excel.cpython-313.pyc",4417,"copia_anidada_del_proyecto"
"Proyecto Host IA 3.0/Proyecto Host IA 3.0/Proyecto Host IA 3.0/MODELOS/__pycache__/importacion_escandallos_excel.cpython-313.pyc",3028,"copia_anidada_del_proyecto"
"Proyecto Host IA 3.0/Proyecto Host IA 3.0/Proyecto Host IA 3.0/MODELOS/__pycache__/importacion_inventario_excel.cpython-313.pyc",4984,"copia_anidada_del_proyecto"
"Proyecto Host IA 3.0/Proyecto Host IA 3.0/Proyecto Host IA 3.0/MODELOS/__pycache__/importacion_universal_facturas.cpython-313.pyc",3688,"copia_anidada_del_proyecto"
"Proyecto Host IA 3.0/Proyecto Host IA 3.0/Proyecto Host IA 3.0/MODELOS/__pycache__/lineas_factura.cpython-313.pyc",6828,"copia_anidada_del_proyecto"
"Proyecto Host IA 3.0/Proyecto Host IA 3.0/Proyecto Host IA 3.0/MODELOS/__pycache__/mapeo_columnas_excel.cpython-313.pyc",4195,"copia_anidada_del_proyecto"
"Proyecto Host IA 3.0/Proyecto Host IA 3.0/Proyecto Host IA 3.0/MODELOS/__pycache__/motor_pedidos_inteligente.cpython-313.pyc",3102,"copia_anidada_del_proyecto"
"Proyecto Host IA 3.0/Proyecto Host IA 3.0/Proyecto Host IA 3.0/MODELOS/__pycache__/ocr_documentos.cpython-313.pyc",2192,"copia_anidada_del_proyecto"
"Proyecto Host IA 3.0/Proyecto Host IA 3.0/Proyecto Host IA 3.0/MODELOS/__pycache__/optimizacion_produccion_306.cpython-313.pyc",3300,"copia_anidada_del_proyecto"
"Proyecto Host IA 3.0/Proyecto Host IA 3.0/Proyecto Host IA 3.0/MODELOS/__pycache__/optimizacion_stock.cpython-313.pyc",1987,"copia_anidada_del_proyecto"
"Proyecto Host IA 3.0/Proyecto Host IA 3.0/Proyecto Host IA 3.0/MODELOS/__pycache__/pdf_facturas.cpython-313.pyc",3506,"copia_anidada_del_proyecto"
"Proyecto Host IA 3.0/Proyecto Host IA 3.0/Proyecto Host IA 3.0/MODELOS/__pycache__/planificacion_produccion_306.cpython-313.pyc",3358,"copia_anidada_del_proyecto"
"Proyecto Host IA 3.0/Proyecto Host IA 3.0/Proyecto Host IA 3.0/MODELOS/__pycache__/prediccion_necesidades_stock.cpython-313.pyc",2236,"copia_anidada_del_proyecto"
"Proyecto Host IA 3.0/Proyecto Host IA 3.0/Proyecto Host IA 3.0/MODELOS/__pycache__/prediccion_precios.cpython-313.pyc",2964,"copia_anidada_del_proyecto"
"Proyecto Host IA 3.0/Proyecto Host IA 3.0/Proyecto Host IA 3.0/MODELOS/__pycache__/produccion_completa.cpython-313.pyc",3217,"copia_anidada_del_proyecto"
"Proyecto Host IA 3.0/Proyecto Host IA 3.0/Proyecto Host IA 3.0/MODELOS/__pycache__/produccion_real.cpython-313.pyc",6545,"copia_anidada_del_proyecto"
"Proyecto Host IA 3.0/Proyecto Host IA 3.0/Proyecto Host IA 3.0/MODELOS/__pycache__/proveedores_pdf.cpython-313.pyc",2955,"copia_anidada_del_proyecto"
"Proyecto Host IA 3.0/Proyecto Host IA 3.0/Proyecto Host IA 3.0/MODELOS/__pycache__/recomendaciones_compras.cpython-313.pyc",1937,"copia_anidada_del_proyecto"
"Proyecto Host IA 3.0/Proyecto Host IA 3.0/Proyecto Host IA 3.0/MODELOS/__pycache__/reconciliacion_stock_305.cpython-313.pyc",3242,"copia_anidada_del_proyecto"
"Proyecto Host IA 3.0/Proyecto Host IA 3.0/Proyecto Host IA 3.0/MODELOS/__pycache__/reconciliacion_stock_factura.cpython-313.pyc",5145,"copia_anidada_del_proyecto"
"Proyecto Host IA 3.0/Proyecto Host IA 3.0/Proyecto Host IA 3.0/MODELOS/__pycache__/relacion_articulos_factura.cpython-313.pyc",8299,"copia_anidada_del_proyecto"
"Proyecto Host IA 3.0/Proyecto Host IA 3.0/Proyecto Host IA 3.0/MODELOS/__pycache__/resultado_ocr.cpython-313.pyc",2206,"copia_anidada_del_proyecto"
"Proyecto Host IA 3.0/Proyecto Host IA 3.0/Proyecto Host IA 3.0/MODELOS/__pycache__/resumen_importaciones.cpython-313.pyc",2462,"copia_anidada_del_proyecto"
"Proyecto Host IA 3.0/Proyecto Host IA 3.0/Proyecto Host IA 3.0/MODELOS/__pycache__/roturas_stock.cpython-313.pyc",2902,"copia_anidada_del_proyecto"
"Proyecto Host IA 3.0/Proyecto Host IA 3.0/Proyecto Host IA 3.0/MODELOS/__pycache__/stock.cpython-313.pyc",3275,"copia_anidada_del_proyecto"
"Proyecto Host IA 3.0/Proyecto Host IA 3.0/Proyecto Host IA 3.0/MODELOS/__pycache__/stock_ubicaciones.cpython-313.pyc",2660,"copia_anidada_del_proyecto"
"Proyecto Host IA 3.0/Proyecto Host IA 3.0/Proyecto Host IA 3.0/MODELOS/__pycache__/validacion_lineas_factura.cpython-313.pyc",6682,"copia_anidada_del_proyecto"
"Proyecto Host IA 3.0/Proyecto Host IA 3.0/Proyecto Host IA 3.0/MODELOS/__pycache__/validacion_ocr.cpython-313.pyc",2132,"copia_anidada_del_proyecto"
"Proyecto Host IA 3.0/Proyecto Host IA 3.0/Proyecto Host IA 3.0/MODELOS/__pycache__/validacion_relaciones_articulos.cpython-313.pyc",5569,"copia_anidada_del_proyecto"
"Proyecto Host IA 3.0/Proyecto Host IA 3.0/Proyecto Host IA 3.0/MODELOS/__pycache__/__init__.cpython-313.pyc",139,"copia_anidada_del_proyecto"
"Proyecto Host IA 3.0/Proyecto Host IA 3.0/Proyecto Host IA 3.0/DATOS/db/compras_necesidades.json",2,"copia_anidada_del_proyecto"
"Proyecto Host IA 3.0/Proyecto Host IA 3.0/Proyecto Host IA 3.0/DATOS/db/compras_pedidos.json",2,"copia_anidada_del_proyecto"
"Proyecto Host IA 3.0/Proyecto Host IA 3.0/Proyecto Host IA 3.0/DATOS/db/escandallos.json",2,"copia_anidada_del_proyecto"
"Proyecto Host IA 3.0/Proyecto Host IA 3.0/Proyecto Host IA 3.0/DATOS/db/eventos.json",2,"copia_anidada_del_proyecto"
"Proyecto Host IA 3.0/Proyecto Host IA 3.0/Proyecto Host IA 3.0/DATOS/db/historial_chat.json",2,"copia_anidada_del_proyecto"
"Proyecto Host IA 3.0/Proyecto Host IA 3.0/Proyecto Host IA 3.0/DATOS/db/ideas_culinarias.json",2,"copia_anidada_del_proyecto"
"Proyecto Host IA 3.0/Proyecto Host IA 3.0/Proyecto Host IA 3.0/DATOS/db/planes_produccion.json",2,"copia_anidada_del_proyecto"
"Proyecto Host IA 3.0/Proyecto Host IA 3.0/Proyecto Host IA 3.0/DATOS/db/precios.json",283,"copia_anidada_del_proyecto"
"Proyecto Host IA 3.0/Proyecto Host IA 3.0/Proyecto Host IA 3.0/DATOS/db/stock_lotes.json",350,"copia_anidada_del_proyecto"
"Proyecto Host IA 3.0/Proyecto Host IA 3.0/Proyecto Host IA 3.0/DATOS/db/stock_movimientos.json",285,"copia_anidada_del_proyecto"
"Proyecto Host IA 3.0/Proyecto Host IA 3.0/Proyecto Host IA 3.0/DATOS/db/_metadata.json",67,"copia_anidada_del_proyecto"
"Proyecto Host IA 3.0/Proyecto Host IA 3.0/Proyecto Host IA 3.0/DATOS/diccionarios/diccionario_columnas_excel.json",119,"copia_anidada_del_proyecto"
"Proyecto Host IA 3.0/Proyecto Host IA 3.0/Proyecto Host IA 3.0/DATOS/diccionarios/diccionario_gastronomico_universal.json",100,"copia_anidada_del_proyecto"
"Proyecto Host IA 3.0/Proyecto Host IA 3.0/Proyecto Host IA 3.0/DATOS/diccionarios/diccionario_proveedores_pdf.json",2551,"copia_anidada_del_proyecto"
"Proyecto Host IA 3.0/Proyecto Host IA 3.0/Proyecto Host IA 3.0/DATOS/diccionarios/diccionario_relaciones_proveedor.json",394,"copia_anidada_del_proyecto"
"Proyecto Host IA 3.0/Proyecto Host IA 3.0/Proyecto Host IA 3.0/DATOS/facturas/alertas_precios.json",1682,"copia_anidada_del_proyecto"
"Proyecto Host IA 3.0/Proyecto Host IA 3.0/Proyecto Host IA 3.0/DATOS/facturas/alertas_stock.json",3351,"copia_anidada_del_proyecto"
"Proyecto Host IA 3.0/Proyecto Host IA 3.0/Proyecto Host IA 3.0/DATOS/facturas/analisis_pdf_20260708_090903.json",1053,"copia_anidada_del_proyecto"
"Proyecto Host IA 3.0/Proyecto Host IA 3.0/Proyecto Host IA 3.0/DATOS/facturas/analisis_pdf_20260708_091120.json",1062,"copia_anidada_del_proyecto"
"Proyecto Host IA 3.0/Proyecto Host IA 3.0/Proyecto Host IA 3.0/DATOS/facturas/analisis_pdf_20260708_114716.json",1072,"copia_anidada_del_proyecto"
"Proyecto Host IA 3.0/Proyecto Host IA 3.0/Proyecto Host IA 3.0/DATOS/facturas/auditoria_importaciones_universales.json",100626,"copia_anidada_del_proyecto"
"Proyecto Host IA 3.0/Proyecto Host IA 3.0/Proyecto Host IA 3.0/DATOS/facturas/factura_auditoria_universal.png",66,"copia_anidada_del_proyecto"
"Proyecto Host IA 3.0/Proyecto Host IA 3.0/Proyecto Host IA 3.0/DATOS/facturas/factura_demo_makro.pdf",1551,"copia_anidada_del_proyecto"
"Proyecto Host IA 3.0/Proyecto Host IA 3.0/Proyecto Host IA 3.0/DATOS/facturas/factura_ejecutor_universal.png",66,"copia_anidada_del_proyecto"
"Proyecto Host IA 3.0/Proyecto Host IA 3.0/Proyecto Host IA 3.0/DATOS/facturas/factura_escaneada_demo.png",66,"copia_anidada_del_proyecto"
"Proyecto Host IA 3.0/Proyecto Host IA 3.0/Proyecto Host IA 3.0/DATOS/facturas/factura_importador_universal.png",66,"copia_anidada_del_proyecto"
"Proyecto Host IA 3.0/Proyecto Host IA 3.0/Proyecto Host IA 3.0/DATOS/facturas/factura_ocr_integrada.png",66,"copia_anidada_del_proyecto"
"Proyecto Host IA 3.0/Proyecto Host IA 3.0/Proyecto Host IA 3.0/DATOS/facturas/historico_precios.json",40529,"copia_anidada_del_proyecto"
"Proyecto Host IA 3.0/Proyecto Host IA 3.0/Proyecto Host IA 3.0/DATOS/facturas/historico_stock.json",36483,"copia_anidada_del_proyecto"
"Proyecto Host IA 3.0/Proyecto Host IA 3.0/Proyecto Host IA 3.0/DATOS/facturas/lectura_factura_con_ocr.json",4687,"copia_anidada_del_proyecto"
"Proyecto Host IA 3.0/Proyecto Host IA 3.0/Proyecto Host IA 3.0/DATOS/facturas/log_actualizaciones_precios.json",7050,"copia_anidada_del_proyecto"
"Proyecto Host IA 3.0/Proyecto Host IA 3.0/Proyecto Host IA 3.0/DATOS/facturas/log_actualizaciones_stock.json",7550,"copia_anidada_del_proyecto"
"Proyecto Host IA 3.0/Proyecto Host IA 3.0/Proyecto Host IA 3.0/DATOS/facturas/ocr_cache_manual.json",377,"copia_anidada_del_proyecto"
"Proyecto Host IA 3.0/Proyecto Host IA 3.0/Proyecto Host IA 3.0/DATOS/facturas/test_analisis_compras.json",2217,"copia_anidada_del_proyecto"
"Proyecto Host IA 3.0/Proyecto Host IA 3.0/Proyecto Host IA 3.0/DATOS/facturas/test_anomalias_compras.json",169910,"copia_anidada_del_proyecto"
"Proyecto Host IA 3.0/Proyecto Host IA 3.0/Proyecto Host IA 3.0/DATOS/facturas/test_bloque_lineas_factura.json",3482,"copia_anidada_del_proyecto"
"Proyecto Host IA 3.0/Proyecto Host IA 3.0/Proyecto Host IA 3.0/DATOS/facturas/test_busqueda_articulos_parecidos.json",4650,"copia_anidada_del_proyecto"
"Proyecto Host IA 3.0/Proyecto Host IA 3.0/Proyecto Host IA 3.0/DATOS/facturas/test_cierre_importador_universal.json",187123,"copia_anidada_del_proyecto"
"Proyecto Host IA 3.0/Proyecto Host IA 3.0/Proyecto Host IA 3.0/DATOS/facturas/test_comparacion_proveedores.json",2312,"copia_anidada_del_proyecto"
"Proyecto Host IA 3.0/Proyecto Host IA 3.0/Proyecto Host IA 3.0/DATOS/facturas/test_diagnostico_ocr.json",1441,"copia_anidada_del_proyecto"
"Proyecto Host IA 3.0/Proyecto Host IA 3.0/Proyecto Host IA 3.0/DATOS/facturas/test_informe_precios.json",2910,"copia_anidada_del_proyecto"
"Proyecto Host IA 3.0/Proyecto Host IA 3.0/Proyecto Host IA 3.0/DATOS/facturas/test_informe_relacion_articulos.json",2503,"copia_anidada_del_proyecto"
"Proyecto Host IA 3.0/Proyecto Host IA 3.0/Proyecto Host IA 3.0/DATOS/facturas/test_informe_stock_factura.json",2972,"copia_anidada_del_proyecto"
"Proyecto Host IA 3.0/Proyecto Host IA 3.0/Proyecto Host IA 3.0/DATOS/facturas/test_lectura_factura_completa.json",8686,"copia_anidada_del_proyecto"
"Proyecto Host IA 3.0/Proyecto Host IA 3.0/Proyecto Host IA 3.0/DATOS/facturas/test_lectura_factura_ocr.json",9330,"copia_anidada_del_proyecto"
"Proyecto Host IA 3.0/Proyecto Host IA 3.0/Proyecto Host IA 3.0/DATOS/facturas/test_lineas_factura_parser.json",6105,"copia_anidada_del_proyecto"
"Proyecto Host IA 3.0/Proyecto Host IA 3.0/Proyecto Host IA 3.0/DATOS/facturas/test_ocr_imagen.png",66,"copia_anidada_del_proyecto"
"Proyecto Host IA 3.0/Proyecto Host IA 3.0/Proyecto Host IA 3.0/DATOS/facturas/test_prediccion_precios.json",25245,"copia_anidada_del_proyecto"
"Proyecto Host IA 3.0/Proyecto Host IA 3.0/Proyecto Host IA 3.0/DATOS/facturas/test_preparacion_importacion_factura.json",35598,"copia_anidada_del_proyecto"
"Proyecto Host IA 3.0/Proyecto Host IA 3.0/Proyecto Host IA 3.0/DATOS/facturas/test_recomendaciones_compras.json",5387,"copia_anidada_del_proyecto"
"Proyecto Host IA 3.0/Proyecto Host IA 3.0/Proyecto Host IA 3.0/DATOS/facturas/test_reconciliacion_stock.json",2378,"copia_anidada_del_proyecto"
"Proyecto Host IA 3.0/Proyecto Host IA 3.0/Proyecto Host IA 3.0/DATOS/facturas/test_relacion_automatica_articulos.json",6059,"copia_anidada_del_proyecto"
"Proyecto Host IA 3.0/Proyecto Host IA 3.0/Proyecto Host IA 3.0/DATOS/facturas/test_resultado_importacion_factura.json",67218,"copia_anidada_del_proyecto"
"Proyecto Host IA 3.0/Proyecto Host IA 3.0/Proyecto Host IA 3.0/DATOS/facturas/test_resultado_ocr.json",2637,"copia_anidada_del_proyecto"
"Proyecto Host IA 3.0/Proyecto Host IA 3.0/Proyecto Host IA 3.0/DATOS/facturas/test_resumen_importaciones.json",175169,"copia_anidada_del_proyecto"
"Proyecto Host IA 3.0/Proyecto Host IA 3.0/Proyecto Host IA 3.0/DATOS/facturas/test_validacion_factura.json",4792,"copia_anidada_del_proyecto"
"Proyecto Host IA 3.0/Proyecto Host IA 3.0/Proyecto Host IA 3.0/DATOS/facturas/test_validacion_ocr.json",2499,"copia_anidada_del_proyecto"
"Proyecto Host IA 3.0/Proyecto Host IA 3.0/Proyecto Host IA 3.0/DATOS/facturas/test_validacion_relaciones.json",2023,"copia_anidada_del_proyecto"
"Proyecto Host IA 3.0/Proyecto Host IA 3.0/Proyecto Host IA 3.0/DATOS/ia_conversacional/memoria_conversacional_3085.json",777,"copia_anidada_del_proyecto"
"Proyecto Host IA 3.0/Proyecto Host IA 3.0/Proyecto Host IA 3.0/DATOS/importaciones/analisis_excel_20260708_075752.json",5316,"copia_anidada_del_proyecto"
"Proyecto Host IA 3.0/Proyecto Host IA 3.0/Proyecto Host IA 3.0/DATOS/importaciones/analisis_excel_20260708_080727.json",7957,"copia_anidada_del_proyecto"
"Proyecto Host IA 3.0/Proyecto Host IA 3.0/Proyecto Host IA 3.0/DATOS/importaciones/analisis_excel_20260708_081604.json",5125,"copia_anidada_del_proyecto"
"Proyecto Host IA 3.0/Proyecto Host IA 3.0/Proyecto Host IA 3.0/DATOS/importaciones/analisis_excel_20260708_082005.json",4606,"copia_anidada_del_proyecto"
"Proyecto Host IA 3.0/Proyecto Host IA 3.0/Proyecto Host IA 3.0/DATOS/importaciones/analisis_excel_20260708_083204.json",4557,"copia_anidada_del_proyecto"
"Proyecto Host IA 3.0/Proyecto Host IA 3.0/Proyecto Host IA 3.0/DATOS/importaciones/analisis_excel_20260708_084801.json",5118,"copia_anidada_del_proyecto"
"Proyecto Host IA 3.0/Proyecto Host IA 3.0/Proyecto Host IA 3.0/DATOS/importaciones/analisis_excel_20260708_084827.json",5118,"copia_anidada_del_proyecto"
"Proyecto Host IA 3.0/Proyecto Host IA 3.0/Proyecto Host IA 3.0/DATOS/importaciones/analisis_excel_20260708_084828.json",5118,"copia_anidada_del_proyecto"
"Proyecto Host IA 3.0/Proyecto Host IA 3.0/Proyecto Host IA 3.0/DATOS/importaciones/analisis_excel_20260708_085212.json",2965,"copia_anidada_del_proyecto"
"Proyecto Host IA 3.0/Proyecto Host IA 3.0/Proyecto Host IA 3.0/DATOS/importaciones/analisis_excel_20260708_085250.json",2965,"copia_anidada_del_proyecto"
"Proyecto Host IA 3.0/Proyecto Host IA 3.0/Proyecto Host IA 3.0/DATOS/importaciones/analisis_excel_20260708_085251.json",2965,"copia_anidada_del_proyecto"
"Proyecto Host IA 3.0/Proyecto Host IA 3.0/Proyecto Host IA 3.0/DATOS/importaciones/analisis_excel_20260708_085300.json",2943,"copia_anidada_del_proyecto"
"Proyecto Host IA 3.0/Proyecto Host IA 3.0/Proyecto Host IA 3.0/DATOS/importaciones/analisis_excel_20260708_085328.json",2965,"copia_anidada_del_proyecto"
"Proyecto Host IA 3.0/Proyecto Host IA 3.0/Proyecto Host IA 3.0/DATOS/importaciones/analisis_excel_20260708_085933.json",4169,"copia_anidada_del_proyecto"
"Proyecto Host IA 3.0/Proyecto Host IA 3.0/Proyecto Host IA 3.0/DATOS/importaciones/analisis_excel_20260708_090003.json",4169,"copia_anidada_del_proyecto"
"Proyecto Host IA 3.0/Proyecto Host IA 3.0/Proyecto Host IA 3.0/DATOS/importaciones/analisis_excel_20260708_100335.json",5509,"copia_anidada_del_proyecto"
"Proyecto Host IA 3.0/Proyecto Host IA 3.0/Proyecto Host IA 3.0/DATOS/importaciones/analisis_excel_20260708_101139.json",8256,"copia_anidada_del_proyecto"
"Proyecto Host IA 3.0/Proyecto Host IA 3.0/Proyecto Host IA 3.0/DATOS/importaciones/analisis_excel_20260708_101802.json",5309,"copia_anidada_del_proyecto"
"Proyecto Host IA 3.0/Proyecto Host IA 3.0/Proyecto Host IA 3.0/DATOS/importaciones/analisis_excel_20260708_102321.json",4760,"copia_anidada_del_proyecto"
"Proyecto Host IA 3.0/Proyecto Host IA 3.0/Proyecto Host IA 3.0/DATOS/importaciones/analisis_excel_20260708_104247.json",4708,"copia_anidada_del_proyecto"
"Proyecto Host IA 3.0/Proyecto Host IA 3.0/Proyecto Host IA 3.0/DATOS/importaciones/analisis_excel_20260708_105035.json",5289,"copia_anidada_del_proyecto"
"Proyecto Host IA 3.0/Proyecto Host IA 3.0/Proyecto Host IA 3.0/DATOS/importaciones/analisis_excel_20260708_105036.json",5289,"copia_anidada_del_proyecto"
"Proyecto Host IA 3.0/Proyecto Host IA 3.0/Proyecto Host IA 3.0/DATOS/importaciones/analisis_excel_20260708_114424.json",4303,"copia_anidada_del_proyecto"
"Proyecto Host IA 3.0/Proyecto Host IA 3.0/Proyecto Host IA 3.0/DATOS/importaciones/debug_conf.xlsx",4995,"copia_anidada_del_proyecto"
"Proyecto Host IA 3.0/Proyecto Host IA 3.0/Proyecto Host IA 3.0/DATOS/importaciones/excel_demo_asistente_articulos.xlsx",5015,"copia_anidada_del_proyecto"
"Proyecto Host IA 3.0/Proyecto Host IA 3.0/Proyecto Host IA 3.0/DATOS/importaciones/excel_demo_asistente_inventario.xlsx",5128,"copia_anidada_del_proyecto"
"Proyecto Host IA 3.0/Proyecto Host IA 3.0/Proyecto Host IA 3.0/DATOS/importaciones/excel_demo_conflictos.xlsx",4995,"copia_anidada_del_proyecto"
"Proyecto Host IA 3.0/Proyecto Host IA 3.0/Proyecto Host IA 3.0/DATOS/importaciones/excel_demo_detector.xlsx",6282,"copia_anidada_del_proyecto"
"Proyecto Host IA 3.0/Proyecto Host IA 3.0/Proyecto Host IA 3.0/DATOS/importaciones/excel_demo_importador_articulos.xlsx",5169,"copia_anidada_del_proyecto"
"Proyecto Host IA 3.0/Proyecto Host IA 3.0/Proyecto Host IA 3.0/DATOS/importaciones/excel_demo_importador_escandallos.xlsx",5173,"copia_anidada_del_proyecto"
"Proyecto Host IA 3.0/Proyecto Host IA 3.0/Proyecto Host IA 3.0/DATOS/importaciones/excel_demo_importador_inventario.xlsx",5245,"copia_anidada_del_proyecto"
"Proyecto Host IA 3.0/Proyecto Host IA 3.0/Proyecto Host IA 3.0/DATOS/importaciones/excel_demo_lector.xlsx",5669,"copia_anidada_del_proyecto"
"Proyecto Host IA 3.0/Proyecto Host IA 3.0/Proyecto Host IA 3.0/DATOS/importaciones/excel_demo_mapeador.xlsx",5646,"copia_anidada_del_proyecto"
"Proyecto Host IA 3.0/Proyecto Host IA 3.0/Proyecto Host IA 3.0/DATOS/db/snapshots/test_snapshot.json",3293,"copia_anidada_del_proyecto"
"Proyecto Host IA 3.0/Proyecto Host IA 3.0/Proyecto Host IA 3.0/CORE/__pycache__/director_host_ai.cpython-313.pyc",1126,"copia_anidada_del_proyecto"
"Proyecto Host IA 3.0/Proyecto Host IA 3.0/Proyecto Host IA 3.0/CORE/__pycache__/host_ai_core.cpython-313.pyc",37979,"copia_anidada_del_proyecto"
"Proyecto Host IA 3.0/Proyecto Host IA 3.0/Proyecto Host IA 3.0/CORE/__pycache__/orquestador.cpython-313.pyc",22381,"copia_anidada_del_proyecto"
"Proyecto Host IA 3.0/Proyecto Host IA 3.0/Proyecto Host IA 3.0/CORE/__pycache__/registro_pipelines.cpython-313.pyc",2337,"copia_anidada_del_proyecto"
"Proyecto Host IA 3.0/Proyecto Host IA 3.0/Proyecto Host IA 3.0/CORE/__pycache__/__init__.cpython-313.pyc",136,"copia_anidada_del_proyecto"
"Proyecto Host IA 3.0/Proyecto Host IA 3.0/Proyecto Host IA 3.0/APP/__pycache__/consola.cpython-313.pyc",29128,"copia_anidada_del_proyecto"
"Proyecto Host IA 3.0/Proyecto Host IA 3.0/Proyecto Host IA 3.0/APP/__pycache__/__init__.cpython-313.pyc",135,"copia_anidada_del_proyecto"
"Proyecto Host IA 3.0/Proyecto Host IA 3.0/PIPELINES/__pycache__/base_pipeline.cpython-313.pyc",2342,"copia_anidada_del_proyecto"
"Proyecto Host IA 3.0/Proyecto Host IA 3.0/PIPELINES/__pycache__/pipeline_actualizador_inteligente_precios_factura.cpython-313.pyc",3313,"copia_anidada_del_proyecto"
"Proyecto Host IA 3.0/Proyecto Host IA 3.0/PIPELINES/__pycache__/pipeline_actualizador_inteligente_stock_factura.cpython-313.pyc",3646,"copia_anidada_del_proyecto"
"Proyecto Host IA 3.0/Proyecto Host IA 3.0/PIPELINES/__pycache__/pipeline_alertas_inteligentes_precios.cpython-313.pyc",2721,"copia_anidada_del_proyecto"
"Proyecto Host IA 3.0/Proyecto Host IA 3.0/PIPELINES/__pycache__/pipeline_alertas_inteligentes_stock.cpython-313.pyc",2944,"copia_anidada_del_proyecto"
"Proyecto Host IA 3.0/Proyecto Host IA 3.0/PIPELINES/__pycache__/pipeline_analizador_inteligente_compras.cpython-313.pyc",2093,"copia_anidada_del_proyecto"
"Proyecto Host IA 3.0/Proyecto Host IA 3.0/PIPELINES/__pycache__/pipeline_analizador_inteligente_escandallos.cpython-313.pyc",2332,"copia_anidada_del_proyecto"
"Proyecto Host IA 3.0/Proyecto Host IA 3.0/PIPELINES/__pycache__/pipeline_analizador_inteligente_produccion.cpython-313.pyc",2312,"copia_anidada_del_proyecto"
"Proyecto Host IA 3.0/Proyecto Host IA 3.0/PIPELINES/__pycache__/pipeline_analizador_inteligente_stock.cpython-313.pyc",2134,"copia_anidada_del_proyecto"
"Proyecto Host IA 3.0/Proyecto Host IA 3.0/PIPELINES/__pycache__/pipeline_analizador_lenguaje_natural.cpython-313.pyc",2175,"copia_anidada_del_proyecto"
"Proyecto Host IA 3.0/Proyecto Host IA 3.0/PIPELINES/__pycache__/pipeline_aprendizaje_relacion_proveedor.cpython-313.pyc",3720,"copia_anidada_del_proyecto"
"Proyecto Host IA 3.0/Proyecto Host IA 3.0/PIPELINES/__pycache__/pipeline_asignador_recursos_produccion.cpython-313.pyc",2355,"copia_anidada_del_proyecto"
"Proyecto Host IA 3.0/Proyecto Host IA 3.0/PIPELINES/__pycache__/pipeline_asistente_conversacional.cpython-313.pyc",2816,"copia_anidada_del_proyecto"
"Proyecto Host IA 3.0/Proyecto Host IA 3.0/PIPELINES/__pycache__/pipeline_asistente_importacion_excel.cpython-313.pyc",2998,"copia_anidada_del_proyecto"
"Proyecto Host IA 3.0/Proyecto Host IA 3.0/PIPELINES/__pycache__/pipeline_asistente_inteligente_host_ai_308.cpython-313.pyc",2502,"copia_anidada_del_proyecto"
"Proyecto Host IA 3.0/Proyecto Host IA 3.0/PIPELINES/__pycache__/pipeline_auditoria_importaciones_universales.cpython-313.pyc",2601,"copia_anidada_del_proyecto"
"Proyecto Host IA 3.0/Proyecto Host IA 3.0/PIPELINES/__pycache__/pipeline_auditoria_tecnica_host_ai_351.cpython-313.pyc",2312,"copia_anidada_del_proyecto"
"Proyecto Host IA 3.0/Proyecto Host IA 3.0/PIPELINES/__pycache__/pipeline_automatizador_inteligente_308.cpython-313.pyc",2770,"copia_anidada_del_proyecto"
"Proyecto Host IA 3.0/Proyecto Host IA 3.0/PIPELINES/__pycache__/pipeline_base_actualizacion_precios_factura.cpython-313.pyc",2704,"copia_anidada_del_proyecto"
"Proyecto Host IA 3.0/Proyecto Host IA 3.0/PIPELINES/__pycache__/pipeline_base_actualizacion_stock_factura.cpython-313.pyc",2621,"copia_anidada_del_proyecto"
"Proyecto Host IA 3.0/Proyecto Host IA 3.0/PIPELINES/__pycache__/pipeline_base_importador_universal_facturas.cpython-313.pyc",2658,"copia_anidada_del_proyecto"
"Proyecto Host IA 3.0/Proyecto Host IA 3.0/PIPELINES/__pycache__/pipeline_base_lineas_factura.cpython-313.pyc",2729,"copia_anidada_del_proyecto"
"Proyecto Host IA 3.0/Proyecto Host IA 3.0/PIPELINES/__pycache__/pipeline_base_ocr_documentos.cpython-313.pyc",2494,"copia_anidada_del_proyecto"
"Proyecto Host IA 3.0/Proyecto Host IA 3.0/PIPELINES/__pycache__/pipeline_base_relacion_articulos_factura.cpython-313.pyc",2745,"copia_anidada_del_proyecto"
"Proyecto Host IA 3.0/Proyecto Host IA 3.0/PIPELINES/__pycache__/pipeline_buscador_articulos_parecidos.cpython-313.pyc",2931,"copia_anidada_del_proyecto"
"Proyecto Host IA 3.0/Proyecto Host IA 3.0/PIPELINES/__pycache__/pipeline_cierre_escandallos_inteligentes.cpython-313.pyc",2386,"copia_anidada_del_proyecto"
"Proyecto Host IA 3.0/Proyecto Host IA 3.0/PIPELINES/__pycache__/pipeline_cierre_gestion_inteligente_stock.cpython-313.pyc",2119,"copia_anidada_del_proyecto"
"Proyecto Host IA 3.0/Proyecto Host IA 3.0/PIPELINES/__pycache__/pipeline_cierre_ia_conversacional_308.cpython-313.pyc",2240,"copia_anidada_del_proyecto"
"Proyecto Host IA 3.0/Proyecto Host IA 3.0/PIPELINES/__pycache__/pipeline_cierre_importador_universal.cpython-313.pyc",2237,"copia_anidada_del_proyecto"
"Proyecto Host IA 3.0/Proyecto Host IA 3.0/PIPELINES/__pycache__/pipeline_cierre_inteligencia_compras.cpython-313.pyc",2207,"copia_anidada_del_proyecto"
"Proyecto Host IA 3.0/Proyecto Host IA 3.0/PIPELINES/__pycache__/pipeline_cierre_inteligente_produccion.cpython-313.pyc",2606,"copia_anidada_del_proyecto"
"Proyecto Host IA 3.0/Proyecto Host IA 3.0/PIPELINES/__pycache__/pipeline_comparador_historico_escandallos.cpython-313.pyc",2406,"copia_anidada_del_proyecto"
"Proyecto Host IA 3.0/Proyecto Host IA 3.0/PIPELINES/__pycache__/pipeline_comparador_inteligente_proveedores.cpython-313.pyc",2498,"copia_anidada_del_proyecto"
"Proyecto Host IA 3.0/Proyecto Host IA 3.0/PIPELINES/__pycache__/pipeline_comparador_proveedores_precios.cpython-313.pyc",2488,"copia_anidada_del_proyecto"
"Proyecto Host IA 3.0/Proyecto Host IA 3.0/PIPELINES/__pycache__/pipeline_compras.cpython-313.pyc",3564,"copia_anidada_del_proyecto"
"Proyecto Host IA 3.0/Proyecto Host IA 3.0/PIPELINES/__pycache__/pipeline_conflictos_excel.cpython-313.pyc",2780,"copia_anidada_del_proyecto"
"Proyecto Host IA 3.0/Proyecto Host IA 3.0/PIPELINES/__pycache__/pipeline_control_ejecucion_produccion.cpython-313.pyc",2327,"copia_anidada_del_proyecto"
"Proyecto Host IA 3.0/Proyecto Host IA 3.0/PIPELINES/__pycache__/pipeline_control_inteligente_movimientos_stock.cpython-313.pyc",2080,"copia_anidada_del_proyecto"
"Proyecto Host IA 3.0/Proyecto Host IA 3.0/PIPELINES/__pycache__/pipeline_costes.cpython-313.pyc",4682,"copia_anidada_del_proyecto"
"Proyecto Host IA 3.0/Proyecto Host IA 3.0/PIPELINES/__pycache__/pipeline_detector_anomalias_compras.cpython-313.pyc",2117,"copia_anidada_del_proyecto"
"Proyecto Host IA 3.0/Proyecto Host IA 3.0/PIPELINES/__pycache__/pipeline_detector_campos_linea_factura.cpython-313.pyc",2525,"copia_anidada_del_proyecto"
"Proyecto Host IA 3.0/Proyecto Host IA 3.0/PIPELINES/__pycache__/pipeline_detector_excel.cpython-313.pyc",2683,"copia_anidada_del_proyecto"
"Proyecto Host IA 3.0/Proyecto Host IA 3.0/PIPELINES/__pycache__/pipeline_ejecutor_importador_universal_facturas.cpython-313.pyc",2908,"copia_anidada_del_proyecto"
"Proyecto Host IA 3.0/Proyecto Host IA 3.0/PIPELINES/__pycache__/pipeline_escandallos.cpython-313.pyc",3643,"copia_anidada_del_proyecto"
"Proyecto Host IA 3.0/Proyecto Host IA 3.0/PIPELINES/__pycache__/pipeline_evento.cpython-313.pyc",4590,"copia_anidada_del_proyecto"
"Proyecto Host IA 3.0/Proyecto Host IA 3.0/PIPELINES/__pycache__/pipeline_evento_api.cpython-313.pyc",9012,"copia_anidada_del_proyecto"
"Proyecto Host IA 3.0/Proyecto Host IA 3.0/PIPELINES/__pycache__/pipeline_excel.cpython-313.pyc",2309,"copia_anidada_del_proyecto"
"Proyecto Host IA 3.0/Proyecto Host IA 3.0/PIPELINES/__pycache__/pipeline_generador_inteligente_respuestas.cpython-313.pyc",2420,"copia_anidada_del_proyecto"
"Proyecto Host IA 3.0/Proyecto Host IA 3.0/PIPELINES/__pycache__/pipeline_historico_inteligente_precios.cpython-313.pyc",3334,"copia_anidada_del_proyecto"
"Proyecto Host IA 3.0/Proyecto Host IA 3.0/PIPELINES/__pycache__/pipeline_historico_inteligente_stock.cpython-313.pyc",3331,"copia_anidada_del_proyecto"
"Proyecto Host IA 3.0/Proyecto Host IA 3.0/PIPELINES/__pycache__/pipeline_ia_culinaria.cpython-313.pyc",3847,"copia_anidada_del_proyecto"
"Proyecto Host IA 3.0/Proyecto Host IA 3.0/PIPELINES/__pycache__/pipeline_importador_articulos_excel.cpython-313.pyc",2825,"copia_anidada_del_proyecto"
"Proyecto Host IA 3.0/Proyecto Host IA 3.0/PIPELINES/__pycache__/pipeline_importador_escandallos_excel.cpython-313.pyc",2511,"copia_anidada_del_proyecto"
"Proyecto Host IA 3.0/Proyecto Host IA 3.0/PIPELINES/__pycache__/pipeline_importador_inventario_excel.cpython-313.pyc",2986,"copia_anidada_del_proyecto"
"Proyecto Host IA 3.0/Proyecto Host IA 3.0/PIPELINES/__pycache__/pipeline_lector_completo_lineas_factura.cpython-313.pyc",3193,"copia_anidada_del_proyecto"
"Proyecto Host IA 3.0/Proyecto Host IA 3.0/PIPELINES/__pycache__/pipeline_lector_facturas_con_ocr.cpython-313.pyc",2824,"copia_anidada_del_proyecto"
"Proyecto Host IA 3.0/Proyecto Host IA 3.0/PIPELINES/__pycache__/pipeline_mapeador_columnas_excel.cpython-313.pyc",3854,"copia_anidada_del_proyecto"
"Proyecto Host IA 3.0/Proyecto Host IA 3.0/PIPELINES/__pycache__/pipeline_memoria_conversacional_308.cpython-313.pyc",3181,"copia_anidada_del_proyecto"
"Proyecto Host IA 3.0/Proyecto Host IA 3.0/PIPELINES/__pycache__/pipeline_motor_alertas_escandallos.cpython-313.pyc",2165,"copia_anidada_del_proyecto"
"Proyecto Host IA 3.0/Proyecto Host IA 3.0/PIPELINES/__pycache__/pipeline_motor_alertas_produccion.cpython-313.pyc",2256,"copia_anidada_del_proyecto"
"Proyecto Host IA 3.0/Proyecto Host IA 3.0/PIPELINES/__pycache__/pipeline_motor_alertas_stock.cpython-313.pyc",2622,"copia_anidada_del_proyecto"
"Proyecto Host IA 3.0/Proyecto Host IA 3.0/PIPELINES/__pycache__/pipeline_motor_conversacional_308.cpython-313.pyc",2937,"copia_anidada_del_proyecto"
"Proyecto Host IA 3.0/Proyecto Host IA 3.0/PIPELINES/__pycache__/pipeline_motor_inteligente_pedidos.cpython-313.pyc",2770,"copia_anidada_del_proyecto"
"Proyecto Host IA 3.0/Proyecto Host IA 3.0/PIPELINES/__pycache__/pipeline_motor_ocr_simulado.cpython-313.pyc",2584,"copia_anidada_del_proyecto"
"Proyecto Host IA 3.0/Proyecto Host IA 3.0/PIPELINES/__pycache__/pipeline_motor_optimizacion_carta.cpython-313.pyc",2361,"copia_anidada_del_proyecto"
"Proyecto Host IA 3.0/Proyecto Host IA 3.0/PIPELINES/__pycache__/pipeline_motor_recomendaciones_compras.cpython-313.pyc",1926,"copia_anidada_del_proyecto"
"Proyecto Host IA 3.0/Proyecto Host IA 3.0/PIPELINES/__pycache__/pipeline_optimizador_inteligente_produccion.cpython-313.pyc",2439,"copia_anidada_del_proyecto"
"Proyecto Host IA 3.0/Proyecto Host IA 3.0/PIPELINES/__pycache__/pipeline_optimizador_inteligente_recetas.cpython-313.pyc",2408,"copia_anidada_del_proyecto"
"Proyecto Host IA 3.0/Proyecto Host IA 3.0/PIPELINES/__pycache__/pipeline_optimizador_stock.cpython-313.pyc",2090,"copia_anidada_del_proyecto"
"Proyecto Host IA 3.0/Proyecto Host IA 3.0/PIPELINES/__pycache__/pipeline_parser_lineas_factura.cpython-313.pyc",2915,"copia_anidada_del_proyecto"
"Proyecto Host IA 3.0/Proyecto Host IA 3.0/PIPELINES/__pycache__/pipeline_pdf_facturas.cpython-313.pyc",2917,"copia_anidada_del_proyecto"
"Proyecto Host IA 3.0/Proyecto Host IA 3.0/PIPELINES/__pycache__/pipeline_persistencia.cpython-313.pyc",2538,"copia_anidada_del_proyecto"
"Proyecto Host IA 3.0/Proyecto Host IA 3.0/PIPELINES/__pycache__/pipeline_planificador_inteligente_produccion.cpython-313.pyc",2436,"copia_anidada_del_proyecto"
"Proyecto Host IA 3.0/Proyecto Host IA 3.0/PIPELINES/__pycache__/pipeline_prediccion_inteligente_precios.cpython-313.pyc",2573,"copia_anidada_del_proyecto"
"Proyecto Host IA 3.0/Proyecto Host IA 3.0/PIPELINES/__pycache__/pipeline_prediccion_inteligente_rentabilidad.cpython-313.pyc",2391,"copia_anidada_del_proyecto"
"Proyecto Host IA 3.0/Proyecto Host IA 3.0/PIPELINES/__pycache__/pipeline_prediccion_necesidades_stock.cpython-313.pyc",2289,"copia_anidada_del_proyecto"
"Proyecto Host IA 3.0/Proyecto Host IA 3.0/PIPELINES/__pycache__/pipeline_prediccion_roturas_stock.cpython-313.pyc",2555,"copia_anidada_del_proyecto"
"Proyecto Host IA 3.0/Proyecto Host IA 3.0/PIPELINES/__pycache__/pipeline_produccion_completa.cpython-313.pyc",2915,"copia_anidada_del_proyecto"
"Proyecto Host IA 3.0/Proyecto Host IA 3.0/PIPELINES/__pycache__/pipeline_produccion_real.cpython-313.pyc",3315,"copia_anidada_del_proyecto"
"Proyecto Host IA 3.0/Proyecto Host IA 3.0/PIPELINES/__pycache__/pipeline_proveedores_pdf.cpython-313.pyc",3748,"copia_anidada_del_proyecto"
"Proyecto Host IA 3.0/Proyecto Host IA 3.0/PIPELINES/__pycache__/pipeline_reconciliador_inteligente_stock.cpython-313.pyc",2212,"copia_anidada_del_proyecto"
"Proyecto Host IA 3.0/Proyecto Host IA 3.0/PIPELINES/__pycache__/pipeline_reconciliador_stock_factura.cpython-313.pyc",2555,"copia_anidada_del_proyecto"
"Proyecto Host IA 3.0/Proyecto Host IA 3.0/PIPELINES/__pycache__/pipeline_relacionador_automatico_articulos_factura.cpython-313.pyc",4415,"copia_anidada_del_proyecto"
"Proyecto Host IA 3.0/Proyecto Host IA 3.0/PIPELINES/__pycache__/pipeline_replanificador_inteligente_produccion.cpython-313.pyc",2417,"copia_anidada_del_proyecto"
"Proyecto Host IA 3.0/Proyecto Host IA 3.0/PIPELINES/__pycache__/pipeline_resumen_ejecutivo_importaciones.cpython-313.pyc",2162,"copia_anidada_del_proyecto"
"Proyecto Host IA 3.0/Proyecto Host IA 3.0/PIPELINES/__pycache__/pipeline_selector_inteligente_motores.cpython-313.pyc",2396,"copia_anidada_del_proyecto"
"Proyecto Host IA 3.0/Proyecto Host IA 3.0/PIPELINES/__pycache__/pipeline_simulador_costes_escandallos.cpython-313.pyc",2225,"copia_anidada_del_proyecto"
"Proyecto Host IA 3.0/Proyecto Host IA 3.0/PIPELINES/__pycache__/pipeline_stock.cpython-313.pyc",5606,"copia_anidada_del_proyecto"
"Proyecto Host IA 3.0/Proyecto Host IA 3.0/PIPELINES/__pycache__/pipeline_stock_por_ubicaciones.cpython-313.pyc",3111,"copia_anidada_del_proyecto"
"Proyecto Host IA 3.0/Proyecto Host IA 3.0/PIPELINES/__pycache__/pipeline_validador_corrector_ocr.cpython-313.pyc",2430,"copia_anidada_del_proyecto"
"Proyecto Host IA 3.0/Proyecto Host IA 3.0/PIPELINES/__pycache__/pipeline_validador_lineas_factura.cpython-313.pyc",4080,"copia_anidada_del_proyecto"
"Proyecto Host IA 3.0/Proyecto Host IA 3.0/PIPELINES/__pycache__/pipeline_validador_relaciones_articulos_factura.cpython-313.pyc",3344,"copia_anidada_del_proyecto"
"Proyecto Host IA 3.0/Proyecto Host IA 3.0/PIPELINES/__pycache__/__init__.cpython-313.pyc",141,"copia_anidada_del_proyecto"
"Proyecto Host IA 3.0/Proyecto Host IA 3.0/MOTORES/__pycache__/motor_asistente_conversacional.cpython-313.pyc",11951,"copia_anidada_del_proyecto"
"Proyecto Host IA 3.0/Proyecto Host IA 3.0/MOTORES/__pycache__/motor_compras.cpython-313.pyc",5961,"copia_anidada_del_proyecto"
"Proyecto Host IA 3.0/Proyecto Host IA 3.0/MOTORES/__pycache__/motor_costes_inteligente.cpython-313.pyc",16433,"copia_anidada_del_proyecto"
"Proyecto Host IA 3.0/Proyecto Host IA 3.0/MOTORES/__pycache__/motor_escandallos_inteligente.cpython-313.pyc",8552,"copia_anidada_del_proyecto"
"Proyecto Host IA 3.0/Proyecto Host IA 3.0/MOTORES/__pycache__/motor_eventos.cpython-313.pyc",7308,"copia_anidada_del_proyecto"
"Proyecto Host IA 3.0/Proyecto Host IA 3.0/MOTORES/__pycache__/motor_ia_culinaria.cpython-313.pyc",14539,"copia_anidada_del_proyecto"
"Proyecto Host IA 3.0/Proyecto Host IA 3.0/MOTORES/__pycache__/motor_memoria_operacional.cpython-313.pyc",1100,"copia_anidada_del_proyecto"
"Proyecto Host IA 3.0/Proyecto Host IA 3.0/MOTORES/__pycache__/motor_persistencia.cpython-313.pyc",5984,"copia_anidada_del_proyecto"
"Proyecto Host IA 3.0/Proyecto Host IA 3.0/MOTORES/__pycache__/motor_produccion_completa.cpython-313.pyc",7847,"copia_anidada_del_proyecto"
"Proyecto Host IA 3.0/Proyecto Host IA 3.0/MOTORES/__pycache__/motor_produccion_real.cpython-313.pyc",13927,"copia_anidada_del_proyecto"
"Proyecto Host IA 3.0/Proyecto Host IA 3.0/MOTORES/__pycache__/motor_simulador_produccion_evento.cpython-313.pyc",1590,"copia_anidada_del_proyecto"
"Proyecto Host IA 3.0/Proyecto Host IA 3.0/MOTORES/__pycache__/motor_stock.cpython-313.pyc",11112,"copia_anidada_del_proyecto"
"Proyecto Host IA 3.0/Proyecto Host IA 3.0/MOTORES/__pycache__/__init__.cpython-313.pyc",139,"copia_anidada_del_proyecto"
"Proyecto Host IA 3.0/Proyecto Host IA 3.0/MODELOS/__pycache__/actualizacion_precios_factura.cpython-313.pyc",5855,"copia_anidada_del_proyecto"
"Proyecto Host IA 3.0/Proyecto Host IA 3.0/MODELOS/__pycache__/actualizacion_stock_factura.cpython-313.pyc",5737,"copia_anidada_del_proyecto"
"Proyecto Host IA 3.0/Proyecto Host IA 3.0/MODELOS/__pycache__/alertas_inteligentes_stock_305.cpython-313.pyc",2950,"copia_anidada_del_proyecto"
"Proyecto Host IA 3.0/Proyecto Host IA 3.0/MODELOS/__pycache__/alertas_precios.cpython-313.pyc",2179,"copia_anidada_del_proyecto"
"Proyecto Host IA 3.0/Proyecto Host IA 3.0/MODELOS/__pycache__/alertas_produccion_306.cpython-313.pyc",1736,"copia_anidada_del_proyecto"
"Proyecto Host IA 3.0/Proyecto Host IA 3.0/MODELOS/__pycache__/alertas_stock.cpython-313.pyc",2092,"copia_anidada_del_proyecto"
"Proyecto Host IA 3.0/Proyecto Host IA 3.0/MODELOS/__pycache__/analisis_compras.cpython-313.pyc",2466,"copia_anidada_del_proyecto"
"Proyecto Host IA 3.0/Proyecto Host IA 3.0/MODELOS/__pycache__/analisis_inteligente_stock.cpython-313.pyc",3506,"copia_anidada_del_proyecto"
"Proyecto Host IA 3.0/Proyecto Host IA 3.0/MODELOS/__pycache__/analisis_produccion_306.cpython-313.pyc",2373,"copia_anidada_del_proyecto"
"Proyecto Host IA 3.0/Proyecto Host IA 3.0/MODELOS/__pycache__/anomalias_compras.cpython-313.pyc",3037,"copia_anidada_del_proyecto"
"Proyecto Host IA 3.0/Proyecto Host IA 3.0/MODELOS/__pycache__/api_interna.cpython-313.pyc",2938,"copia_anidada_del_proyecto"
"Proyecto Host IA 3.0/Proyecto Host IA 3.0/MODELOS/__pycache__/asistente_conversacional.cpython-313.pyc",3223,"copia_anidada_del_proyecto"
"Proyecto Host IA 3.0/Proyecto Host IA 3.0/MODELOS/__pycache__/asistente_importacion_excel.cpython-313.pyc",2949,"copia_anidada_del_proyecto"
"Proyecto Host IA 3.0/Proyecto Host IA 3.0/MODELOS/__pycache__/auditoria_host_ai_351.cpython-313.pyc",1168,"copia_anidada_del_proyecto"
"Proyecto Host IA 3.0/Proyecto Host IA 3.0/MODELOS/__pycache__/auditoria_importaciones.cpython-313.pyc",2399,"copia_anidada_del_proyecto"
"Proyecto Host IA 3.0/Proyecto Host IA 3.0/MODELOS/__pycache__/cierre_gestion_stock.cpython-313.pyc",1239,"copia_anidada_del_proyecto"
"Proyecto Host IA 3.0/Proyecto Host IA 3.0/MODELOS/__pycache__/cierre_importador_universal.cpython-313.pyc",2353,"copia_anidada_del_proyecto"
"Proyecto Host IA 3.0/Proyecto Host IA 3.0/MODELOS/__pycache__/cierre_inteligencia_compras.cpython-313.pyc",3407,"copia_anidada_del_proyecto"
"Proyecto Host IA 3.0/Proyecto Host IA 3.0/MODELOS/__pycache__/comparador_proveedores_inteligente.cpython-313.pyc",2912,"copia_anidada_del_proyecto"
"Proyecto Host IA 3.0/Proyecto Host IA 3.0/MODELOS/__pycache__/compras.cpython-313.pyc",3444,"copia_anidada_del_proyecto"
"Proyecto Host IA 3.0/Proyecto Host IA 3.0/MODELOS/__pycache__/conflictos_excel.cpython-313.pyc",3479,"copia_anidada_del_proyecto"
"Proyecto Host IA 3.0/Proyecto Host IA 3.0/MODELOS/__pycache__/control_movimientos_stock_305.cpython-313.pyc",3273,"copia_anidada_del_proyecto"
"Proyecto Host IA 3.0/Proyecto Host IA 3.0/MODELOS/__pycache__/costes_inteligentes.cpython-313.pyc",7214,"copia_anidada_del_proyecto"
"Proyecto Host IA 3.0/Proyecto Host IA 3.0/MODELOS/__pycache__/deteccion_excel.cpython-313.pyc",3632,"copia_anidada_del_proyecto"
"Proyecto Host IA 3.0/Proyecto Host IA 3.0/MODELOS/__pycache__/ejecucion_produccion_306.cpython-313.pyc",3294,"copia_anidada_del_proyecto"
"Proyecto Host IA 3.0/Proyecto Host IA 3.0/MODELOS/__pycache__/escandallos_inteligentes.cpython-313.pyc",6097,"copia_anidada_del_proyecto"
"Proyecto Host IA 3.0/Proyecto Host IA 3.0/MODELOS/__pycache__/escandallos_inteligentes_307.cpython-313.pyc",6933,"copia_anidada_del_proyecto"
"Proyecto Host IA 3.0/Proyecto Host IA 3.0/MODELOS/__pycache__/excel_importacion.cpython-313.pyc",3823,"copia_anidada_del_proyecto"
"Proyecto Host IA 3.0/Proyecto Host IA 3.0/MODELOS/__pycache__/historico_precios.cpython-313.pyc",3118,"copia_anidada_del_proyecto"
"Proyecto Host IA 3.0/Proyecto Host IA 3.0/MODELOS/__pycache__/historico_stock.cpython-313.pyc",3061,"copia_anidada_del_proyecto"
"Proyecto Host IA 3.0/Proyecto Host IA 3.0/MODELOS/__pycache__/ia_conversacional_308.cpython-313.pyc",7826,"copia_anidada_del_proyecto"
"Proyecto Host IA 3.0/Proyecto Host IA 3.0/MODELOS/__pycache__/ia_culinaria.cpython-313.pyc",4415,"copia_anidada_del_proyecto"
"Proyecto Host IA 3.0/Proyecto Host IA 3.0/MODELOS/__pycache__/importacion_articulos_excel.cpython-313.pyc",4417,"copia_anidada_del_proyecto"
"Proyecto Host IA 3.0/Proyecto Host IA 3.0/MODELOS/__pycache__/importacion_escandallos_excel.cpython-313.pyc",3028,"copia_anidada_del_proyecto"
"Proyecto Host IA 3.0/Proyecto Host IA 3.0/MODELOS/__pycache__/importacion_inventario_excel.cpython-313.pyc",4984,"copia_anidada_del_proyecto"
"Proyecto Host IA 3.0/Proyecto Host IA 3.0/MODELOS/__pycache__/importacion_universal_facturas.cpython-313.pyc",3688,"copia_anidada_del_proyecto"
"Proyecto Host IA 3.0/Proyecto Host IA 3.0/MODELOS/__pycache__/lineas_factura.cpython-313.pyc",6828,"copia_anidada_del_proyecto"
"Proyecto Host IA 3.0/Proyecto Host IA 3.0/MODELOS/__pycache__/mapeo_columnas_excel.cpython-313.pyc",4195,"copia_anidada_del_proyecto"
"Proyecto Host IA 3.0/Proyecto Host IA 3.0/MODELOS/__pycache__/motor_pedidos_inteligente.cpython-313.pyc",3102,"copia_anidada_del_proyecto"
"Proyecto Host IA 3.0/Proyecto Host IA 3.0/MODELOS/__pycache__/ocr_documentos.cpython-313.pyc",2192,"copia_anidada_del_proyecto"
"Proyecto Host IA 3.0/Proyecto Host IA 3.0/MODELOS/__pycache__/optimizacion_produccion_306.cpython-313.pyc",3300,"copia_anidada_del_proyecto"
"Proyecto Host IA 3.0/Proyecto Host IA 3.0/MODELOS/__pycache__/optimizacion_stock.cpython-313.pyc",1987,"copia_anidada_del_proyecto"
"Proyecto Host IA 3.0/Proyecto Host IA 3.0/MODELOS/__pycache__/pdf_facturas.cpython-313.pyc",3506,"copia_anidada_del_proyecto"
"Proyecto Host IA 3.0/Proyecto Host IA 3.0/MODELOS/__pycache__/planificacion_produccion_306.cpython-313.pyc",3358,"copia_anidada_del_proyecto"
"Proyecto Host IA 3.0/Proyecto Host IA 3.0/MODELOS/__pycache__/prediccion_necesidades_stock.cpython-313.pyc",2236,"copia_anidada_del_proyecto"
"Proyecto Host IA 3.0/Proyecto Host IA 3.0/MODELOS/__pycache__/prediccion_precios.cpython-313.pyc",2964,"copia_anidada_del_proyecto"
"Proyecto Host IA 3.0/Proyecto Host IA 3.0/MODELOS/__pycache__/produccion_completa.cpython-313.pyc",3217,"copia_anidada_del_proyecto"
"Proyecto Host IA 3.0/Proyecto Host IA 3.0/MODELOS/__pycache__/produccion_real.cpython-313.pyc",6545,"copia_anidada_del_proyecto"
"Proyecto Host IA 3.0/Proyecto Host IA 3.0/MODELOS/__pycache__/proveedores_pdf.cpython-313.pyc",2955,"copia_anidada_del_proyecto"
"Proyecto Host IA 3.0/Proyecto Host IA 3.0/MODELOS/__pycache__/recomendaciones_compras.cpython-313.pyc",1937,"copia_anidada_del_proyecto"
"Proyecto Host IA 3.0/Proyecto Host IA 3.0/MODELOS/__pycache__/reconciliacion_stock_305.cpython-313.pyc",3242,"copia_anidada_del_proyecto"
"Proyecto Host IA 3.0/Proyecto Host IA 3.0/MODELOS/__pycache__/reconciliacion_stock_factura.cpython-313.pyc",5145,"copia_anidada_del_proyecto"
"Proyecto Host IA 3.0/Proyecto Host IA 3.0/MODELOS/__pycache__/relacion_articulos_factura.cpython-313.pyc",8299,"copia_anidada_del_proyecto"
"Proyecto Host IA 3.0/Proyecto Host IA 3.0/MODELOS/__pycache__/resultado_ocr.cpython-313.pyc",2206,"copia_anidada_del_proyecto"
"Proyecto Host IA 3.0/Proyecto Host IA 3.0/MODELOS/__pycache__/resumen_importaciones.cpython-313.pyc",2462,"copia_anidada_del_proyecto"
"Proyecto Host IA 3.0/Proyecto Host IA 3.0/MODELOS/__pycache__/roturas_stock.cpython-313.pyc",2902,"copia_anidada_del_proyecto"
"Proyecto Host IA 3.0/Proyecto Host IA 3.0/MODELOS/__pycache__/stock.cpython-313.pyc",3275,"copia_anidada_del_proyecto"
"Proyecto Host IA 3.0/Proyecto Host IA 3.0/MODELOS/__pycache__/stock_ubicaciones.cpython-313.pyc",2660,"copia_anidada_del_proyecto"
"Proyecto Host IA 3.0/Proyecto Host IA 3.0/MODELOS/__pycache__/validacion_lineas_factura.cpython-313.pyc",6682,"copia_anidada_del_proyecto"
"Proyecto Host IA 3.0/Proyecto Host IA 3.0/MODELOS/__pycache__/validacion_ocr.cpython-313.pyc",2132,"copia_anidada_del_proyecto"
"Proyecto Host IA 3.0/Proyecto Host IA 3.0/MODELOS/__pycache__/validacion_relaciones_articulos.cpython-313.pyc",5569,"copia_anidada_del_proyecto"
"Proyecto Host IA 3.0/Proyecto Host IA 3.0/MODELOS/__pycache__/__init__.cpython-313.pyc",139,"copia_anidada_del_proyecto"
"Proyecto Host IA 3.0/Proyecto Host IA 3.0/DATOS/db/compras_necesidades.json",2,"copia_anidada_del_proyecto"
"Proyecto Host IA 3.0/Proyecto Host IA 3.0/DATOS/db/compras_pedidos.json",2,"copia_anidada_del_proyecto"
"Proyecto Host IA 3.0/Proyecto Host IA 3.0/DATOS/db/escandallos.json",2,"copia_anidada_del_proyecto"
"Proyecto Host IA 3.0/Proyecto Host IA 3.0/DATOS/db/eventos.json",2,"copia_anidada_del_proyecto"
"Proyecto Host IA 3.0/Proyecto Host IA 3.0/DATOS/db/historial_chat.json",2,"copia_anidada_del_proyecto"
"Proyecto Host IA 3.0/Proyecto Host IA 3.0/DATOS/db/ideas_culinarias.json",2,"copia_anidada_del_proyecto"
"Proyecto Host IA 3.0/Proyecto Host IA 3.0/DATOS/db/planes_produccion.json",2,"copia_anidada_del_proyecto"
"Proyecto Host IA 3.0/Proyecto Host IA 3.0/DATOS/db/precios.json",283,"copia_anidada_del_proyecto"
"Proyecto Host IA 3.0/Proyecto Host IA 3.0/DATOS/db/stock_lotes.json",350,"copia_anidada_del_proyecto"
"Proyecto Host IA 3.0/Proyecto Host IA 3.0/DATOS/db/stock_movimientos.json",285,"copia_anidada_del_proyecto"
"Proyecto Host IA 3.0/Proyecto Host IA 3.0/DATOS/db/_metadata.json",67,"copia_anidada_del_proyecto"
"Proyecto Host IA 3.0/Proyecto Host IA 3.0/DATOS/diccionarios/diccionario_columnas_excel.json",119,"copia_anidada_del_proyecto"
"Proyecto Host IA 3.0/Proyecto Host IA 3.0/DATOS/diccionarios/diccionario_gastronomico_universal.json",100,"copia_anidada_del_proyecto"
"Proyecto Host IA 3.0/Proyecto Host IA 3.0/DATOS/diccionarios/diccionario_proveedores_pdf.json",2551,"copia_anidada_del_proyecto"
"Proyecto Host IA 3.0/Proyecto Host IA 3.0/DATOS/diccionarios/diccionario_relaciones_proveedor.json",394,"copia_anidada_del_proyecto"
"Proyecto Host IA 3.0/Proyecto Host IA 3.0/DATOS/facturas/alertas_precios.json",1682,"copia_anidada_del_proyecto"
"Proyecto Host IA 3.0/Proyecto Host IA 3.0/DATOS/facturas/alertas_stock.json",3351,"copia_anidada_del_proyecto"
"Proyecto Host IA 3.0/Proyecto Host IA 3.0/DATOS/facturas/analisis_pdf_20260708_090903.json",1053,"copia_anidada_del_proyecto"
"Proyecto Host IA 3.0/Proyecto Host IA 3.0/DATOS/facturas/analisis_pdf_20260708_091120.json",1062,"copia_anidada_del_proyecto"
"Proyecto Host IA 3.0/Proyecto Host IA 3.0/DATOS/facturas/analisis_pdf_20260708_114716.json",1072,"copia_anidada_del_proyecto"
"Proyecto Host IA 3.0/Proyecto Host IA 3.0/DATOS/facturas/auditoria_importaciones_universales.json",100626,"copia_anidada_del_proyecto"
"Proyecto Host IA 3.0/Proyecto Host IA 3.0/DATOS/facturas/factura_auditoria_universal.png",66,"copia_anidada_del_proyecto"
"Proyecto Host IA 3.0/Proyecto Host IA 3.0/DATOS/facturas/factura_demo_makro.pdf",1551,"copia_anidada_del_proyecto"
"Proyecto Host IA 3.0/Proyecto Host IA 3.0/DATOS/facturas/factura_ejecutor_universal.png",66,"copia_anidada_del_proyecto"
"Proyecto Host IA 3.0/Proyecto Host IA 3.0/DATOS/facturas/factura_escaneada_demo.png",66,"copia_anidada_del_proyecto"
"Proyecto Host IA 3.0/Proyecto Host IA 3.0/DATOS/facturas/factura_importador_universal.png",66,"copia_anidada_del_proyecto"
"Proyecto Host IA 3.0/Proyecto Host IA 3.0/DATOS/facturas/factura_ocr_integrada.png",66,"copia_anidada_del_proyecto"
"Proyecto Host IA 3.0/Proyecto Host IA 3.0/DATOS/facturas/historico_precios.json",40529,"copia_anidada_del_proyecto"
"Proyecto Host IA 3.0/Proyecto Host IA 3.0/DATOS/facturas/historico_stock.json",36483,"copia_anidada_del_proyecto"
"Proyecto Host IA 3.0/Proyecto Host IA 3.0/DATOS/facturas/lectura_factura_con_ocr.json",4687,"copia_anidada_del_proyecto"
"Proyecto Host IA 3.0/Proyecto Host IA 3.0/DATOS/facturas/log_actualizaciones_precios.json",7050,"copia_anidada_del_proyecto"
"Proyecto Host IA 3.0/Proyecto Host IA 3.0/DATOS/facturas/log_actualizaciones_stock.json",7550,"copia_anidada_del_proyecto"
"Proyecto Host IA 3.0/Proyecto Host IA 3.0/DATOS/facturas/ocr_cache_manual.json",377,"copia_anidada_del_proyecto"
"Proyecto Host IA 3.0/Proyecto Host IA 3.0/DATOS/facturas/test_analisis_compras.json",2217,"copia_anidada_del_proyecto"
"Proyecto Host IA 3.0/Proyecto Host IA 3.0/DATOS/facturas/test_anomalias_compras.json",169910,"copia_anidada_del_proyecto"
"Proyecto Host IA 3.0/Proyecto Host IA 3.0/DATOS/facturas/test_bloque_lineas_factura.json",3482,"copia_anidada_del_proyecto"
"Proyecto Host IA 3.0/Proyecto Host IA 3.0/DATOS/facturas/test_busqueda_articulos_parecidos.json",4650,"copia_anidada_del_proyecto"
"Proyecto Host IA 3.0/Proyecto Host IA 3.0/DATOS/facturas/test_cierre_importador_universal.json",187123,"copia_anidada_del_proyecto"
"Proyecto Host IA 3.0/Proyecto Host IA 3.0/DATOS/facturas/test_comparacion_proveedores.json",2312,"copia_anidada_del_proyecto"
"Proyecto Host IA 3.0/Proyecto Host IA 3.0/DATOS/facturas/test_diagnostico_ocr.json",1441,"copia_anidada_del_proyecto"
"Proyecto Host IA 3.0/Proyecto Host IA 3.0/DATOS/facturas/test_informe_precios.json",2910,"copia_anidada_del_proyecto"
"Proyecto Host IA 3.0/Proyecto Host IA 3.0/DATOS/facturas/test_informe_relacion_articulos.json",2503,"copia_anidada_del_proyecto"
"Proyecto Host IA 3.0/Proyecto Host IA 3.0/DATOS/facturas/test_informe_stock_factura.json",2972,"copia_anidada_del_proyecto"
"Proyecto Host IA 3.0/Proyecto Host IA 3.0/DATOS/facturas/test_lectura_factura_completa.json",8686,"copia_anidada_del_proyecto"
"Proyecto Host IA 3.0/Proyecto Host IA 3.0/DATOS/facturas/test_lectura_factura_ocr.json",9330,"copia_anidada_del_proyecto"
"Proyecto Host IA 3.0/Proyecto Host IA 3.0/DATOS/facturas/test_lineas_factura_parser.json",6105,"copia_anidada_del_proyecto"
"Proyecto Host IA 3.0/Proyecto Host IA 3.0/DATOS/facturas/test_ocr_imagen.png",66,"copia_anidada_del_proyecto"
"Proyecto Host IA 3.0/Proyecto Host IA 3.0/DATOS/facturas/test_prediccion_precios.json",25245,"copia_anidada_del_proyecto"
"Proyecto Host IA 3.0/Proyecto Host IA 3.0/DATOS/facturas/test_preparacion_importacion_factura.json",35598,"copia_anidada_del_proyecto"
"Proyecto Host IA 3.0/Proyecto Host IA 3.0/DATOS/facturas/test_recomendaciones_compras.json",5387,"copia_anidada_del_proyecto"
"Proyecto Host IA 3.0/Proyecto Host IA 3.0/DATOS/facturas/test_reconciliacion_stock.json",2378,"copia_anidada_del_proyecto"
"Proyecto Host IA 3.0/Proyecto Host IA 3.0/DATOS/facturas/test_relacion_automatica_articulos.json",6059,"copia_anidada_del_proyecto"
"Proyecto Host IA 3.0/Proyecto Host IA 3.0/DATOS/facturas/test_resultado_importacion_factura.json",67218,"copia_anidada_del_proyecto"
"Proyecto Host IA 3.0/Proyecto Host IA 3.0/DATOS/facturas/test_resultado_ocr.json",2637,"copia_anidada_del_proyecto"
"Proyecto Host IA 3.0/Proyecto Host IA 3.0/DATOS/facturas/test_resumen_importaciones.json",175169,"copia_anidada_del_proyecto"
"Proyecto Host IA 3.0/Proyecto Host IA 3.0/DATOS/facturas/test_validacion_factura.json",4792,"copia_anidada_del_proyecto"
"Proyecto Host IA 3.0/Proyecto Host IA 3.0/DATOS/facturas/test_validacion_ocr.json",2499,"copia_anidada_del_proyecto"
"Proyecto Host IA 3.0/Proyecto Host IA 3.0/DATOS/facturas/test_validacion_relaciones.json",2023,"copia_anidada_del_proyecto"
"Proyecto Host IA 3.0/Proyecto Host IA 3.0/DATOS/ia_conversacional/memoria_conversacional_3085.json",777,"copia_anidada_del_proyecto"
"Proyecto Host IA 3.0/Proyecto Host IA 3.0/DATOS/importaciones/analisis_excel_20260708_075752.json",5316,"copia_anidada_del_proyecto"
"Proyecto Host IA 3.0/Proyecto Host IA 3.0/DATOS/importaciones/analisis_excel_20260708_080727.json",7957,"copia_anidada_del_proyecto"
"Proyecto Host IA 3.0/Proyecto Host IA 3.0/DATOS/importaciones/analisis_excel_20260708_081604.json",5125,"copia_anidada_del_proyecto"
"Proyecto Host IA 3.0/Proyecto Host IA 3.0/DATOS/importaciones/analisis_excel_20260708_082005.json",4606,"copia_anidada_del_proyecto"
"Proyecto Host IA 3.0/Proyecto Host IA 3.0/DATOS/importaciones/analisis_excel_20260708_083204.json",4557,"copia_anidada_del_proyecto"
"Proyecto Host IA 3.0/Proyecto Host IA 3.0/DATOS/importaciones/analisis_excel_20260708_084801.json",5118,"copia_anidada_del_proyecto"
"Proyecto Host IA 3.0/Proyecto Host IA 3.0/DATOS/importaciones/analisis_excel_20260708_084827.json",5118,"copia_anidada_del_proyecto"
"Proyecto Host IA 3.0/Proyecto Host IA 3.0/DATOS/importaciones/analisis_excel_20260708_084828.json",5118,"copia_anidada_del_proyecto"
"Proyecto Host IA 3.0/Proyecto Host IA 3.0/DATOS/importaciones/analisis_excel_20260708_085212.json",2965,"copia_anidada_del_proyecto"
"Proyecto Host IA 3.0/Proyecto Host IA 3.0/DATOS/importaciones/analisis_excel_20260708_085250.json",2965,"copia_anidada_del_proyecto"
"Proyecto Host IA 3.0/Proyecto Host IA 3.0/DATOS/importaciones/analisis_excel_20260708_085251.json",2965,"copia_anidada_del_proyecto"
"Proyecto Host IA 3.0/Proyecto Host IA 3.0/DATOS/importaciones/analisis_excel_20260708_085300.json",2943,"copia_anidada_del_proyecto"
"Proyecto Host IA 3.0/Proyecto Host IA 3.0/DATOS/importaciones/analisis_excel_20260708_085328.json",2965,"copia_anidada_del_proyecto"
"Proyecto Host IA 3.0/Proyecto Host IA 3.0/DATOS/importaciones/analisis_excel_20260708_085933.json",4169,"copia_anidada_del_proyecto"
"Proyecto Host IA 3.0/Proyecto Host IA 3.0/DATOS/importaciones/analisis_excel_20260708_090003.json",4169,"copia_anidada_del_proyecto"
"Proyecto Host IA 3.0/Proyecto Host IA 3.0/DATOS/importaciones/analisis_excel_20260708_100335.json",5509,"copia_anidada_del_proyecto"
"Proyecto Host IA 3.0/Proyecto Host IA 3.0/DATOS/importaciones/analisis_excel_20260708_101139.json",8256,"copia_anidada_del_proyecto"
"Proyecto Host IA 3.0/Proyecto Host IA 3.0/DATOS/importaciones/analisis_excel_20260708_101802.json",5309,"copia_anidada_del_proyecto"
"Proyecto Host IA 3.0/Proyecto Host IA 3.0/DATOS/importaciones/analisis_excel_20260708_102321.json",4760,"copia_anidada_del_proyecto"
"Proyecto Host IA 3.0/Proyecto Host IA 3.0/DATOS/importaciones/analisis_excel_20260708_104247.json",4708,"copia_anidada_del_proyecto"
"Proyecto Host IA 3.0/Proyecto Host IA 3.0/DATOS/importaciones/analisis_excel_20260708_105035.json",5289,"copia_anidada_del_proyecto"
"Proyecto Host IA 3.0/Proyecto Host IA 3.0/DATOS/importaciones/analisis_excel_20260708_105036.json",5289,"copia_anidada_del_proyecto"
"Proyecto Host IA 3.0/Proyecto Host IA 3.0/DATOS/importaciones/analisis_excel_20260708_114424.json",4303,"copia_anidada_del_proyecto"
"Proyecto Host IA 3.0/Proyecto Host IA 3.0/DATOS/importaciones/debug_conf.xlsx",4995,"copia_anidada_del_proyecto"
"Proyecto Host IA 3.0/Proyecto Host IA 3.0/DATOS/importaciones/excel_demo_asistente_articulos.xlsx",5015,"copia_anidada_del_proyecto"
"Proyecto Host IA 3.0/Proyecto Host IA 3.0/DATOS/importaciones/excel_demo_asistente_inventario.xlsx",5128,"copia_anidada_del_proyecto"
"Proyecto Host IA 3.0/Proyecto Host IA 3.0/DATOS/importaciones/excel_demo_conflictos.xlsx",4995,"copia_anidada_del_proyecto"
"Proyecto Host IA 3.0/Proyecto Host IA 3.0/DATOS/importaciones/excel_demo_detector.xlsx",6282,"copia_anidada_del_proyecto"
"Proyecto Host IA 3.0/Proyecto Host IA 3.0/DATOS/importaciones/excel_demo_importador_articulos.xlsx",5169,"copia_anidada_del_proyecto"
"Proyecto Host IA 3.0/Proyecto Host IA 3.0/DATOS/importaciones/excel_demo_importador_escandallos.xlsx",5173,"copia_anidada_del_proyecto"
"Proyecto Host IA 3.0/Proyecto Host IA 3.0/DATOS/importaciones/excel_demo_importador_inventario.xlsx",5245,"copia_anidada_del_proyecto"
"Proyecto Host IA 3.0/Proyecto Host IA 3.0/DATOS/importaciones/excel_demo_lector.xlsx",5669,"copia_anidada_del_proyecto"
"Proyecto Host IA 3.0/Proyecto Host IA 3.0/DATOS/importaciones/excel_demo_mapeador.xlsx",5646,"copia_anidada_del_proyecto"
"Proyecto Host IA 3.0/Proyecto Host IA 3.0/DATOS/db/snapshots/test_snapshot.json",3293,"copia_anidada_del_proyecto"
"Proyecto Host IA 3.0/Proyecto Host IA 3.0/CORE/__pycache__/director_host_ai.cpython-313.pyc",1126,"copia_anidada_del_proyecto"
"Proyecto Host IA 3.0/Proyecto Host IA 3.0/CORE/__pycache__/host_ai_core.cpython-313.pyc",37979,"copia_anidada_del_proyecto"
"Proyecto Host IA 3.0/Proyecto Host IA 3.0/CORE/__pycache__/orquestador.cpython-313.pyc",22381,"copia_anidada_del_proyecto"
"Proyecto Host IA 3.0/Proyecto Host IA 3.0/CORE/__pycache__/registro_pipelines.cpython-313.pyc",2337,"copia_anidada_del_proyecto"
"Proyecto Host IA 3.0/Proyecto Host IA 3.0/CORE/__pycache__/__init__.cpython-313.pyc",136,"copia_anidada_del_proyecto"
"Proyecto Host IA 3.0/Proyecto Host IA 3.0/APP/__pycache__/consola.cpython-313.pyc",29128,"copia_anidada_del_proyecto"
"Proyecto Host IA 3.0/Proyecto Host IA 3.0/APP/__pycache__/__init__.cpython-313.pyc",135,"copia_anidada_del_proyecto"
"Proyecto Host IA 3.0/PIPELINES/__pycache__/base_pipeline.cpython-313.pyc",2343,"copia_anidada_del_proyecto"
"Proyecto Host IA 3.0/PIPELINES/__pycache__/pipeline_actualizador_inteligente_precios_factura.cpython-313.pyc",3314,"copia_anidada_del_proyecto"
"Proyecto Host IA 3.0/PIPELINES/__pycache__/pipeline_actualizador_inteligente_stock_factura.cpython-313.pyc",3647,"copia_anidada_del_proyecto"
"Proyecto Host IA 3.0/PIPELINES/__pycache__/pipeline_alertas_inteligentes_precios.cpython-313.pyc",2722,"copia_anidada_del_proyecto"
"Proyecto Host IA 3.0/PIPELINES/__pycache__/pipeline_alertas_inteligentes_stock.cpython-313.pyc",2945,"copia_anidada_del_proyecto"
"Proyecto Host IA 3.0/PIPELINES/__pycache__/pipeline_analizador_inteligente_compras.cpython-313.pyc",2094,"copia_anidada_del_proyecto"
"Proyecto Host IA 3.0/PIPELINES/__pycache__/pipeline_analizador_inteligente_escandallos.cpython-313.pyc",2333,"copia_anidada_del_proyecto"
"Proyecto Host IA 3.0/PIPELINES/__pycache__/pipeline_analizador_inteligente_produccion.cpython-313.pyc",2313,"copia_anidada_del_proyecto"
"Proyecto Host IA 3.0/PIPELINES/__pycache__/pipeline_analizador_inteligente_stock.cpython-313.pyc",2135,"copia_anidada_del_proyecto"
"Proyecto Host IA 3.0/PIPELINES/__pycache__/pipeline_analizador_lenguaje_natural.cpython-313.pyc",2176,"copia_anidada_del_proyecto"
"Proyecto Host IA 3.0/PIPELINES/__pycache__/pipeline_aprendizaje_relacion_proveedor.cpython-313.pyc",3721,"copia_anidada_del_proyecto"
"Proyecto Host IA 3.0/PIPELINES/__pycache__/pipeline_asignador_recursos_produccion.cpython-313.pyc",2356,"copia_anidada_del_proyecto"
"Proyecto Host IA 3.0/PIPELINES/__pycache__/pipeline_asistente_conversacional.cpython-313.pyc",2817,"copia_anidada_del_proyecto"
"Proyecto Host IA 3.0/PIPELINES/__pycache__/pipeline_asistente_importacion_excel.cpython-313.pyc",2999,"copia_anidada_del_proyecto"
"Proyecto Host IA 3.0/PIPELINES/__pycache__/pipeline_asistente_inteligente_host_ai_308.cpython-313.pyc",2503,"copia_anidada_del_proyecto"
"Proyecto Host IA 3.0/PIPELINES/__pycache__/pipeline_auditoria_importaciones_universales.cpython-313.pyc",2602,"copia_anidada_del_proyecto"
"Proyecto Host IA 3.0/PIPELINES/__pycache__/pipeline_automatizador_inteligente_308.cpython-313.pyc",2771,"copia_anidada_del_proyecto"
"Proyecto Host IA 3.0/PIPELINES/__pycache__/pipeline_base_actualizacion_precios_factura.cpython-313.pyc",2705,"copia_anidada_del_proyecto"
"Proyecto Host IA 3.0/PIPELINES/__pycache__/pipeline_base_actualizacion_stock_factura.cpython-313.pyc",2622,"copia_anidada_del_proyecto"
"Proyecto Host IA 3.0/PIPELINES/__pycache__/pipeline_base_importador_universal_facturas.cpython-313.pyc",2659,"copia_anidada_del_proyecto"
"Proyecto Host IA 3.0/PIPELINES/__pycache__/pipeline_base_lineas_factura.cpython-313.pyc",2730,"copia_anidada_del_proyecto"
"Proyecto Host IA 3.0/PIPELINES/__pycache__/pipeline_base_ocr_documentos.cpython-313.pyc",2495,"copia_anidada_del_proyecto"
"Proyecto Host IA 3.0/PIPELINES/__pycache__/pipeline_base_relacion_articulos_factura.cpython-313.pyc",2746,"copia_anidada_del_proyecto"
"Proyecto Host IA 3.0/PIPELINES/__pycache__/pipeline_buscador_articulos_parecidos.cpython-313.pyc",2932,"copia_anidada_del_proyecto"
"Proyecto Host IA 3.0/PIPELINES/__pycache__/pipeline_cierre_escandallos_inteligentes.cpython-313.pyc",2387,"copia_anidada_del_proyecto"
"Proyecto Host IA 3.0/PIPELINES/__pycache__/pipeline_cierre_gestion_inteligente_stock.cpython-313.pyc",2120,"copia_anidada_del_proyecto"
"Proyecto Host IA 3.0/PIPELINES/__pycache__/pipeline_cierre_ia_conversacional_308.cpython-313.pyc",2241,"copia_anidada_del_proyecto"
"Proyecto Host IA 3.0/PIPELINES/__pycache__/pipeline_cierre_importador_universal.cpython-313.pyc",2238,"copia_anidada_del_proyecto"
"Proyecto Host IA 3.0/PIPELINES/__pycache__/pipeline_cierre_inteligencia_compras.cpython-313.pyc",2208,"copia_anidada_del_proyecto"
"Proyecto Host IA 3.0/PIPELINES/__pycache__/pipeline_cierre_inteligente_produccion.cpython-313.pyc",2607,"copia_anidada_del_proyecto"
"Proyecto Host IA 3.0/PIPELINES/__pycache__/pipeline_comparador_historico_escandallos.cpython-313.pyc",2407,"copia_anidada_del_proyecto"
"Proyecto Host IA 3.0/PIPELINES/__pycache__/pipeline_comparador_inteligente_proveedores.cpython-313.pyc",2499,"copia_anidada_del_proyecto"
"Proyecto Host IA 3.0/PIPELINES/__pycache__/pipeline_comparador_proveedores_precios.cpython-313.pyc",2489,"copia_anidada_del_proyecto"
"Proyecto Host IA 3.0/PIPELINES/__pycache__/pipeline_compras.cpython-313.pyc",3565,"copia_anidada_del_proyecto"
"Proyecto Host IA 3.0/PIPELINES/__pycache__/pipeline_conflictos_excel.cpython-313.pyc",2781,"copia_anidada_del_proyecto"
"Proyecto Host IA 3.0/PIPELINES/__pycache__/pipeline_control_ejecucion_produccion.cpython-313.pyc",2328,"copia_anidada_del_proyecto"
"Proyecto Host IA 3.0/PIPELINES/__pycache__/pipeline_control_inteligente_movimientos_stock.cpython-313.pyc",2081,"copia_anidada_del_proyecto"
"Proyecto Host IA 3.0/PIPELINES/__pycache__/pipeline_costes.cpython-313.pyc",4683,"copia_anidada_del_proyecto"
"Proyecto Host IA 3.0/PIPELINES/__pycache__/pipeline_detector_anomalias_compras.cpython-313.pyc",2118,"copia_anidada_del_proyecto"
"Proyecto Host IA 3.0/PIPELINES/__pycache__/pipeline_detector_campos_linea_factura.cpython-313.pyc",2526,"copia_anidada_del_proyecto"
"Proyecto Host IA 3.0/PIPELINES/__pycache__/pipeline_detector_excel.cpython-313.pyc",2684,"copia_anidada_del_proyecto"
"Proyecto Host IA 3.0/PIPELINES/__pycache__/pipeline_ejecutor_importador_universal_facturas.cpython-313.pyc",2909,"copia_anidada_del_proyecto"
"Proyecto Host IA 3.0/PIPELINES/__pycache__/pipeline_escandallos.cpython-313.pyc",3644,"copia_anidada_del_proyecto"
"Proyecto Host IA 3.0/PIPELINES/__pycache__/pipeline_evento.cpython-313.pyc",4591,"copia_anidada_del_proyecto"
"Proyecto Host IA 3.0/PIPELINES/__pycache__/pipeline_evento_api.cpython-313.pyc",8989,"copia_anidada_del_proyecto"
"Proyecto Host IA 3.0/PIPELINES/__pycache__/pipeline_excel.cpython-313.pyc",2310,"copia_anidada_del_proyecto"
"Proyecto Host IA 3.0/PIPELINES/__pycache__/pipeline_generador_inteligente_respuestas.cpython-313.pyc",2421,"copia_anidada_del_proyecto"
"Proyecto Host IA 3.0/PIPELINES/__pycache__/pipeline_historico_inteligente_precios.cpython-313.pyc",3335,"copia_anidada_del_proyecto"
"Proyecto Host IA 3.0/PIPELINES/__pycache__/pipeline_historico_inteligente_stock.cpython-313.pyc",3332,"copia_anidada_del_proyecto"
"Proyecto Host IA 3.0/PIPELINES/__pycache__/pipeline_ia_culinaria.cpython-313.pyc",3848,"copia_anidada_del_proyecto"
"Proyecto Host IA 3.0/PIPELINES/__pycache__/pipeline_importador_articulos_excel.cpython-313.pyc",2826,"copia_anidada_del_proyecto"
"Proyecto Host IA 3.0/PIPELINES/__pycache__/pipeline_importador_escandallos_excel.cpython-313.pyc",2512,"copia_anidada_del_proyecto"
"Proyecto Host IA 3.0/PIPELINES/__pycache__/pipeline_importador_inventario_excel.cpython-313.pyc",2987,"copia_anidada_del_proyecto"
"Proyecto Host IA 3.0/PIPELINES/__pycache__/pipeline_lector_completo_lineas_factura.cpython-313.pyc",3194,"copia_anidada_del_proyecto"
"Proyecto Host IA 3.0/PIPELINES/__pycache__/pipeline_lector_facturas_con_ocr.cpython-313.pyc",2825,"copia_anidada_del_proyecto"
"Proyecto Host IA 3.0/PIPELINES/__pycache__/pipeline_mapeador_columnas_excel.cpython-313.pyc",3855,"copia_anidada_del_proyecto"
"Proyecto Host IA 3.0/PIPELINES/__pycache__/pipeline_memoria_conversacional_308.cpython-313.pyc",3182,"copia_anidada_del_proyecto"
"Proyecto Host IA 3.0/PIPELINES/__pycache__/pipeline_motor_alertas_escandallos.cpython-313.pyc",2166,"copia_anidada_del_proyecto"
"Proyecto Host IA 3.0/PIPELINES/__pycache__/pipeline_motor_alertas_produccion.cpython-313.pyc",2257,"copia_anidada_del_proyecto"
"Proyecto Host IA 3.0/PIPELINES/__pycache__/pipeline_motor_alertas_stock.cpython-313.pyc",2623,"copia_anidada_del_proyecto"
"Proyecto Host IA 3.0/PIPELINES/__pycache__/pipeline_motor_conversacional_308.cpython-313.pyc",2938,"copia_anidada_del_proyecto"
"Proyecto Host IA 3.0/PIPELINES/__pycache__/pipeline_motor_inteligente_pedidos.cpython-313.pyc",2771,"copia_anidada_del_proyecto"
"Proyecto Host IA 3.0/PIPELINES/__pycache__/pipeline_motor_ocr_simulado.cpython-313.pyc",2585,"copia_anidada_del_proyecto"
"Proyecto Host IA 3.0/PIPELINES/__pycache__/pipeline_motor_optimizacion_carta.cpython-313.pyc",2362,"copia_anidada_del_proyecto"
"Proyecto Host IA 3.0/PIPELINES/__pycache__/pipeline_motor_recomendaciones_compras.cpython-313.pyc",1927,"copia_anidada_del_proyecto"
"Proyecto Host IA 3.0/PIPELINES/__pycache__/pipeline_optimizador_inteligente_produccion.cpython-313.pyc",2440,"copia_anidada_del_proyecto"
"Proyecto Host IA 3.0/PIPELINES/__pycache__/pipeline_optimizador_inteligente_recetas.cpython-313.pyc",2409,"copia_anidada_del_proyecto"
"Proyecto Host IA 3.0/PIPELINES/__pycache__/pipeline_optimizador_stock.cpython-313.pyc",2091,"copia_anidada_del_proyecto"
"Proyecto Host IA 3.0/PIPELINES/__pycache__/pipeline_parser_lineas_factura.cpython-313.pyc",2916,"copia_anidada_del_proyecto"
"Proyecto Host IA 3.0/PIPELINES/__pycache__/pipeline_pdf_facturas.cpython-313.pyc",2918,"copia_anidada_del_proyecto"
"Proyecto Host IA 3.0/PIPELINES/__pycache__/pipeline_persistencia.cpython-313.pyc",2539,"copia_anidada_del_proyecto"
"Proyecto Host IA 3.0/PIPELINES/__pycache__/pipeline_planificador_inteligente_produccion.cpython-313.pyc",2437,"copia_anidada_del_proyecto"
"Proyecto Host IA 3.0/PIPELINES/__pycache__/pipeline_prediccion_inteligente_precios.cpython-313.pyc",2574,"copia_anidada_del_proyecto"
"Proyecto Host IA 3.0/PIPELINES/__pycache__/pipeline_prediccion_inteligente_rentabilidad.cpython-313.pyc",2392,"copia_anidada_del_proyecto"
"Proyecto Host IA 3.0/PIPELINES/__pycache__/pipeline_prediccion_necesidades_stock.cpython-313.pyc",2290,"copia_anidada_del_proyecto"
"Proyecto Host IA 3.0/PIPELINES/__pycache__/pipeline_prediccion_roturas_stock.cpython-313.pyc",2556,"copia_anidada_del_proyecto"
"Proyecto Host IA 3.0/PIPELINES/__pycache__/pipeline_produccion_completa.cpython-313.pyc",2916,"copia_anidada_del_proyecto"
"Proyecto Host IA 3.0/PIPELINES/__pycache__/pipeline_produccion_real.cpython-313.pyc",3316,"copia_anidada_del_proyecto"
"Proyecto Host IA 3.0/PIPELINES/__pycache__/pipeline_proveedores_pdf.cpython-313.pyc",3749,"copia_anidada_del_proyecto"
"Proyecto Host IA 3.0/PIPELINES/__pycache__/pipeline_reconciliador_inteligente_stock.cpython-313.pyc",2213,"copia_anidada_del_proyecto"
"Proyecto Host IA 3.0/PIPELINES/__pycache__/pipeline_reconciliador_stock_factura.cpython-313.pyc",2556,"copia_anidada_del_proyecto"
"Proyecto Host IA 3.0/PIPELINES/__pycache__/pipeline_relacionador_automatico_articulos_factura.cpython-313.pyc",4416,"copia_anidada_del_proyecto"
"Proyecto Host IA 3.0/PIPELINES/__pycache__/pipeline_replanificador_inteligente_produccion.cpython-313.pyc",2418,"copia_anidada_del_proyecto"
"Proyecto Host IA 3.0/PIPELINES/__pycache__/pipeline_resumen_ejecutivo_importaciones.cpython-313.pyc",2163,"copia_anidada_del_proyecto"
"Proyecto Host IA 3.0/PIPELINES/__pycache__/pipeline_selector_inteligente_motores.cpython-313.pyc",2397,"copia_anidada_del_proyecto"
"Proyecto Host IA 3.0/PIPELINES/__pycache__/pipeline_simulador_costes_escandallos.cpython-313.pyc",2226,"copia_anidada_del_proyecto"
"Proyecto Host IA 3.0/PIPELINES/__pycache__/pipeline_stock.cpython-313.pyc",5607,"copia_anidada_del_proyecto"
"Proyecto Host IA 3.0/PIPELINES/__pycache__/pipeline_stock_por_ubicaciones.cpython-313.pyc",3112,"copia_anidada_del_proyecto"
"Proyecto Host IA 3.0/PIPELINES/__pycache__/pipeline_validador_corrector_ocr.cpython-313.pyc",2431,"copia_anidada_del_proyecto"
"Proyecto Host IA 3.0/PIPELINES/__pycache__/pipeline_validador_lineas_factura.cpython-313.pyc",4081,"copia_anidada_del_proyecto"
"Proyecto Host IA 3.0/PIPELINES/__pycache__/pipeline_validador_relaciones_articulos_factura.cpython-313.pyc",3345,"copia_anidada_del_proyecto"
"Proyecto Host IA 3.0/PIPELINES/__pycache__/__init__.cpython-313.pyc",142,"copia_anidada_del_proyecto"
"Proyecto Host IA 3.0/MOTORES/__pycache__/motor_asistente_conversacional.cpython-313.pyc",11952,"copia_anidada_del_proyecto"
"Proyecto Host IA 3.0/MOTORES/__pycache__/motor_compras.cpython-313.pyc",5962,"copia_anidada_del_proyecto"
"Proyecto Host IA 3.0/MOTORES/__pycache__/motor_costes_inteligente.cpython-313.pyc",16434,"copia_anidada_del_proyecto"
"Proyecto Host IA 3.0/MOTORES/__pycache__/motor_escandallos_inteligente.cpython-313.pyc",8553,"copia_anidada_del_proyecto"
"Proyecto Host IA 3.0/MOTORES/__pycache__/motor_eventos.cpython-313.pyc",7309,"copia_anidada_del_proyecto"
"Proyecto Host IA 3.0/MOTORES/__pycache__/motor_ia_culinaria.cpython-313.pyc",14540,"copia_anidada_del_proyecto"
"Proyecto Host IA 3.0/MOTORES/__pycache__/motor_memoria_operacional.cpython-313.pyc",1101,"copia_anidada_del_proyecto"
"Proyecto Host IA 3.0/MOTORES/__pycache__/motor_persistencia.cpython-313.pyc",5985,"copia_anidada_del_proyecto"
"Proyecto Host IA 3.0/MOTORES/__pycache__/motor_produccion_completa.cpython-313.pyc",7848,"copia_anidada_del_proyecto"
"Proyecto Host IA 3.0/MOTORES/__pycache__/motor_produccion_real.cpython-313.pyc",13928,"copia_anidada_del_proyecto"
"Proyecto Host IA 3.0/MOTORES/__pycache__/motor_simulador_produccion_evento.cpython-313.pyc",1591,"copia_anidada_del_proyecto"
"Proyecto Host IA 3.0/MOTORES/__pycache__/motor_stock.cpython-313.pyc",11113,"copia_anidada_del_proyecto"
"Proyecto Host IA 3.0/MOTORES/__pycache__/__init__.cpython-313.pyc",140,"copia_anidada_del_proyecto"
"Proyecto Host IA 3.0/MODELOS/__pycache__/actualizacion_precios_factura.cpython-313.pyc",5856,"copia_anidada_del_proyecto"
"Proyecto Host IA 3.0/MODELOS/__pycache__/actualizacion_stock_factura.cpython-313.pyc",5738,"copia_anidada_del_proyecto"
"Proyecto Host IA 3.0/MODELOS/__pycache__/alertas_inteligentes_stock_305.cpython-313.pyc",2951,"copia_anidada_del_proyecto"
"Proyecto Host IA 3.0/MODELOS/__pycache__/alertas_precios.cpython-313.pyc",2180,"copia_anidada_del_proyecto"
"Proyecto Host IA 3.0/MODELOS/__pycache__/alertas_produccion_306.cpython-313.pyc",1737,"copia_anidada_del_proyecto"
"Proyecto Host IA 3.0/MODELOS/__pycache__/alertas_stock.cpython-313.pyc",2093,"copia_anidada_del_proyecto"
"Proyecto Host IA 3.0/MODELOS/__pycache__/analisis_compras.cpython-313.pyc",2467,"copia_anidada_del_proyecto"
"Proyecto Host IA 3.0/MODELOS/__pycache__/analisis_inteligente_stock.cpython-313.pyc",3507,"copia_anidada_del_proyecto"
"Proyecto Host IA 3.0/MODELOS/__pycache__/analisis_produccion_306.cpython-313.pyc",2374,"copia_anidada_del_proyecto"
"Proyecto Host IA 3.0/MODELOS/__pycache__/anomalias_compras.cpython-313.pyc",3038,"copia_anidada_del_proyecto"
"Proyecto Host IA 3.0/MODELOS/__pycache__/api_interna.cpython-313.pyc",2939,"copia_anidada_del_proyecto"
"Proyecto Host IA 3.0/MODELOS/__pycache__/asistente_conversacional.cpython-313.pyc",3224,"copia_anidada_del_proyecto"
"Proyecto Host IA 3.0/MODELOS/__pycache__/asistente_importacion_excel.cpython-313.pyc",2950,"copia_anidada_del_proyecto"
"Proyecto Host IA 3.0/MODELOS/__pycache__/auditoria_importaciones.cpython-313.pyc",2400,"copia_anidada_del_proyecto"
"Proyecto Host IA 3.0/MODELOS/__pycache__/cierre_gestion_stock.cpython-313.pyc",1240,"copia_anidada_del_proyecto"
"Proyecto Host IA 3.0/MODELOS/__pycache__/cierre_importador_universal.cpython-313.pyc",2354,"copia_anidada_del_proyecto"
"Proyecto Host IA 3.0/MODELOS/__pycache__/cierre_inteligencia_compras.cpython-313.pyc",3408,"copia_anidada_del_proyecto"
"Proyecto Host IA 3.0/MODELOS/__pycache__/comparador_proveedores_inteligente.cpython-313.pyc",2913,"copia_anidada_del_proyecto"
"Proyecto Host IA 3.0/MODELOS/__pycache__/compras.cpython-313.pyc",3445,"copia_anidada_del_proyecto"
"Proyecto Host IA 3.0/MODELOS/__pycache__/conflictos_excel.cpython-313.pyc",3480,"copia_anidada_del_proyecto"
"Proyecto Host IA 3.0/MODELOS/__pycache__/control_movimientos_stock_305.cpython-313.pyc",3274,"copia_anidada_del_proyecto"
"Proyecto Host IA 3.0/MODELOS/__pycache__/costes_inteligentes.cpython-313.pyc",7215,"copia_anidada_del_proyecto"
"Proyecto Host IA 3.0/MODELOS/__pycache__/deteccion_excel.cpython-313.pyc",3633,"copia_anidada_del_proyecto"
"Proyecto Host IA 3.0/MODELOS/__pycache__/ejecucion_produccion_306.cpython-313.pyc",3295,"copia_anidada_del_proyecto"
"Proyecto Host IA 3.0/MODELOS/__pycache__/escandallos_inteligentes.cpython-313.pyc",6098,"copia_anidada_del_proyecto"
"Proyecto Host IA 3.0/MODELOS/__pycache__/escandallos_inteligentes_307.cpython-313.pyc",6934,"copia_anidada_del_proyecto"
"Proyecto Host IA 3.0/MODELOS/__pycache__/excel_importacion.cpython-313.pyc",3824,"copia_anidada_del_proyecto"
"Proyecto Host IA 3.0/MODELOS/__pycache__/historico_precios.cpython-313.pyc",3119,"copia_anidada_del_proyecto"
"Proyecto Host IA 3.0/MODELOS/__pycache__/historico_stock.cpython-313.pyc",3062,"copia_anidada_del_proyecto"
"Proyecto Host IA 3.0/MODELOS/__pycache__/ia_conversacional_308.cpython-313.pyc",7827,"copia_anidada_del_proyecto"
"Proyecto Host IA 3.0/MODELOS/__pycache__/ia_culinaria.cpython-313.pyc",4416,"copia_anidada_del_proyecto"
"Proyecto Host IA 3.0/MODELOS/__pycache__/importacion_articulos_excel.cpython-313.pyc",4418,"copia_anidada_del_proyecto"
"Proyecto Host IA 3.0/MODELOS/__pycache__/importacion_escandallos_excel.cpython-313.pyc",3029,"copia_anidada_del_proyecto"
"Proyecto Host IA 3.0/MODELOS/__pycache__/importacion_inventario_excel.cpython-313.pyc",4985,"copia_anidada_del_proyecto"
"Proyecto Host IA 3.0/MODELOS/__pycache__/importacion_universal_facturas.cpython-313.pyc",3689,"copia_anidada_del_proyecto"
"Proyecto Host IA 3.0/MODELOS/__pycache__/lineas_factura.cpython-313.pyc",6829,"copia_anidada_del_proyecto"
"Proyecto Host IA 3.0/MODELOS/__pycache__/mapeo_columnas_excel.cpython-313.pyc",4196,"copia_anidada_del_proyecto"
"Proyecto Host IA 3.0/MODELOS/__pycache__/motor_pedidos_inteligente.cpython-313.pyc",3103,"copia_anidada_del_proyecto"
"Proyecto Host IA 3.0/MODELOS/__pycache__/ocr_documentos.cpython-313.pyc",2193,"copia_anidada_del_proyecto"
"Proyecto Host IA 3.0/MODELOS/__pycache__/optimizacion_produccion_306.cpython-313.pyc",3301,"copia_anidada_del_proyecto"
"Proyecto Host IA 3.0/MODELOS/__pycache__/optimizacion_stock.cpython-313.pyc",1988,"copia_anidada_del_proyecto"
"Proyecto Host IA 3.0/MODELOS/__pycache__/pdf_facturas.cpython-313.pyc",3507,"copia_anidada_del_proyecto"
"Proyecto Host IA 3.0/MODELOS/__pycache__/planificacion_produccion_306.cpython-313.pyc",3359,"copia_anidada_del_proyecto"
"Proyecto Host IA 3.0/MODELOS/__pycache__/prediccion_necesidades_stock.cpython-313.pyc",2237,"copia_anidada_del_proyecto"
"Proyecto Host IA 3.0/MODELOS/__pycache__/prediccion_precios.cpython-313.pyc",2965,"copia_anidada_del_proyecto"
"Proyecto Host IA 3.0/MODELOS/__pycache__/produccion_completa.cpython-313.pyc",3218,"copia_anidada_del_proyecto"
"Proyecto Host IA 3.0/MODELOS/__pycache__/produccion_real.cpython-313.pyc",6546,"copia_anidada_del_proyecto"
"Proyecto Host IA 3.0/MODELOS/__pycache__/proveedores_pdf.cpython-313.pyc",2956,"copia_anidada_del_proyecto"
"Proyecto Host IA 3.0/MODELOS/__pycache__/recomendaciones_compras.cpython-313.pyc",1938,"copia_anidada_del_proyecto"
"Proyecto Host IA 3.0/MODELOS/__pycache__/reconciliacion_stock_305.cpython-313.pyc",3243,"copia_anidada_del_proyecto"
"Proyecto Host IA 3.0/MODELOS/__pycache__/reconciliacion_stock_factura.cpython-313.pyc",5146,"copia_anidada_del_proyecto"
"Proyecto Host IA 3.0/MODELOS/__pycache__/relacion_articulos_factura.cpython-313.pyc",8300,"copia_anidada_del_proyecto"
"Proyecto Host IA 3.0/MODELOS/__pycache__/resultado_ocr.cpython-313.pyc",2207,"copia_anidada_del_proyecto"
"Proyecto Host IA 3.0/MODELOS/__pycache__/resumen_importaciones.cpython-313.pyc",2463,"copia_anidada_del_proyecto"
"Proyecto Host IA 3.0/MODELOS/__pycache__/roturas_stock.cpython-313.pyc",2903,"copia_anidada_del_proyecto"
"Proyecto Host IA 3.0/MODELOS/__pycache__/stock.cpython-313.pyc",3276,"copia_anidada_del_proyecto"
"Proyecto Host IA 3.0/MODELOS/__pycache__/stock_ubicaciones.cpython-313.pyc",2661,"copia_anidada_del_proyecto"
"Proyecto Host IA 3.0/MODELOS/__pycache__/validacion_lineas_factura.cpython-313.pyc",6683,"copia_anidada_del_proyecto"
"Proyecto Host IA 3.0/MODELOS/__pycache__/validacion_ocr.cpython-313.pyc",2133,"copia_anidada_del_proyecto"
"Proyecto Host IA 3.0/MODELOS/__pycache__/validacion_relaciones_articulos.cpython-313.pyc",5570,"copia_anidada_del_proyecto"
"Proyecto Host IA 3.0/MODELOS/__pycache__/__init__.cpython-313.pyc",140,"copia_anidada_del_proyecto"
"Proyecto Host IA 3.0/DOCS/AUDITORIA_RC1/00_RESUMEN_RC1_1_AUDITORIA_ARQUITECTURA.md",1670,"copia_anidada_del_proyecto"
"Proyecto Host IA 3.0/DOCS/AUDITORIA_RC1/01_CORE.md",1419,"copia_anidada_del_proyecto"
"Proyecto Host IA 3.0/DOCS/AUDITORIA_RC1/02_MODELOS.md",1115,"copia_anidada_del_proyecto"
"Proyecto Host IA 3.0/DOCS/AUDITORIA_RC1/03_SERVICIOS.md",1376,"copia_anidada_del_proyecto"
"Proyecto Host IA 3.0/DOCS/AUDITORIA_RC1/04_PIPELINES.md",1135,"copia_anidada_del_proyecto"
"Proyecto Host IA 3.0/DOCS/AUDITORIA_RC1/05_TESTS.md",1579,"copia_anidada_del_proyecto"
"Proyecto Host IA 3.0/DOCS/AUDITORIA_RC1/06_DOCS.md",1024,"copia_anidada_del_proyecto"
"Proyecto Host IA 3.0/DOCS/AUDITORIA_RC1/07_DATOS.md",1355,"copia_anidada_del_proyecto"
"Proyecto Host IA 3.0/DOCS/AUDITORIA_RC1/08_PLAN_RC1_RECOMENDADO.md",1539,"copia_anidada_del_proyecto"
"Proyecto Host IA 3.0/DATOS/db/.gitkeep",0,"copia_anidada_del_proyecto"
"Proyecto Host IA 3.0/DATOS/db/ajustes_inventario_4_3_11_4.txt",359,"copia_anidada_del_proyecto"
"Proyecto Host IA 3.0/DATOS/db/alertas_stock_bajo_4_3_4.txt",668,"copia_anidada_del_proyecto"
"Proyecto Host IA 3.0/DATOS/db/articulos.json",106152,"copia_anidada_del_proyecto"
"Proyecto Host IA 3.0/DATOS/db/cierre_catalogo_base_4_1_13.txt",843,"copia_anidada_del_proyecto"
"Proyecto Host IA 3.0/DATOS/db/cierre_modulo_stock_4_3_12.txt",1038,"copia_anidada_del_proyecto"
"Proyecto Host IA 3.0/DATOS/db/comparacion_inventario_4_3_11_3.json",217,"copia_anidada_del_proyecto"
"Proyecto Host IA 3.0/DATOS/db/comparacion_inventario_4_3_11_3.txt",507,"copia_anidada_del_proyecto"
"Proyecto Host IA 3.0/DATOS/db/compras_necesidades.json",2,"copia_anidada_del_proyecto"
"Proyecto Host IA 3.0/DATOS/db/compras_pedidos.json",2,"copia_anidada_del_proyecto"
"Proyecto Host IA 3.0/DATOS/db/entradas_desde_pedido_4_3_8.txt",606,"copia_anidada_del_proyecto"
"Proyecto Host IA 3.0/DATOS/db/escandallos.json",2,"copia_anidada_del_proyecto"
"Proyecto Host IA 3.0/DATOS/db/eventos.json",2,"copia_anidada_del_proyecto"
"Proyecto Host IA 3.0/DATOS/db/historial_chat.json",2,"copia_anidada_del_proyecto"
"Proyecto Host IA 3.0/DATOS/db/historial_movimientos_stock_4_3_10.txt",364,"copia_anidada_del_proyecto"
"Proyecto Host IA 3.0/DATOS/db/ideas_culinarias.json",2,"copia_anidada_del_proyecto"
"Proyecto Host IA 3.0/DATOS/db/informe_catalogo_articulos_4_1_8.txt",1218,"copia_anidada_del_proyecto"
"Proyecto Host IA 3.0/DATOS/db/informe_familias_4_1_9.txt",304,"copia_anidada_del_proyecto"
"Proyecto Host IA 3.0/DATOS/db/informe_familias_proveedor_4_1_12.txt",5162,"copia_anidada_del_proyecto"
"Proyecto Host IA 3.0/DATOS/db/informe_final_inventario_4_3_11_5.txt",689,"copia_anidada_del_proyecto"
"Proyecto Host IA 3.0/DATOS/db/informe_proveedores_4_2_3.txt",686,"copia_anidada_del_proyecto"
"Proyecto Host IA 3.0/DATOS/db/informe_stock_inicial_4_3_3.txt",900,"copia_anidada_del_proyecto"
"Proyecto Host IA 3.0/DATOS/db/inventario_contado_4_3_11_2.json",2,"copia_anidada_del_proyecto"
"Proyecto Host IA 3.0/DATOS/db/pedidos_confirmados.json",876,"copia_anidada_del_proyecto"
"Proyecto Host IA 3.0/DATOS/db/pedido_sugerido_stock_bajo_4_3_5.json",1423,"copia_anidada_del_proyecto"
"Proyecto Host IA 3.0/DATOS/db/pedido_sugerido_stock_bajo_4_3_5.txt",622,"copia_anidada_del_proyecto"
"Proyecto Host IA 3.0/DATOS/db/pendientes_familia_4_1_10.txt",3877,"copia_anidada_del_proyecto"
"Proyecto Host IA 3.0/DATOS/db/planes_produccion.json",2,"copia_anidada_del_proyecto"
"Proyecto Host IA 3.0/DATOS/db/precios.json",283,"copia_anidada_del_proyecto"
"Proyecto Host IA 3.0/DATOS/db/proveedores.json",6320,"copia_anidada_del_proyecto"
"Proyecto Host IA 3.0/DATOS/db/stock_inicial.json",1277,"copia_anidada_del_proyecto"
"Proyecto Host IA 3.0/DATOS/db/stock_lotes.json",350,"copia_anidada_del_proyecto"
"Proyecto Host IA 3.0/DATOS/db/stock_movimientos.json",285,"copia_anidada_del_proyecto"
"Proyecto Host IA 3.0/DATOS/db/_metadata.json",67,"copia_anidada_del_proyecto"
"Proyecto Host IA 3.0/DATOS/diccionarios/diccionario_columnas_excel.json",119,"copia_anidada_del_proyecto"
"Proyecto Host IA 3.0/DATOS/diccionarios/diccionario_gastronomico_universal.json",100,"copia_anidada_del_proyecto"
"Proyecto Host IA 3.0/DATOS/diccionarios/diccionario_proveedores_pdf.json",2551,"copia_anidada_del_proyecto"
"Proyecto Host IA 3.0/DATOS/diccionarios/diccionario_relaciones_proveedor.json",394,"copia_anidada_del_proyecto"
"Proyecto Host IA 3.0/DATOS/facturas/alertas_precios.json",1682,"copia_anidada_del_proyecto"
"Proyecto Host IA 3.0/DATOS/facturas/alertas_stock.json",3351,"copia_anidada_del_proyecto"
"Proyecto Host IA 3.0/DATOS/facturas/analisis_pdf_20260708_090903.json",1053,"copia_anidada_del_proyecto"
"Proyecto Host IA 3.0/DATOS/facturas/analisis_pdf_20260708_091120.json",1062,"copia_anidada_del_proyecto"
"Proyecto Host IA 3.0/DATOS/facturas/analisis_pdf_20260708_114716.json",1072,"copia_anidada_del_proyecto"
"Proyecto Host IA 3.0/DATOS/facturas/auditoria_importaciones_universales.json",100626,"copia_anidada_del_proyecto"
"Proyecto Host IA 3.0/DATOS/facturas/factura_auditoria_universal.png",66,"copia_anidada_del_proyecto"
"Proyecto Host IA 3.0/DATOS/facturas/factura_demo_makro.pdf",1551,"copia_anidada_del_proyecto"
"Proyecto Host IA 3.0/DATOS/facturas/factura_ejecutor_universal.png",66,"copia_anidada_del_proyecto"
"Proyecto Host IA 3.0/DATOS/facturas/factura_escaneada_demo.png",66,"copia_anidada_del_proyecto"
"Proyecto Host IA 3.0/DATOS/facturas/factura_importador_universal.png",66,"copia_anidada_del_proyecto"
"Proyecto Host IA 3.0/DATOS/facturas/factura_ocr_integrada.png",66,"copia_anidada_del_proyecto"
"Proyecto Host IA 3.0/DATOS/facturas/historico_precios.json",40529,"copia_anidada_del_proyecto"
"Proyecto Host IA 3.0/DATOS/facturas/historico_stock.json",36483,"copia_anidada_del_proyecto"
"Proyecto Host IA 3.0/DATOS/facturas/lectura_factura_con_ocr.json",4687,"copia_anidada_del_proyecto"
"Proyecto Host IA 3.0/DATOS/facturas/log_actualizaciones_precios.json",7050,"copia_anidada_del_proyecto"
"Proyecto Host IA 3.0/DATOS/facturas/log_actualizaciones_stock.json",7550,"copia_anidada_del_proyecto"
"Proyecto Host IA 3.0/DATOS/facturas/ocr_cache_manual.json",377,"copia_anidada_del_proyecto"
"Proyecto Host IA 3.0/DATOS/facturas/test_analisis_compras.json",2217,"copia_anidada_del_proyecto"
"Proyecto Host IA 3.0/DATOS/facturas/test_anomalias_compras.json",169910,"copia_anidada_del_proyecto"
"Proyecto Host IA 3.0/DATOS/facturas/test_bloque_lineas_factura.json",3482,"copia_anidada_del_proyecto"
"Proyecto Host IA 3.0/DATOS/facturas/test_busqueda_articulos_parecidos.json",4650,"copia_anidada_del_proyecto"
"Proyecto Host IA 3.0/DATOS/facturas/test_cierre_importador_universal.json",187123,"copia_anidada_del_proyecto"
"Proyecto Host IA 3.0/DATOS/facturas/test_comparacion_proveedores.json",2312,"copia_anidada_del_proyecto"
"Proyecto Host IA 3.0/DATOS/facturas/test_diagnostico_ocr.json",1441,"copia_anidada_del_proyecto"
"Proyecto Host IA 3.0/DATOS/facturas/test_informe_precios.json",2910,"copia_anidada_del_proyecto"
"Proyecto Host IA 3.0/DATOS/facturas/test_informe_relacion_articulos.json",2503,"copia_anidada_del_proyecto"
"Proyecto Host IA 3.0/DATOS/facturas/test_informe_stock_factura.json",2972,"copia_anidada_del_proyecto"
"Proyecto Host IA 3.0/DATOS/facturas/test_lectura_factura_completa.json",8686,"copia_anidada_del_proyecto"
"Proyecto Host IA 3.0/DATOS/facturas/test_lectura_factura_ocr.json",9330,"copia_anidada_del_proyecto"
"Proyecto Host IA 3.0/DATOS/facturas/test_lineas_factura_parser.json",6105,"copia_anidada_del_proyecto"
"Proyecto Host IA 3.0/DATOS/facturas/test_ocr_imagen.png",66,"copia_anidada_del_proyecto"
"Proyecto Host IA 3.0/DATOS/facturas/test_prediccion_precios.json",25245,"copia_anidada_del_proyecto"
"Proyecto Host IA 3.0/DATOS/facturas/test_preparacion_importacion_factura.json",35598,"copia_anidada_del_proyecto"
"Proyecto Host IA 3.0/DATOS/facturas/test_recomendaciones_compras.json",5387,"copia_anidada_del_proyecto"
"Proyecto Host IA 3.0/DATOS/facturas/test_reconciliacion_stock.json",2378,"copia_anidada_del_proyecto"
"Proyecto Host IA 3.0/DATOS/facturas/test_relacion_automatica_articulos.json",6059,"copia_anidada_del_proyecto"
"Proyecto Host IA 3.0/DATOS/facturas/test_resultado_importacion_factura.json",67218,"copia_anidada_del_proyecto"
"Proyecto Host IA 3.0/DATOS/facturas/test_resultado_ocr.json",2637,"copia_anidada_del_proyecto"
"Proyecto Host IA 3.0/DATOS/facturas/test_resumen_importaciones.json",175169,"copia_anidada_del_proyecto"
"Proyecto Host IA 3.0/DATOS/facturas/test_validacion_factura.json",4792,"copia_anidada_del_proyecto"
"Proyecto Host IA 3.0/DATOS/facturas/test_validacion_ocr.json",2499,"copia_anidada_del_proyecto"
"Proyecto Host IA 3.0/DATOS/facturas/test_validacion_relaciones.json",2023,"copia_anidada_del_proyecto"
"Proyecto Host IA 3.0/DATOS/ia_conversacional/memoria_conversacional_3085.json",777,"copia_anidada_del_proyecto"
"Proyecto Host IA 3.0/DATOS/importaciones/analisis_excel_20260708_075752.json",5316,"copia_anidada_del_proyecto"
"Proyecto Host IA 3.0/DATOS/importaciones/analisis_excel_20260708_080727.json",7957,"copia_anidada_del_proyecto"
"Proyecto Host IA 3.0/DATOS/importaciones/analisis_excel_20260708_081604.json",5125,"copia_anidada_del_proyecto"
"Proyecto Host IA 3.0/DATOS/importaciones/analisis_excel_20260708_082005.json",4606,"copia_anidada_del_proyecto"
"Proyecto Host IA 3.0/DATOS/importaciones/analisis_excel_20260708_083204.json",4557,"copia_anidada_del_proyecto"
"Proyecto Host IA 3.0/DATOS/importaciones/analisis_excel_20260708_084801.json",5118,"copia_anidada_del_proyecto"
"Proyecto Host IA 3.0/DATOS/importaciones/analisis_excel_20260708_084827.json",5118,"copia_anidada_del_proyecto"
"Proyecto Host IA 3.0/DATOS/importaciones/analisis_excel_20260708_084828.json",5118,"copia_anidada_del_proyecto"
"Proyecto Host IA 3.0/DATOS/importaciones/analisis_excel_20260708_085212.json",2965,"copia_anidada_del_proyecto"
"Proyecto Host IA 3.0/DATOS/importaciones/analisis_excel_20260708_085250.json",2965,"copia_anidada_del_proyecto"
"Proyecto Host IA 3.0/DATOS/importaciones/analisis_excel_20260708_085251.json",2965,"copia_anidada_del_proyecto"
"Proyecto Host IA 3.0/DATOS/importaciones/analisis_excel_20260708_085300.json",2943,"copia_anidada_del_proyecto"
"Proyecto Host IA 3.0/DATOS/importaciones/analisis_excel_20260708_085328.json",2965,"copia_anidada_del_proyecto"
"Proyecto Host IA 3.0/DATOS/importaciones/analisis_excel_20260708_085933.json",4169,"copia_anidada_del_proyecto"
"Proyecto Host IA 3.0/DATOS/importaciones/analisis_excel_20260708_090003.json",4169,"copia_anidada_del_proyecto"
"Proyecto Host IA 3.0/DATOS/importaciones/analisis_excel_20260708_100335.json",5509,"copia_anidada_del_proyecto"
"Proyecto Host IA 3.0/DATOS/importaciones/analisis_excel_20260708_101139.json",8256,"copia_anidada_del_proyecto"
"Proyecto Host IA 3.0/DATOS/importaciones/analisis_excel_20260708_101802.json",5309,"copia_anidada_del_proyecto"
"Proyecto Host IA 3.0/DATOS/importaciones/analisis_excel_20260708_102321.json",4760,"copia_anidada_del_proyecto"
"Proyecto Host IA 3.0/DATOS/importaciones/analisis_excel_20260708_104247.json",4708,"copia_anidada_del_proyecto"
"Proyecto Host IA 3.0/DATOS/importaciones/analisis_excel_20260708_105035.json",5289,"copia_anidada_del_proyecto"
"Proyecto Host IA 3.0/DATOS/importaciones/analisis_excel_20260708_105036.json",5289,"copia_anidada_del_proyecto"
"Proyecto Host IA 3.0/DATOS/importaciones/analisis_excel_20260708_114424.json",4303,"copia_anidada_del_proyecto"
"Proyecto Host IA 3.0/DATOS/importaciones/debug_conf.xlsx",4995,"copia_anidada_del_proyecto"
"Proyecto Host IA 3.0/DATOS/importaciones/excel_demo_asistente_articulos.xlsx",5015,"copia_anidada_del_proyecto"
"Proyecto Host IA 3.0/DATOS/importaciones/excel_demo_asistente_inventario.xlsx",5128,"copia_anidada_del_proyecto"
"Proyecto Host IA 3.0/DATOS/importaciones/excel_demo_conflictos.xlsx",4995,"copia_anidada_del_proyecto"
"Proyecto Host IA 3.0/DATOS/importaciones/excel_demo_detector.xlsx",6282,"copia_anidada_del_proyecto"
"Proyecto Host IA 3.0/DATOS/importaciones/excel_demo_importador_articulos.xlsx",5169,"copia_anidada_del_proyecto"
"Proyecto Host IA 3.0/DATOS/importaciones/excel_demo_importador_escandallos.xlsx",5173,"copia_anidada_del_proyecto"
"Proyecto Host IA 3.0/DATOS/importaciones/excel_demo_importador_inventario.xlsx",5245,"copia_anidada_del_proyecto"
"Proyecto Host IA 3.0/DATOS/importaciones/excel_demo_lector.xlsx",5669,"copia_anidada_del_proyecto"
"Proyecto Host IA 3.0/DATOS/importaciones/excel_demo_mapeador.xlsx",5646,"copia_anidada_del_proyecto"
"Proyecto Host IA 3.0/DATOS/db/snapshots/test_snapshot.json",3293,"copia_anidada_del_proyecto"
"Proyecto Host IA 3.0/CORE/__pycache__/director_host_ai.cpython-313.pyc",1127,"copia_anidada_del_proyecto"
"Proyecto Host IA 3.0/CORE/__pycache__/host_ai_core.cpython-313.pyc",37560,"copia_anidada_del_proyecto"
"Proyecto Host IA 3.0/CORE/__pycache__/orquestador.cpython-313.pyc",22262,"copia_anidada_del_proyecto"
"Proyecto Host IA 3.0/CORE/__pycache__/registro_pipelines.cpython-313.pyc",2338,"copia_anidada_del_proyecto"
"Proyecto Host IA 3.0/CORE/__pycache__/__init__.cpython-313.pyc",137,"copia_anidada_del_proyecto"
"Proyecto Host IA 3.0/APP/__pycache__/cerrar_recepcion_mercancia_446.cpython-313.pyc",2543,"copia_anidada_del_proyecto"
"Proyecto Host IA 3.0/APP/__pycache__/comparar_pedido_recepcion_445.cpython-313.pyc",2424,"copia_anidada_del_proyecto"
"Proyecto Host IA 3.0/APP/__pycache__/consola.cpython-313.pyc",29161,"copia_anidada_del_proyecto"
"Proyecto Host IA 3.0/APP/__pycache__/__init__.cpython-313.pyc",168,"copia_anidada_del_proyecto"
"PIPELINES/__pycache__/base_pipeline.cpython-313.pyc",2343,"cache_python"
"PIPELINES/__pycache__/pipeline_actualizador_inteligente_precios_factura.cpython-313.pyc",3314,"cache_python"
"PIPELINES/__pycache__/pipeline_actualizador_inteligente_stock_factura.cpython-313.pyc",3647,"cache_python"
"PIPELINES/__pycache__/pipeline_alertas_inteligentes_precios.cpython-313.pyc",2722,"cache_python"
"PIPELINES/__pycache__/pipeline_alertas_inteligentes_stock.cpython-313.pyc",2945,"cache_python"
"PIPELINES/__pycache__/pipeline_analizador_inteligente_compras.cpython-313.pyc",2271,"cache_python"
"PIPELINES/__pycache__/pipeline_analizador_inteligente_escandallos.cpython-313.pyc",2333,"cache_python"
"PIPELINES/__pycache__/pipeline_analizador_inteligente_produccion.cpython-313.pyc",2313,"cache_python"
"PIPELINES/__pycache__/pipeline_analizador_inteligente_stock.cpython-313.pyc",2310,"cache_python"
"PIPELINES/__pycache__/pipeline_analizador_lenguaje_natural.cpython-313.pyc",2176,"cache_python"
"PIPELINES/__pycache__/pipeline_aprendizaje_relacion_proveedor.cpython-313.pyc",3721,"cache_python"
"PIPELINES/__pycache__/pipeline_asignador_recursos_produccion.cpython-313.pyc",2356,"cache_python"
"PIPELINES/__pycache__/pipeline_asistente_conversacional.cpython-313.pyc",2817,"cache_python"
"PIPELINES/__pycache__/pipeline_asistente_importacion_excel.cpython-313.pyc",2999,"cache_python"
"PIPELINES/__pycache__/pipeline_asistente_inteligente_host_ai_308.cpython-313.pyc",2503,"cache_python"
"PIPELINES/__pycache__/pipeline_auditoria_importaciones_universales.cpython-313.pyc",2602,"cache_python"
"PIPELINES/__pycache__/pipeline_automatizador_inteligente_308.cpython-313.pyc",2771,"cache_python"
"PIPELINES/__pycache__/pipeline_base_actualizacion_precios_factura.cpython-313.pyc",2705,"cache_python"
"PIPELINES/__pycache__/pipeline_base_actualizacion_stock_factura.cpython-313.pyc",2622,"cache_python"
"PIPELINES/__pycache__/pipeline_base_importador_universal_facturas.cpython-313.pyc",2659,"cache_python"
"PIPELINES/__pycache__/pipeline_base_lineas_factura.cpython-313.pyc",2730,"cache_python"
"PIPELINES/__pycache__/pipeline_base_ocr_documentos.cpython-313.pyc",2495,"cache_python"
"PIPELINES/__pycache__/pipeline_base_relacion_articulos_factura.cpython-313.pyc",2746,"cache_python"
"PIPELINES/__pycache__/pipeline_buscador_articulos_parecidos.cpython-313.pyc",2932,"cache_python"
"PIPELINES/__pycache__/pipeline_cierre_escandallos_inteligentes.cpython-313.pyc",2387,"cache_python"
"PIPELINES/__pycache__/pipeline_cierre_gestion_inteligente_stock.cpython-313.pyc",2120,"cache_python"
"PIPELINES/__pycache__/pipeline_cierre_ia_conversacional_308.cpython-313.pyc",2241,"cache_python"
"PIPELINES/__pycache__/pipeline_cierre_importador_universal.cpython-313.pyc",2238,"cache_python"
"PIPELINES/__pycache__/pipeline_cierre_inteligencia_compras.cpython-313.pyc",2208,"cache_python"
"PIPELINES/__pycache__/pipeline_cierre_inteligente_produccion.cpython-313.pyc",2607,"cache_python"
"PIPELINES/__pycache__/pipeline_comparador_historico_escandallos.cpython-313.pyc",2407,"cache_python"
"PIPELINES/__pycache__/pipeline_comparador_inteligente_proveedores.cpython-313.pyc",2499,"cache_python"
"PIPELINES/__pycache__/pipeline_comparador_proveedores_precios.cpython-313.pyc",2489,"cache_python"
"PIPELINES/__pycache__/pipeline_compras.cpython-313.pyc",3565,"cache_python"
"PIPELINES/__pycache__/pipeline_conflictos_excel.cpython-313.pyc",2781,"cache_python"
"PIPELINES/__pycache__/pipeline_control_ejecucion_produccion.cpython-313.pyc",2328,"cache_python"
"PIPELINES/__pycache__/pipeline_control_inteligente_movimientos_stock.cpython-313.pyc",2081,"cache_python"
"PIPELINES/__pycache__/pipeline_costes.cpython-313.pyc",4683,"cache_python"
"PIPELINES/__pycache__/pipeline_detector_anomalias_compras.cpython-313.pyc",2675,"cache_python"
"PIPELINES/__pycache__/pipeline_detector_campos_linea_factura.cpython-313.pyc",2526,"cache_python"
"PIPELINES/__pycache__/pipeline_detector_excel.cpython-313.pyc",2684,"cache_python"
"PIPELINES/__pycache__/pipeline_ejecutor_importador_universal_facturas.cpython-313.pyc",2909,"cache_python"
"PIPELINES/__pycache__/pipeline_escandallos.cpython-313.pyc",3644,"cache_python"
"PIPELINES/__pycache__/pipeline_evento.cpython-313.pyc",4591,"cache_python"
"PIPELINES/__pycache__/pipeline_evento_api.cpython-313.pyc",8989,"cache_python"
"PIPELINES/__pycache__/pipeline_excel.cpython-313.pyc",2310,"cache_python"
"PIPELINES/__pycache__/pipeline_generador_inteligente_respuestas.cpython-313.pyc",2421,"cache_python"
"PIPELINES/__pycache__/pipeline_historico_inteligente_precios.cpython-313.pyc",3335,"cache_python"
"PIPELINES/__pycache__/pipeline_historico_inteligente_stock.cpython-313.pyc",3332,"cache_python"
"PIPELINES/__pycache__/pipeline_ia_culinaria.cpython-313.pyc",3848,"cache_python"
"PIPELINES/__pycache__/pipeline_importador_articulos_excel.cpython-313.pyc",2826,"cache_python"
"PIPELINES/__pycache__/pipeline_importador_escandallos_excel.cpython-313.pyc",2512,"cache_python"
"PIPELINES/__pycache__/pipeline_importador_inventario_excel.cpython-313.pyc",2987,"cache_python"
"PIPELINES/__pycache__/pipeline_lector_completo_lineas_factura.cpython-313.pyc",3194,"cache_python"
"PIPELINES/__pycache__/pipeline_lector_facturas_con_ocr.cpython-313.pyc",2825,"cache_python"
"PIPELINES/__pycache__/pipeline_mapeador_columnas_excel.cpython-313.pyc",3855,"cache_python"
"PIPELINES/__pycache__/pipeline_memoria_conversacional_308.cpython-313.pyc",3182,"cache_python"
"PIPELINES/__pycache__/pipeline_motor_alertas_escandallos.cpython-313.pyc",2166,"cache_python"
"PIPELINES/__pycache__/pipeline_motor_alertas_produccion.cpython-313.pyc",2257,"cache_python"
"PIPELINES/__pycache__/pipeline_motor_alertas_stock.cpython-313.pyc",2623,"cache_python"
"PIPELINES/__pycache__/pipeline_motor_conversacional_308.cpython-313.pyc",2938,"cache_python"
"PIPELINES/__pycache__/pipeline_motor_inteligente_pedidos.cpython-313.pyc",3073,"cache_python"
"PIPELINES/__pycache__/pipeline_motor_ocr_simulado.cpython-313.pyc",2585,"cache_python"
"PIPELINES/__pycache__/pipeline_motor_optimizacion_carta.cpython-313.pyc",2362,"cache_python"
"PIPELINES/__pycache__/pipeline_motor_recomendaciones_compras.cpython-313.pyc",1927,"cache_python"
"PIPELINES/__pycache__/pipeline_optimizador_inteligente_produccion.cpython-313.pyc",2440,"cache_python"
"PIPELINES/__pycache__/pipeline_optimizador_inteligente_recetas.cpython-313.pyc",2409,"cache_python"
"PIPELINES/__pycache__/pipeline_optimizador_stock.cpython-313.pyc",2091,"cache_python"
"PIPELINES/__pycache__/pipeline_parser_lineas_factura.cpython-313.pyc",2916,"cache_python"
"PIPELINES/__pycache__/pipeline_pdf_facturas.cpython-313.pyc",2918,"cache_python"
"PIPELINES/__pycache__/pipeline_persistencia.cpython-313.pyc",2539,"cache_python"
"PIPELINES/__pycache__/pipeline_planificador_inteligente_produccion.cpython-313.pyc",2620,"cache_python"
"PIPELINES/__pycache__/pipeline_prediccion_inteligente_precios.cpython-313.pyc",2872,"cache_python"
"PIPELINES/__pycache__/pipeline_prediccion_inteligente_rentabilidad.cpython-313.pyc",2392,"cache_python"
"PIPELINES/__pycache__/pipeline_prediccion_necesidades_stock.cpython-313.pyc",2290,"cache_python"
"PIPELINES/__pycache__/pipeline_prediccion_roturas_stock.cpython-313.pyc",2556,"cache_python"
"PIPELINES/__pycache__/pipeline_produccion_completa.cpython-313.pyc",2916,"cache_python"
"PIPELINES/__pycache__/pipeline_produccion_real.cpython-313.pyc",3316,"cache_python"
"PIPELINES/__pycache__/pipeline_proveedores_pdf.cpython-313.pyc",3749,"cache_python"
"PIPELINES/__pycache__/pipeline_reconciliador_inteligente_stock.cpython-313.pyc",2213,"cache_python"
"PIPELINES/__pycache__/pipeline_reconciliador_stock_factura.cpython-313.pyc",2556,"cache_python"
"PIPELINES/__pycache__/pipeline_relacionador_automatico_articulos_factura.cpython-313.pyc",4416,"cache_python"
"PIPELINES/__pycache__/pipeline_replanificador_inteligente_produccion.cpython-313.pyc",2418,"cache_python"
"PIPELINES/__pycache__/pipeline_resumen_ejecutivo_importaciones.cpython-313.pyc",2163,"cache_python"
"PIPELINES/__pycache__/pipeline_selector_inteligente_motores.cpython-313.pyc",2397,"cache_python"
"PIPELINES/__pycache__/pipeline_simulador_costes_escandallos.cpython-313.pyc",2226,"cache_python"
"PIPELINES/__pycache__/pipeline_stock.cpython-313.pyc",5607,"cache_python"
"PIPELINES/__pycache__/pipeline_stock_por_ubicaciones.cpython-313.pyc",3112,"cache_python"
"PIPELINES/__pycache__/pipeline_validador_corrector_ocr.cpython-313.pyc",2431,"cache_python"
"PIPELINES/__pycache__/pipeline_validador_lineas_factura.cpython-313.pyc",4081,"cache_python"
"PIPELINES/__pycache__/pipeline_validador_relaciones_articulos_factura.cpython-313.pyc",3345,"cache_python"
"PIPELINES/__pycache__/__init__.cpython-313.pyc",142,"cache_python"
"MOTORES/__pycache__/motor_asistente_conversacional.cpython-313.pyc",11952,"cache_python"
"MOTORES/__pycache__/motor_compras.cpython-313.pyc",5962,"cache_python"
"MOTORES/__pycache__/motor_costes_inteligente.cpython-313.pyc",16434,"cache_python"
"MOTORES/__pycache__/motor_escandallos_inteligente.cpython-313.pyc",8553,"cache_python"
"MOTORES/__pycache__/motor_eventos.cpython-313.pyc",7309,"cache_python"
"MOTORES/__pycache__/motor_ia_culinaria.cpython-313.pyc",14540,"cache_python"
"MOTORES/__pycache__/motor_memoria_operacional.cpython-313.pyc",1101,"cache_python"
"MOTORES/__pycache__/motor_persistencia.cpython-313.pyc",5985,"cache_python"
"MOTORES/__pycache__/motor_produccion_completa.cpython-313.pyc",7848,"cache_python"
"MOTORES/__pycache__/motor_produccion_real.cpython-313.pyc",13928,"cache_python"
"MOTORES/__pycache__/motor_simulador_produccion_evento.cpython-313.pyc",1591,"cache_python"
"MOTORES/__pycache__/motor_stock.cpython-313.pyc",11113,"cache_python"
"MOTORES/__pycache__/__init__.cpython-313.pyc",140,"cache_python"
"MODELOS/__pycache__/actualizacion_precios_factura.cpython-313.pyc",5856,"cache_python"
"MODELOS/__pycache__/actualizacion_stock_factura.cpython-313.pyc",5738,"cache_python"
"MODELOS/__pycache__/alertas_inteligentes_stock_305.cpython-313.pyc",2951,"cache_python"
"MODELOS/__pycache__/alertas_precios.cpython-313.pyc",2180,"cache_python"
"MODELOS/__pycache__/alertas_produccion_306.cpython-313.pyc",1737,"cache_python"
"MODELOS/__pycache__/alertas_stock.cpython-313.pyc",2093,"cache_python"
"MODELOS/__pycache__/analisis_compras.cpython-313.pyc",2467,"cache_python"
"MODELOS/__pycache__/analisis_inteligente_stock.cpython-313.pyc",3507,"cache_python"
"MODELOS/__pycache__/analisis_produccion_306.cpython-313.pyc",2374,"cache_python"
"MODELOS/__pycache__/anomalias_compras.cpython-313.pyc",3038,"cache_python"
"MODELOS/__pycache__/api_interna.cpython-313.pyc",2939,"cache_python"
"MODELOS/__pycache__/asistente_conversacional.cpython-313.pyc",3224,"cache_python"
"MODELOS/__pycache__/asistente_importacion_excel.cpython-313.pyc",2950,"cache_python"
"MODELOS/__pycache__/auditoria_importaciones.cpython-313.pyc",2400,"cache_python"
"MODELOS/__pycache__/cierre_gestion_stock.cpython-313.pyc",1240,"cache_python"
"MODELOS/__pycache__/cierre_importador_universal.cpython-313.pyc",2354,"cache_python"
"MODELOS/__pycache__/cierre_inteligencia_compras.cpython-313.pyc",3408,"cache_python"
"MODELOS/__pycache__/comparador_proveedores_inteligente.cpython-313.pyc",2913,"cache_python"
"MODELOS/__pycache__/compras.cpython-313.pyc",3445,"cache_python"
"MODELOS/__pycache__/conflictos_excel.cpython-313.pyc",3480,"cache_python"
"MODELOS/__pycache__/control_movimientos_stock_305.cpython-313.pyc",3274,"cache_python"
"MODELOS/__pycache__/costes_inteligentes.cpython-313.pyc",7215,"cache_python"
"MODELOS/__pycache__/deteccion_excel.cpython-313.pyc",3633,"cache_python"
"MODELOS/__pycache__/ejecucion_produccion_306.cpython-313.pyc",3295,"cache_python"
"MODELOS/__pycache__/escandallos_inteligentes.cpython-313.pyc",6098,"cache_python"
"MODELOS/__pycache__/escandallos_inteligentes_307.cpython-313.pyc",6934,"cache_python"
"MODELOS/__pycache__/excel_importacion.cpython-313.pyc",3824,"cache_python"
"MODELOS/__pycache__/historico_precios.cpython-313.pyc",3119,"cache_python"
"MODELOS/__pycache__/historico_stock.cpython-313.pyc",3062,"cache_python"
"MODELOS/__pycache__/ia_conversacional_308.cpython-313.pyc",7827,"cache_python"
"MODELOS/__pycache__/ia_culinaria.cpython-313.pyc",4416,"cache_python"
"MODELOS/__pycache__/importacion_articulos_excel.cpython-313.pyc",4418,"cache_python"
"MODELOS/__pycache__/importacion_escandallos_excel.cpython-313.pyc",3029,"cache_python"
"MODELOS/__pycache__/importacion_inventario_excel.cpython-313.pyc",4985,"cache_python"
"MODELOS/__pycache__/importacion_universal_facturas.cpython-313.pyc",3689,"cache_python"
"MODELOS/__pycache__/lineas_factura.cpython-313.pyc",6829,"cache_python"
"MODELOS/__pycache__/mapeo_columnas_excel.cpython-313.pyc",4196,"cache_python"
"MODELOS/__pycache__/motor_pedidos_inteligente.cpython-313.pyc",3103,"cache_python"
"MODELOS/__pycache__/ocr_documentos.cpython-313.pyc",2193,"cache_python"
"MODELOS/__pycache__/optimizacion_produccion_306.cpython-313.pyc",3301,"cache_python"
"MODELOS/__pycache__/optimizacion_stock.cpython-313.pyc",1988,"cache_python"
"MODELOS/__pycache__/pdf_facturas.cpython-313.pyc",3507,"cache_python"
"MODELOS/__pycache__/planificacion_produccion_306.cpython-313.pyc",3359,"cache_python"
"MODELOS/__pycache__/prediccion_necesidades_stock.cpython-313.pyc",2237,"cache_python"
"MODELOS/__pycache__/prediccion_precios.cpython-313.pyc",2965,"cache_python"
"MODELOS/__pycache__/produccion_completa.cpython-313.pyc",3218,"cache_python"
"MODELOS/__pycache__/produccion_real.cpython-313.pyc",6546,"cache_python"
"MODELOS/__pycache__/proveedores_pdf.cpython-313.pyc",2956,"cache_python"
"MODELOS/__pycache__/recomendaciones_compras.cpython-313.pyc",1938,"cache_python"
"MODELOS/__pycache__/reconciliacion_stock_305.cpython-313.pyc",3243,"cache_python"
"MODELOS/__pycache__/reconciliacion_stock_factura.cpython-313.pyc",5146,"cache_python"
"MODELOS/__pycache__/relacion_articulos_factura.cpython-313.pyc",8300,"cache_python"
"MODELOS/__pycache__/resultado_ocr.cpython-313.pyc",2207,"cache_python"
"MODELOS/__pycache__/resumen_importaciones.cpython-313.pyc",2463,"cache_python"
"MODELOS/__pycache__/roturas_stock.cpython-313.pyc",2903,"cache_python"
"MODELOS/__pycache__/stock.cpython-313.pyc",3276,"cache_python"
"MODELOS/__pycache__/stock_ubicaciones.cpython-313.pyc",2661,"cache_python"
"MODELOS/__pycache__/validacion_lineas_factura.cpython-313.pyc",6683,"cache_python"
"MODELOS/__pycache__/validacion_ocr.cpython-313.pyc",2133,"cache_python"
"MODELOS/__pycache__/validacion_relaciones_articulos.cpython-313.pyc",5570,"cache_python"
"MODELOS/__pycache__/__init__.cpython-313.pyc",140,"cache_python"
"CORE/__pycache__/director_host_ai.cpython-313.pyc",1581,"cache_python"
"CORE/__pycache__/host_ai_core.cpython-313.pyc",38098,"cache_python"
"CORE/__pycache__/orquestador.cpython-313.pyc",23486,"cache_python"
"CORE/__pycache__/registro_pipelines.cpython-313.pyc",3814,"cache_python"
"CORE/__pycache__/__init__.cpython-313.pyc",137,"cache_python"
"APP/__pycache__/acciones_automaticas_seguras_492.cpython-313.pyc",1023,"cache_python"
"APP/__pycache__/consola.cpython-313.pyc",29161,"cache_python"
"APP/__pycache__/flujo_diario_automatico_494.cpython-313.pyc",921,"cache_python"
"APP/__pycache__/motor_decisiones_operativas_491.cpython-313.pyc",968,"cache_python"
"APP/__pycache__/respuestas_jefe_cocina_493.cpython-313.pyc",740,"cache_python"
"APP/__pycache__/__init__.cpython-313.pyc",134,"cache_python"
